date,price_brl,price_usd
2016-09-09,499.16,152.37
2016-09-12,496.81,153.1
2016-09-13,498.6,150.41
2016-09-14,499.14,149.53
2016-09-15,502.93,152.13
2016-09-16,500.98,153.49
2016-09-19,508.03,155.27
2016-09-20,514.24,158.13
2016-09-21,509.65,158.62
2016-09-22,510.68,158.65
2016-09-23,496.42,153.36
2016-09-26,504.65,155.47
2016-09-27,506.98,157.01
2016-09-28,508.5,157.67
2016-09-29,502.48,154.28
2016-09-30,503.07,154.74
2016-10-03,492.44,153.89
2016-10-04,497.11,152.72
2016-10-05,496.75,154.22
2016-10-06,492.05,152.62
2016-10-07,491.59,152.91
2016-10-10,505.54,157.78
2016-10-11,503.77,157.53
2016-10-13,498.77,156.9
2016-10-14,509.27,159.0
2016-10-17,510.46,159.32
2016-10-18,515.16,161.95
2016-10-19,512.61,161.71
2016-10-20,507.5,161.73
2016-10-21,509.61,161.02
2016-10-24,512.09,164.18
2016-10-25,526.71,169.47
2016-10-26,529.03,168.32
2016-10-27,535.27,169.77
2016-10-28,540.4,169.03
2016-10-31,535.3,168.07
2016-11-01,538.88,166.32
2016-11-03,547.52,169.2
2016-11-04,567.17,176.14
2016-11-07,577.74,180.26
2016-11-08,561.69,177.08
2016-11-09,562.56,175.03
2016-11-10,562.61,167.29
2016-11-11,563.29,165.29
2016-11-14,563.25,163.69
2016-11-16,564.72,164.74
2016-11-17,564.63,165.14
2016-11-18,567.32,167.8
2016-11-21,556.05,165.89
2016-11-22,559.99,166.76
2016-11-23,550.79,162.52
2016-11-24,552.63,163.06
2016-11-25,549.78,161.08
2016-11-28,549.13,162.32
2016-11-29,539.71,158.88
2016-11-30,535.43,158.13
2016-12-01,526.27,151.62
2016-12-02,528.18,152.48
2016-12-05,521.71,152.19
2016-12-06,518.86,152.29
2016-12-07,511.02,149.73
2016-12-08,511.5,151.15
2016-12-09,500.74,148.72
2016-12-12,497.76,148.76
2016-12-13,502.75,151.25
2016-12-14,501.93,150.23
2016-12-15,497.37,147.46
2016-12-16,492.98,145.38
2016-12-19,499.42,148.11
2016-12-20,502.71,150.2
2016-12-21,502.75,151.07
2016-12-22,494.76,150.06
2016-12-23,490.23,149.87
2016-12-26,489.13,149.31
2016-12-27,479.45,146.35
2016-12-28,482.62,147.05
2016-12-29,485.67,149.48
2017-01-02,481.58,146.6
2017-01-03,472.28,145.01
2017-01-04,491.74,152.62
2017-01-05,501.39,156.78
2017-01-06,505.41,156.86
2017-01-09,504.4,157.87
2017-01-10,509.37,159.48
2017-01-11,513.61,161.31
2017-01-12,515.74,162.64
2017-01-13,516.55,160.77
2017-01-16,515.06,159.17
2017-01-17,519.18,161.74
2017-01-18,519.45,161.37
2017-01-19,521.97,163.27
2017-01-20,525.37,165.31
2017-01-23,530.42,167.48
2017-01-24,528.04,166.63
2017-01-25,533.36,168.31
2017-01-26,531.8,167.28
2017-01-27,532.73,168.96
2017-01-30,523.9,168.08
2017-01-31,519.75,165.16
2017-02-01,522.63,165.97
2017-02-02,512.82,164.47
2017-02-03,514.46,165.21
2017-02-06,507.9,162.58
2017-02-07,503.76,161.36
2017-02-08,510.37,163.79
2017-02-09,513.38,164.02
2017-02-10,512.5,164.95
2017-02-13,509.94,163.91
2017-02-14,505.42,163.2
2017-02-15,500.32,163.18
2017-02-16,501.31,162.92
2017-02-17,503.45,162.82
2017-02-20,501.43,162.54
2017-02-21,510.59,165.35
2017-02-22,510.67,166.4
2017-02-23,510.09,166.7
2017-02-24,504.73,162.29
2017-03-01,492.64,159.22
2017-03-02,492.11,156.38
2017-03-03,492.31,158.05
2017-03-06,490.09,156.83
2017-03-07,488.8,156.92
2017-03-08,492.72,155.88
2017-03-09,491.02,153.78
2017-03-10,491.75,156.61
2017-03-13,491.01,155.78
2017-03-14,490.58,154.46
2017-03-15,488.66,156.92
2017-03-16,488.43,156.6
2017-03-17,488.7,157.7
2017-03-20,489.94,159.64
2017-03-21,490.45,159.03
2017-03-22,484.29,156.47
2017-03-23,482.03,153.71
2017-03-24,472.83,152.18
2017-03-27,474.63,151.59
2017-03-28,477.62,152.06
2017-03-29,475.1,152.37
2017-03-30,475.04,151.43
2017-03-31,475.36,152.02
2017-04-03,476.12,152.99
2017-04-04,474.36,153.12
2017-04-05,471.31,151.84
2017-04-06,473.39,150.52
2017-04-07,473.4,150.1
2017-04-10,472.21,150.63
2017-04-11,473.86,150.43
2017-04-12,474.25,150.65
2017-04-13,473.27,150.48
2017-04-17,474.58,152.94
2017-04-18,479.24,153.6
2017-04-19,468.37,149.16
2017-04-20,461.71,146.34
2017-04-24,455.23,145.35
2017-04-25,452.38,143.52
2017-04-26,453.92,142.97
2017-04-27,452.04,142.38
2017-04-28,457.68,144.24
2017-05-02,457.39,145.02
2017-05-03,460.07,145.78
2017-05-04,455.62,143.05
2017-05-05,459.44,144.75
2017-05-08,462.07,144.53
2017-05-09,454.11,142.67
2017-05-10,458.39,144.83
2017-05-11,454.18,144.09
2017-05-12,456.0,145.87
2017-05-15,451.94,145.41
2017-05-16,444.43,143.46
2017-05-17,448.55,143.72
2017-05-18,458.21,135.48
2017-05-19,457.95,140.47
2017-05-22,454.86,138.72
2017-05-23,453.75,139.06
2017-05-24,453.09,138.18
2017-05-25,456.99,138.94
2017-05-26,458.95,140.48
2017-05-29,457.6,139.94
2017-05-30,458.54,140.57
2017-05-31,453.01,139.95
2017-06-01,451.23,138.93
2017-06-02,447.03,137.51
2017-06-05,455.87,138.65
2017-06-06,450.62,137.43
2017-06-07,447.75,136.63
2017-06-08,451.41,138.34
2017-06-09,452.53,137.88
2017-06-12,455.24,137.41
2017-06-13,451.04,136.47
2017-06-14,450.27,136.9
2017-06-16,446.42,135.77
2017-06-19,447.6,136.09
2017-06-20,445.37,133.59
2017-06-21,439.65,132.03
2017-06-22,424.37,127.36
2017-06-23,435.75,130.5
2017-06-26,439.36,133.1
2017-06-27,441.5,133.06
2017-06-28,440.51,134.1
2017-06-29,443.49,134.27
2017-06-30,445.86,134.62
2017-07-03,448.38,135.87
2017-07-04,445.81,134.77
2017-07-05,452.52,137.38
2017-07-06,449.59,136.28
2017-07-07,447.23,136.18
2017-07-10,446.63,137.0
2017-07-11,442.86,136.1
2017-07-12,441.4,137.68
2017-07-13,450.22,140.17
2017-07-14,455.56,143.21
2017-07-17,455.1,143.02
2017-07-18,451.34,143.05
2017-07-19,456.78,145.19
2017-07-20,455.07,145.39
2017-07-21,455.84,145.26
2017-07-24,450.04,143.01
2017-07-25,445.67,140.64
2017-07-26,452.59,144.14
2017-07-27,458.84,145.34
2017-07-28,464.11,148.14
2017-07-31,464.41,149.04
2017-08-01,460.07,147.36
2017-08-02,467.19,149.64
2017-08-03,468.48,150.44
2017-08-04,467.85,149.71
2017-08-07,473.49,151.61
2017-08-08,478.66,153.22
2017-08-09,478.06,151.81
2017-08-10,471.79,148.92
2017-08-11,473.88,149.49
2017-08-14,466.94,146.33
2017-08-15,459.26,144.6
2017-08-16,455.78,144.65
2017-08-17,450.61,141.74
2017-08-18,451.73,143.64
2017-08-21,448.64,141.62
2017-08-22,448.96,141.76
2017-08-23,446.41,142.3
2017-08-24,443.36,141.02
2017-08-25,448.86,142.36
2017-08-28,451.59,142.86
2017-08-29,448.87,142.0
2017-08-30,445.43,141.0
2017-08-31,445.72,141.5
2017-09-01,445.47,141.73
2017-09-04,445.57,142.13
2017-09-05,443.98,142.39
2017-09-06,445.17,143.46
2017-09-08,445.43,144.06
2017-09-11,444.12,143.26
2017-09-12,448.83,143.44
2017-09-13,460.68,147.14
2017-09-14,462.28,148.36
2017-09-15,468.86,150.52
2017-09-18,468.52,149.59
2017-09-19,458.9,146.19
2017-09-20,461.31,147.29
2017-09-21,460.06,146.33
2017-09-22,459.69,147.05
2017-09-25,451.27,142.99
2017-09-26,450.23,142.07
2017-09-27,451.26,141.42
2017-09-28,449.1,141.18
2017-09-29,448.53,141.63
2017-10-02,445.1,141.12
2017-10-03,442.08,140.52
2017-10-04,438.28,140.03
2017-10-05,440.47,139.65
2017-10-06,448.55,142.08
2017-10-09,454.28,142.59
2017-10-10,454.45,142.95
2017-10-11,445.79,140.8
2017-10-13,444.54,141.08
2017-10-16,439.72,138.76
2017-10-17,440.54,139.06
2017-10-18,440.14,139.07
2017-10-19,445.65,140.36
2017-10-20,446.29,140.03
2017-10-23,443.85,137.63
2017-10-24,443.15,136.02
2017-10-25,444.47,137.05
2017-10-26,448.51,136.91
2017-10-27,455.06,140.23
2017-10-30,452.83,138.1
2017-10-31,451.2,137.77
2017-11-01,445.63,136.45
2017-11-03,446.92,135.43
2017-11-06,452.79,138.89
2017-11-07,449.09,136.88
2017-11-08,449.65,137.97
2017-11-09,452.4,138.99
2017-11-10,454.08,138.48
2017-11-13,455.25,138.16
2017-11-14,457.89,138.5
2017-11-16,453.72,138.5
2017-11-17,452.3,138.74
2017-11-20,449.03,137.64
2017-11-21,452.97,139.37
2017-11-22,451.73,139.64
2017-11-23,451.47,140.17
2017-11-24,454.06,140.62
2017-11-27,454.18,141.14
2017-11-28,457.98,142.63
2017-11-29,460.12,141.75
2017-11-30,456.27,139.23
2017-12-01,458.94,140.87
2017-12-04,454.98,140.3
2017-12-05,455.35,140.97
2017-12-06,452.54,139.63
2017-12-07,447.65,136.15
2017-12-08,443.6,134.42
2017-12-11,445.61,135.07
2017-12-12,440.83,132.5
2017-12-13,443.5,133.95
2017-12-14,445.64,133.39
2017-12-15,444.19,134.36
2017-12-18,445.45,135.11
2017-12-19,445.94,135.09
2017-12-20,447.15,135.87
2017-12-21,445.62,134.63
2017-12-22,443.34,133.14
2017-12-26,444.62,134.04
2017-12-27,448.24,135.38
2017-12-28,446.7,135.0
2018-01-02,455.34,139.68
2018-01-03,453.41,139.85
2018-01-04,454.29,140.78
2018-01-05,454.8,140.76
2018-01-08,449.1,138.87
2018-01-09,448.34,138.04
2018-01-10,448.24,138.86
2018-01-11,445.41,138.15
2018-01-12,443.64,138.29
2018-01-15,444.7,138.58
2018-01-16,442.55,137.06
2018-01-17,445.29,138.5
2018-01-18,443.82,138.22
2018-01-19,443.86,138.75
2018-01-22,445.71,138.94
2018-01-23,443.62,136.84
2018-01-24,443.31,139.54
2018-01-25,441.12,140.53
2018-01-26,444.62,141.33
2018-01-29,443.88,140.2
2018-01-30,442.06,139.14
2018-01-31,444.18,139.37
2018-02-01,439.89,138.81
2018-02-02,439.64,136.87
2018-02-05,440.31,135.69
2018-02-06,442.67,136.63
2018-02-07,442.33,134.94
2018-02-08,442.31,134.77
2018-02-09,444.83,134.47
2018-02-14,442.81,137.09
2018-02-15,441.95,136.53
2018-02-16,434.47,134.97
2018-02-19,433.9,134.17
2018-02-20,433.39,133.23
2018-02-21,433.9,133.47
2018-02-22,435.45,134.15
2018-02-23,435.47,134.36
2018-02-26,434.37,134.19
2018-02-27,435.7,134.18
2018-02-28,436.49,134.8
2018-03-01,437.48,134.36
2018-03-02,437.18,134.47
2018-03-05,429.48,132.27
2018-03-06,431.9,134.63
2018-03-07,432.83,133.38
2018-03-08,430.98,132.04
2018-03-09,430.28,132.39
2018-03-12,429.83,132.05
2018-03-13,434.54,133.13
2018-03-14,431.57,132.22
2018-03-15,426.73,129.67
2018-03-16,427.1,130.45
2018-03-19,427.36,130.02
2018-03-20,426.22,128.85
2018-03-21,427.16,130.59
2018-03-22,429.91,130.2
2018-03-23,424.28,128.03
2018-03-26,425.43,128.8
2018-03-27,429.78,129.06
2018-03-28,428.96,128.82
2018-03-29,427.18,129.41
2018-04-02,424.46,127.93
2018-04-03,426.01,127.7
2018-04-04,425.57,127.53
2018-04-05,425.44,127.26
2018-04-06,428.07,127.02
2018-04-09,429.15,126.18
2018-04-10,431.07,126.56
2018-04-11,429.5,127.11
2018-04-12,433.34,127.38
2018-04-13,430.78,125.85
2018-04-16,428.19,125.13
2018-04-17,428.92,126.01
2018-04-18,425.59,125.99
2018-04-19,427.57,126.16
2018-04-20,427.02,125.15
2018-04-23,432.81,125.53
2018-04-24,437.75,126.19
2018-04-25,436.6,125.21
2018-04-26,437.32,125.7
2018-04-27,439.13,126.84
2018-04-30,440.67,125.69
2018-05-02,449.3,126.63
2018-05-03,453.95,128.74
2018-05-04,451.15,128.09
2018-05-07,445.31,125.3
2018-05-08,447.24,125.24
2018-05-09,445.49,123.61
2018-05-10,444.31,125.3
2018-05-11,448.47,124.47
2018-05-14,443.0,122.21
2018-05-15,445.21,121.58
2018-05-16,445.28,121.07
2018-05-17,452.17,122.04
2018-05-18,455.8,121.77
2018-05-21,458.01,124.22
2018-05-22,455.47,125.13
2018-05-23,451.98,124.62
2018-05-24,454.34,124.61
2018-05-25,456.17,124.2
2018-05-28,454.95,121.74
2018-05-29,457.17,122.04
2018-05-30,456.63,122.09
2018-06-01,459.52,122.08
2018-06-04,458.06,122.48
2018-06-05,459.14,120.48
2018-06-06,460.5,120.61
2018-06-07,465.92,118.86
2018-06-08,455.68,122.59
2018-06-11,451.09,121.29
2018-06-12,455.19,122.49
2018-06-13,449.82,121.02
2018-06-14,450.93,118.76
2018-06-15,449.29,120.71
2018-06-18,448.99,119.79
2018-06-19,446.42,119.27
2018-06-20,446.05,118.1
2018-06-21,447.97,118.89
2018-06-22,445.34,117.94
2018-06-25,449.58,118.87
2018-06-26,450.63,118.71
2018-06-27,451.51,117.22
2018-06-28,450.12,116.55
2018-06-29,451.14,116.42
2018-07-02,445.88,114.01
2018-07-03,445.56,114.45
2018-07-04,446.06,114.02
2018-07-05,441.79,112.33
2018-07-06,443.08,113.43
2018-07-09,447.56,115.67
2018-07-10,444.53,117.04
2018-07-11,444.84,114.65
2018-07-12,443.5,114.16
2018-07-13,441.86,114.71
2018-07-16,444.21,115.05
2018-07-17,441.1,114.84
2018-07-18,431.85,112.67
2018-07-19,434.8,112.47
2018-07-20,434.76,114.99
2018-07-23,437.73,115.62
2018-07-24,434.48,116.05
2018-07-25,433.78,117.05
2018-07-26,430.71,115.13
2018-07-27,432.78,116.56
2018-07-30,432.52,116.02
2018-07-31,430.02,114.55
2018-08-01,426.83,113.7
2018-08-02,421.88,112.29
2018-08-03,420.04,113.37
2018-08-06,421.53,113.04
2018-08-07,422.75,112.34
2018-08-08,420.56,111.56
2018-08-09,423.83,111.54
2018-08-10,426.36,110.51
2018-08-13,427.63,109.62
2018-08-14,426.15,110.23
2018-08-15,424.4,108.79
2018-08-16,416.55,106.75
2018-08-17,415.24,105.95
2018-08-20,410.34,103.67
2018-08-21,408.01,101.42
2018-08-22,408.15,100.58
2018-08-23,415.58,100.99
2018-08-24,425.5,103.68
2018-08-27,426.77,104.47
2018-08-28,424.23,102.37
2018-08-29,425.67,103.37
2018-08-30,426.13,102.43
2018-08-31,422.44,103.84
2018-09-03,423.4,102.05
2018-09-04,421.64,101.48
2018-09-05,426.68,103.26
2018-09-06,424.5,103.16
2018-09-10,421.94,103.04
2018-09-11,422.04,101.45
2018-09-12,422.52,101.89
2018-09-13,422.28,100.59
2018-09-14,418.56,100.49
2018-09-17,414.08,100.51
2018-09-18,412.02,99.74
2018-09-19,406.31,98.5
2018-09-20,411.32,100.91
2018-09-21,409.74,101.42
2018-09-24,406.47,99.58
2018-09-25,408.78,100.12
2018-09-26,403.95,100.36
2018-09-27,404.51,101.46
2018-09-28,411.69,101.83
2018-10-01,417.71,103.91
2018-10-02,425.0,108.14
2018-10-03,423.86,108.74
2018-10-04,425.22,109.28
2018-10-05,430.81,111.47
2018-10-08,431.79,114.81
2018-10-09,433.63,116.88
2018-10-10,433.03,115.23
2018-10-11,431.12,114.35
2018-10-15,449.66,120.36
2018-10-16,443.81,119.3
2018-10-17,454.49,123.43
2018-10-18,455.67,122.85
2018-10-19,458.1,123.51
2018-10-22,447.39,121.24
2018-10-23,456.81,123.53
2018-10-24,456.48,122.25
2018-10-25,455.9,123.22
2018-10-26,453.26,124.25
2018-10-29,440.66,118.81
2018-10-30,442.26,119.69
2018-10-31,440.42,118.74
2018-11-01,446.22,120.99
2018-11-05,447.45,120.32
2018-11-06,445.56,118.69
2018-11-07,446.82,119.44
2018-11-08,451.11,120.52
2018-11-09,445.33,119.2
2018-11-12,435.84,116.22
2018-11-13,435.63,114.04
2018-11-14,444.24,117.28
2018-11-16,441.19,118.09
2018-11-19,436.39,115.97
2018-11-20,440.47,117.17
2018-11-21,440.34,116.34
2018-11-22,438.82,115.33
2018-11-23,435.32,114.08
2018-11-26,436.14,111.72
2018-11-27,446.3,114.82
2018-11-28,443.71,115.52
2018-11-29,442.45,114.83
2018-11-30,432.54,112.12
2018-12-03,432.39,112.92
2018-12-04,430.06,111.41
2018-12-05,428.08,110.64
2018-12-06,429.43,110.42
2018-12-07,427.62,110.16
2018-12-10,427.61,109.0
2018-12-11,419.85,107.21
2018-12-12,419.58,108.98
2018-12-13,420.01,108.33
2018-12-14,418.5,107.23
2018-12-17,414.53,106.43
2018-12-18,413.37,105.97
2018-12-19,412.39,106.45
2018-12-20,412.53,107.12
2018-12-21,413.1,106.17
2018-12-26,417.17,106.45
2018-12-27,414.14,106.24
2018-12-28,415.45,107.21
2019-01-02,407.8,106.89
2019-01-03,406.66,108.27
2019-01-04,407.57,109.74
2019-01-07,405.63,108.78
2019-01-08,411.77,110.99
2019-01-09,411.99,111.8
2019-01-10,409.93,110.22
2019-01-11,408.58,109.98
2019-01-14,407.67,110.3
2019-01-15,402.67,107.98
2019-01-16,404.07,108.36
2019-01-17,407.61,108.93
2019-01-18,415.41,110.57
2019-01-21,417.27,110.98
2019-01-22,412.64,108.67
2019-01-23,413.97,109.89
2019-01-24,418.21,110.93
2019-01-25,418.56,111.24
2019-01-28,413.73,109.92
2019-01-29,410.74,110.3
2019-01-30,411.55,110.54
2019-01-31,415.13,113.7
2019-02-01,415.64,113.56
2019-02-04,417.87,113.83
2019-02-05,418.51,114.25
2019-02-06,420.46,113.61
2019-02-07,418.48,112.92
2019-02-08,418.21,112.0
2019-02-11,409.73,108.97
2019-02-12,408.98,110.33
2019-02-13,408.62,108.88
2019-02-14,405.12,108.24
2019-02-15,405.26,109.41
2019-02-18,404.19,108.24
2019-02-19,403.12,108.75
2019-02-20,402.51,108.0
2019-02-21,401.84,107.07
2019-02-22,403.63,108.07
2019-02-25,401.42,107.36
2019-02-26,396.32,105.74
2019-02-27,397.4,106.57
2019-02-28,396.68,105.78
2019-03-01,398.43,105.57
2019-03-06,400.33,104.31
2019-03-07,401.27,102.97
2019-03-08,403.09,104.21
2019-03-11,401.91,104.64
2019-03-12,395.58,103.8
2019-03-13,398.22,104.6
2019-03-14,399.14,103.78
2019-03-15,398.96,104.49
2019-03-18,395.22,104.31
2019-03-19,393.28,103.93
2019-03-20,387.99,103.46
2019-03-21,388.89,102.5
2019-03-22,389.35,99.73
2019-03-25,390.88,101.29
2019-03-26,392.84,101.59
2019-03-27,394.11,99.77
2019-03-28,393.99,100.76
2019-03-29,393.08,100.4
2019-04-01,387.09,99.95
2019-04-02,384.58,99.74
2019-04-03,392.46,101.41
2019-04-04,392.56,101.91
2019-04-05,388.85,100.58
2019-04-08,385.4,100.18
2019-04-09,389.57,101.06
2019-04-10,389.32,101.97
2019-04-11,376.92,97.7
2019-04-12,377.13,97.02
2019-04-15,380.58,98.34
2019-04-16,381.09,97.79
2019-04-17,375.48,95.49
2019-04-18,382.11,97.23
2019-04-22,383.57,97.57
2019-04-23,384.33,97.99
2019-04-24,384.41,96.44
2019-04-25,384.32,97.2
2019-04-26,383.0,97.43
2019-04-29,381.97,96.92
2019-04-30,386.67,98.67
2019-05-02,382.13,96.5
2019-05-03,382.47,97.17
2019-05-06,381.01,96.29
2019-05-07,376.64,94.9
2019-05-08,376.58,95.85
2019-05-09,380.81,96.43
2019-05-10,382.45,97.04
2019-05-13,380.66,95.57
2019-05-14,383.24,96.46
2019-05-15,384.08,96.21
2019-05-16,385.13,95.38
2019-05-17,384.26,93.72
2019-05-20,383.04,93.38
2019-05-21,389.37,96.09
2019-05-22,388.47,96.11
2019-05-23,391.64,96.82
2019-05-24,392.17,97.7
2019-05-27,391.77,97.14
2019-05-28,400.97,99.82
2019-05-29,409.81,103.1
2019-05-30,414.31,104.2
2019-05-31,417.8,106.42
2019-06-03,422.55,108.46
2019-06-04,427.58,110.83
2019-06-05,403.57,103.48
2019-06-06,413.84,106.69
2019-06-07,411.63,106.31
2019-06-10,408.39,105.31
2019-06-11,405.25,105.34
2019-06-12,407.84,105.71
2019-06-13,403.44,104.63
2019-06-14,403.38,103.62
2019-06-17,401.64,102.96
2019-06-18,396.8,102.77
2019-06-19,397.42,103.15
2019-06-21,402.12,105.27
2019-06-24,410.65,107.39
2019-06-25,424.04,110.11
2019-06-26,423.57,110.08
2019-06-27,428.69,111.9
2019-06-28,434.39,113.24
2019-07-01,440.87,114.66
2019-07-02,438.08,113.7
2019-07-03,452.92,118.53
2019-07-04,451.45,118.99
2019-07-05,443.63,116.22
2019-07-08,433.2,113.82
2019-07-09,432.27,114.18
2019-07-10,422.98,112.7
2019-07-11,422.18,112.58
2019-07-12,421.59,112.69
2019-07-15,430.26,114.52
2019-07-16,415.95,110.54
2019-07-17,422.54,112.41
2019-07-18,426.0,114.24
2019-07-19,424.77,113.36
2019-07-22,415.99,111.29
2019-07-23,408.85,108.36
2019-07-24,408.96,108.45
2019-07-25,408.98,108.11
2019-07-26,405.8,107.7
2019-07-29,409.25,108.3
2019-07-30,405.28,106.82
2019-07-31,402.56,105.99
2019-08-01,400.7,104.29
2019-08-02,407.25,104.85
2019-08-05,402.81,101.69
2019-08-06,404.66,102.29
2019-08-07,407.06,102.38
2019-08-08,410.31,104.54
2019-08-09,408.13,103.61
2019-08-12,402.43,101.16
2019-08-13,405.06,102.21
2019-08-14,408.46,101.18
2019-08-15,409.13,102.46
2019-08-16,404.98,101.24
2019-08-19,401.37,98.71
2019-08-20,405.93,100.48
2019-08-21,406.26,100.96
2019-08-22,405.64,99.62
2019-08-23,409.89,99.56
2019-08-26,418.13,100.73
2019-08-27,419.23,101.04
2019-08-28,422.1,101.57
2019-08-29,415.64,99.84
2019-08-30,417.18,100.99
2019-09-02,417.58,99.85
2019-09-03,420.55,100.63
2019-09-04,418.66,102.01
2019-09-05,415.47,101.31
2019-09-06,416.63,102.29
2019-09-09,419.61,102.42
2019-09-10,431.28,105.22
2019-09-11,437.66,107.72
2019-09-12,439.65,108.37
2019-09-13,438.02,107.07
2019-09-16,440.51,107.71
2019-09-17,431.94,105.87
2019-09-18,432.57,105.22
2019-09-19,429.95,103.43
2019-09-20,433.0,104.26
2019-09-23,432.66,103.73
2019-09-24,432.86,103.73
2019-09-25,438.21,105.47
2019-09-26,437.5,105.17
2019-09-27,440.42,106.0
2019-09-30,438.49,105.64
2019-10-01,439.25,105.51
2019-10-02,437.29,105.75
2019-10-03,437.18,107.05
2019-10-04,426.74,105.08
2019-10-07,420.43,102.49
2019-10-08,415.74,101.65
2019-10-09,415.53,101.5
2019-10-10,411.92,99.93
2019-10-11,413.72,101.28
2019-10-14,414.88,100.53
2019-10-15,414.94,99.79
2019-10-16,413.31,99.4
2019-10-17,414.04,99.53
2019-10-18,419.99,102.06
2019-10-21,416.03,100.61
2019-10-22,422.18,103.65
2019-10-23,420.48,104.29
2019-10-24,417.81,103.52
2019-10-25,424.23,105.85
2019-10-28,422.64,105.95
2019-10-29,421.58,105.47
2019-10-30,424.07,106.31
2019-10-31,432.49,107.8
2019-11-01,438.38,109.62
2019-11-04,436.51,108.91
2019-11-05,445.87,111.72
2019-11-06,457.37,111.96
2019-11-07,462.84,113.22
2019-11-08,474.27,114.12
2019-11-11,464.62,112.31
2019-11-12,464.57,111.41
2019-11-13,473.13,113.0
2019-11-14,471.21,112.46
2019-11-18,466.89,111.16
2019-11-19,462.37,110.17
2019-11-20,475.8,113.19
2019-11-21,490.53,116.9
2019-11-22,489.53,116.8
2019-11-25,504.52,119.78
2019-11-26,499.61,117.72
2019-11-27,507.54,119.22
2019-11-28,506.68,120.24
2019-11-29,510.02,120.43
2019-12-02,522.45,123.86
2019-12-03,526.37,125.09
2019-12-04,524.09,124.64
2019-12-05,531.52,126.98
2019-12-06,536.7,129.54
2019-12-09,545.0,131.87
2019-12-10,557.99,134.62
2019-12-11,562.1,136.0
2019-12-12,568.74,139.23
2019-12-13,550.06,133.93
2019-12-16,571.63,140.76
2019-12-17,555.14,136.6
2019-12-18,554.39,136.31
2019-12-19,541.17,133.26
2019-12-20,543.29,132.61
2019-12-23,536.11,131.56
2019-12-26,539.83,132.87
2019-12-27,543.45,134.25
2019-12-30,548.21,136.51
2020-01-02,534.42,132.84
2020-01-03,534.07,131.77
2020-01-06,514.24,126.32
2020-01-07,509.5,125.49
2020-01-08,502.34,124.07
2020-01-09,498.57,121.99
2020-01-10,502.57,123.15
2020-01-13,493.84,119.37
2020-01-14,491.04,118.93
2020-01-15,489.77,117.25
2020-01-16,487.7,116.28
2020-01-17,488.66,117.44
2020-01-20,488.08,116.51
2020-01-21,485.12,115.51
2020-01-22,487.44,116.7
2020-01-23,488.23,117.22
2020-01-24,485.06,115.88
2020-01-27,475.01,112.96
2020-01-28,475.97,113.49
2020-01-29,471.06,111.57
2020-01-30,470.22,110.35
2020-01-31,473.81,110.63
2020-02-03,453.7,106.78
2020-02-04,452.94,106.4
2020-02-05,455.96,107.44
2020-02-06,458.7,107.25
2020-02-07,461.41,106.83
2020-02-10,464.85,107.43
2020-02-11,467.4,108.05
2020-02-12,469.31,107.96
2020-02-13,484.06,111.43
2020-02-14,498.94,116.03
2020-02-17,498.77,115.3
2020-02-18,488.0,111.98
2020-02-19,493.29,112.91
2020-02-20,486.89,111.01
2020-02-21,501.1,114.14
2020-02-26,505.14,113.79
2020-02-27,511.41,114.41
2020-02-28,522.42,116.3
2020-03-02,533.54,118.96
2020-03-03,548.53,121.63
2020-03-04,547.9,119.68
2020-03-05,537.74,115.69
2020-03-06,525.3,113.48
2020-03-09,532.71,112.27
2020-03-10,544.28,117.2
2020-03-11,541.48,114.38
2020-03-12,544.55,113.02
2020-03-13,540.39,111.37
2020-03-16,543.26,108.0
2020-03-17,538.1,107.6
2020-03-18,558.49,106.83
2020-03-19,569.41,111.67
2020-03-20,575.57,114.0
2020-03-23,576.11,112.1
2020-03-24,582.94,114.48
2020-03-25,589.87,117.69
2020-03-26,582.0,116.31
2020-03-27,566.67,112.03
2020-03-30,577.85,111.66
2020-03-31,581.56,111.92
2020-04-01,579.37,110.15
2020-04-02,587.78,111.64
2020-04-03,581.63,109.43
2020-04-06,582.3,109.83
2020-04-07,588.37,112.78
2020-04-08,588.51,114.25
2020-04-09,584.08,114.53
2020-04-13,584.78,112.96
2020-04-14,582.1,112.22
2020-04-15,590.34,112.75
2020-04-16,591.03,112.39
2020-04-17,588.06,112.16
2020-04-20,586.62,110.56
2020-04-22,585.7,108.32
2020-04-23,590.29,107.25
2020-04-24,585.13,103.18
2020-04-27,583.76,102.25
2020-04-28,582.91,106.02
2020-04-29,575.41,107.41
2020-04-30,573.02,105.2
2020-05-04,573.79,103.59
2020-05-05,583.41,104.24
2020-05-06,586.64,102.9
2020-05-07,587.73,100.33
2020-05-08,597.52,103.95
2020-05-11,591.67,101.4
2020-05-12,583.78,99.59
2020-05-13,583.34,98.62
2020-05-14,588.86,100.88
2020-05-15,593.87,101.83
2020-05-18,586.52,102.65
2020-05-19,582.91,101.66
2020-05-20,579.38,102.06
2020-05-21,575.2,103.19
2020-05-22,568.9,101.95
2020-05-25,569.15,104.36
2020-05-26,559.06,104.69
2020-05-27,542.37,102.49
2020-05-28,535.77,99.9
2020-05-29,513.3,96.12
2020-06-01,507.99,94.44
2020-06-02,502.31,96.23
2020-06-03,499.13,98.49
2020-06-04,493.35,96.43
2020-06-05,487.68,98.16
2020-06-08,472.84,97.07
2020-06-09,468.92,96.15
2020-06-10,465.57,94.68
2020-06-12,468.75,92.66
2020-06-15,467.09,90.7
2020-06-16,465.41,89.07
2020-06-17,474.03,90.03
2020-06-18,479.19,88.97
2020-06-19,478.8,90.25
2020-06-22,478.47,90.83
2020-06-23,480.12,93.32
2020-06-24,484.13,91.07
2020-06-25,477.89,89.76
2020-06-26,488.6,89.36
2020-06-29,500.17,92.01
2020-06-30,507.79,93.34
2020-07-01,510.69,96.16
2020-07-02,512.81,95.82
2020-07-03,510.08,95.97
2020-07-06,491.88,92.08
2020-07-07,491.09,91.28
2020-07-08,492.97,92.23
2020-07-09,492.33,92.27
2020-07-10,488.95,91.91
2020-07-13,496.71,92.46
2020-07-14,488.8,91.52
2020-07-15,485.62,90.23
2020-07-16,490.91,92.19
2020-07-17,504.38,93.65
2020-07-20,495.5,92.89
2020-07-21,495.13,95.27
2020-07-22,508.14,99.28
2020-07-23,509.02,97.78
2020-07-24,507.23,97.38
2020-07-27,512.79,99.2
2020-07-28,517.67,100.46
2020-07-29,531.75,102.85
2020-07-30,541.57,105.04
2020-07-31,561.4,107.69
2020-08-03,569.74,106.87
2020-08-04,578.99,109.28
2020-08-05,585.17,110.45
2020-08-06,570.46,106.55
2020-08-07,565.29,104.3
2020-08-10,562.54,103.07
2020-08-11,560.21,103.65
2020-08-12,550.95,101.0
2020-08-13,557.61,103.84
2020-08-14,558.14,102.79
2020-08-17,566.51,102.95
2020-08-18,576.84,105.49
2020-08-19,577.33,104.53
2020-08-20,583.29,104.97
2020-08-21,590.78,105.35
2020-08-24,592.48,105.82
2020-08-25,596.21,107.93
2020-08-26,603.11,107.68
2020-08-27,596.04,107.03
2020-08-28,603.55,111.6
2020-08-31,610.57,111.5
2020-09-01,605.15,112.31
2020-09-02,605.24,113.0
2020-09-03,599.29,113.29
2020-09-04,606.06,114.22
2020-09-08,600.43,112.04
2020-09-09,585.43,110.69
2020-09-10,587.04,110.43
2020-09-11,592.71,111.12
2020-09-14,563.78,106.84
2020-09-15,561.54,106.23
2020-09-16,554.39,105.8
2020-09-17,554.16,105.8
2020-09-18,544.82,101.51
2020-09-21,538.25,99.62
2020-09-22,533.89,97.69
2020-09-23,534.51,95.84
2020-09-24,536.31,97.23
2020-09-25,542.53,97.86
2020-09-28,535.5,95.03
2020-09-29,534.81,94.89
2020-09-30,541.13,96.32
2020-10-01,532.37,94.19
2020-10-02,537.44,95.0
2020-10-05,531.65,95.6
2020-10-06,532.14,95.03
2020-10-07,533.47,94.97
2020-10-08,538.09,96.29
2020-10-09,537.8,97.22
2020-10-13,539.64,96.81
2020-10-14,540.05,96.39
2020-10-15,540.51,96.31
2020-10-16,538.88,95.46
2020-10-19,534.97,95.46
2020-10-20,531.09,94.87
2020-10-21,531.54,94.8
2020-10-22,539.87,96.44
2020-10-23,536.98,95.41
2020-10-26,538.84,95.79
2020-10-27,540.47,95.25
2020-10-28,538.56,93.78
2020-10-29,536.73,93.33
2020-10-30,537.58,93.52
2020-11-03,538.74,93.68
2020-11-04,535.61,94.6
2020-11-05,543.05,97.9
2020-11-06,542.82,100.75
2020-11-09,536.39,99.08
2020-11-10,534.97,99.46
2020-11-11,542.94,100.28
2020-11-12,551.64,100.92
2020-11-13,551.9,100.77
2020-11-16,564.36,103.9
2020-11-17,568.44,106.49
2020-11-18,588.52,110.11
2020-11-19,594.13,111.85
2020-11-20,579.3,107.84
2020-11-23,580.88,106.84
2020-11-24,578.02,107.34
2020-11-25,584.4,109.89
2020-11-26,578.52,108.54
2020-11-27,607.73,114.04
2020-11-30,606.99,113.39
2020-12-01,590.05,112.73
2020-12-02,593.06,113.07
2020-12-03,583.93,113.67
2020-12-04,581.96,113.49
2020-12-07,576.26,113.39
2020-12-08,580.91,113.26
2020-12-09,574.92,110.92
2020-12-10,586.4,116.42
2020-12-11,582.46,115.27
2020-12-14,600.37,117.49
2020-12-15,596.64,117.24
2020-12-16,608.32,118.67
2020-12-17,606.64,119.54
2020-12-18,604.03,118.74
2020-12-21,598.23,116.75
2020-12-22,598.68,115.91
2020-12-23,600.82,115.57
2020-12-28,607.83,116.02
2020-12-29,608.35,117.35
2020-12-30,606.69,116.99
2021-01-04,615.78,117.05
2021-01-05,615.4,116.93
2021-01-06,611.28,115.71
2021-01-07,614.98,114.16
2021-01-08,625.71,115.53
2021-01-11,615.56,112.1
2021-01-12,617.05,115.7
2021-01-13,632.25,119.29
2021-01-14,638.6,122.74
2021-01-15,651.99,123.34
2021-01-18,649.68,122.77
2021-01-19,650.54,121.6
2021-01-20,650.54,122.3
2021-01-21,654.24,122.15
2021-01-22,658.67,120.37
2021-01-25,657.46,119.36
2021-01-26,655.25,122.98
2021-01-27,658.68,122.05
2021-01-28,662.22,121.82
2021-01-29,658.33,120.07
2021-02-01,672.19,123.31
2021-02-02,669.7,124.99
2021-02-03,669.33,124.83
2021-02-04,667.61,122.41
2021-02-05,668.91,124.2
2021-02-08,664.66,123.73
2021-02-09,665.12,123.58
2021-02-10,659.86,122.67
2021-02-11,659.55,122.32
2021-02-12,657.97,122.34
2021-02-17,670.04,123.62
2021-02-18,683.7,125.68
2021-02-19,680.94,125.94
2021-02-22,701.5,128.9
2021-02-23,724.96,132.97
2021-02-24,725.02,133.45
2021-02-25,746.14,135.51
2021-02-26,746.5,133.76
2021-03-01,747.32,133.47
2021-03-02,748.8,132.18
2021-03-03,747.51,129.96
2021-03-04,738.5,130.41
2021-03-05,735.85,129.23
2021-03-08,730.76,126.67
2021-03-09,737.48,127.39
2021-03-10,739.17,130.69
2021-03-11,736.8,133.09
2021-03-12,737.64,132.57
2021-03-15,737.18,130.59
2021-03-16,740.98,132.06
2021-03-17,741.9,132.89
2021-03-18,736.2,132.43
2021-03-19,724.48,132.01
2021-03-22,729.71,132.36
2021-03-23,717.04,130.04
2021-03-24,713.49,127.11
2021-03-25,716.41,126.42
2021-03-26,729.25,126.91
2021-03-29,727.77,126.2
2021-03-30,710.15,123.57
2021-03-31,708.44,125.97
2021-04-01,707.11,123.92
2021-04-05,704.57,124.22
2021-04-06,714.67,127.66
2021-04-07,716.55,126.85
2021-04-08,722.75,129.69
2021-04-09,725.21,127.72
2021-04-12,730.21,127.55
2021-04-13,730.81,128.19
2021-04-14,743.91,131.11
2021-04-15,742.82,132.08
2021-04-16,737.63,132.05
2021-04-19,736.3,132.38
2021-04-20,743.12,133.73
2021-04-22,746.41,136.66
2021-04-23,760.51,138.4
2021-04-26,775.45,142.08
2021-04-27,785.11,143.66
2021-04-28,788.22,146.95
2021-04-29,788.8,147.33
2021-04-30,782.59,144.02
2021-05-03,782.03,144.23
2021-05-04,787.04,144.86
2021-05-05,813.32,151.57
2021-05-06,828.03,156.79
2021-05-07,820.45,157.11
2021-05-10,805.98,154.08
2021-05-11,813.09,155.65
2021-05-12,795.48,150.2
2021-05-13,804.79,151.88
2021-05-14,805.55,152.86
2021-05-17,805.71,153.0
2021-05-18,816.11,155.57
2021-05-19,819.61,154.21
2021-05-20,823.23,156.12
2021-05-21,825.55,154.37
2021-05-24,825.79,155.17
2021-05-25,825.11,154.6
2021-05-26,850.84,160.26
2021-05-27,864.74,164.62
2021-05-28,877.15,168.1
2021-05-31,877.41,167.93
2021-06-01,884.1,171.47
2021-06-02,882.64,173.34
2021-06-04,880.18,174.81
2021-06-07,868.97,172.52
2021-06-08,871.72,173.03
2021-06-09,874.33,172.45
2021-06-10,869.54,171.71
2021-06-11,872.57,170.42
2021-06-14,855.78,168.73
2021-06-15,850.96,168.74
2021-06-16,840.14,166.53
2021-06-17,825.5,164.31
2021-06-18,824.19,162.56
2021-06-21,829.05,165.08
2021-06-22,826.92,166.58
2021-06-23,820.58,165.27
2021-06-24,823.83,167.96
2021-06-25,831.81,167.97
2021-06-28,849.44,172.44
2021-06-29,843.76,170.87
2021-06-30,844.21,169.76
2021-07-01,846.16,167.62
2021-07-02,840.25,166.45
2021-07-05,838.99,165.06
2021-07-06,817.13,157.14
2021-07-07,821.63,156.98
2021-07-08,837.72,159.44
2021-07-09,840.43,160.42
2021-07-12,854.69,165.32
2021-07-13,836.9,161.84
2021-07-14,850.48,167.68
2021-07-15,843.71,164.63
2021-07-16,875.45,170.99
2021-07-19,866.41,164.84
2021-07-20,902.64,172.95
2021-07-21,960.5,185.32
2021-07-22,1028.35,197.42
2021-07-23,1008.84,193.37
2021-07-26,1067.27,206.24
2021-07-27,1059.66,204.65
2021-07-28,1062.35,207.73
2021-07-29,1045.82,205.99
2021-07-30,1014.44,195.2
2021-08-02,966.05,187.11
2021-08-03,990.47,191.1
2021-08-04,993.85,191.53
2021-08-05,990.19,190.31
2021-08-06,991.23,189.13
2021-08-09,1008.07,192.45
2021-08-10,1015.33,195.33
2021-08-11,1018.03,194.73
2021-08-12,1038.91,197.74
2021-08-13,1028.95,196.25
2021-08-16,1050.92,198.81
2021-08-17,1032.5,195.99
2021-08-18,1043.98,194.77
2021-08-19,1038.72,191.79
2021-08-20,1043.41,194.01
2021-08-23,1049.09,195.29
2021-08-24,1059.61,201.48
2021-08-25,1057.07,202.89
2021-08-26,1067.49,203.33
2021-08-27,1075.88,207.06
2021-08-30,1102.36,212.52
2021-08-31,1084.23,209.51
2021-09-01,1100.25,212.65
2021-09-02,1089.49,210.12
2021-09-03,1081.27,208.58
2021-09-06,1082.64,209.2
2021-09-08,1083.73,203.98
2021-09-09,1069.14,201.46
2021-09-10,1073.9,203.93
2021-09-13,1068.28,204.22
2021-09-14,1063.09,202.07
2021-09-15,1068.05,203.75
2021-09-16,1070.42,202.92
2021-09-17,1074.55,203.4
2021-09-20,1062.73,198.6
2021-09-21,1063.4,201.33
2021-09-22,1069.03,201.67
2021-09-23,1089.12,205.18
2021-09-24,1111.63,207.94
2021-09-27,1105.09,205.41
2021-09-28,1146.61,211.16
2021-09-29,1130.48,208.35
2021-09-30,1136.94,209.11
2021-10-01,1183.07,220.6
2021-10-04,1180.95,216.61
2021-10-05,1149.79,210.24
2021-10-06,1159.92,211.36
2021-10-07,1180.51,214.52
2021-10-08,1199.28,217.66
2021-10-11,1204.12,217.67
2021-10-13,1228.44,222.91
2021-10-14,1242.78,225.14
2021-10-15,1233.94,226.0
2021-10-18,1223.91,221.96
2021-10-19,1243.54,222.58
2021-10-20,1250.02,225.35
2021-10-21,1257.2,222.36
2021-10-22,1246.22,220.96
2021-10-25,1247.88,225.01
2021-10-26,1270.07,228.14
2021-10-27,1246.21,223.74
2021-10-28,1239.91,220.31
2021-10-29,1256.27,222.43
2021-11-01,1286.73,226.9
2021-11-03,1284.27,229.54
2021-11-04,1282.15,228.34
2021-11-05,1265.5,229.67
2021-11-08,1254.32,226.04
2021-11-09,1258.03,229.44
2021-11-10,1256.09,228.59
2021-11-11,1274.18,236.05
2021-11-12,1307.85,239.75
2021-11-16,1322.11,240.73
2021-11-17,1359.78,246.07
2021-11-18,1367.45,245.55
2021-11-19,1392.66,248.51
2021-11-22,1382.69,247.35
2021-11-23,1435.66,256.0
2021-11-24,1456.43,260.4
2021-11-25,1466.92,263.69
2021-11-26,1457.25,260.22
2021-11-29,1424.4,253.68
2021-11-30,1420.09,251.48
2021-12-01,1421.2,250.87
2021-12-02,1439.13,254.62
2021-12-03,1471.19,259.15
2021-12-06,1487.58,261.62
2021-12-07,1479.74,263.39
2021-12-08,1478.12,266.9
2021-12-09,1471.59,263.73
2021-12-10,1435.6,255.76
2021-12-13,1457.28,256.88
2021-12-14,1453.75,255.45
2021-12-15,1463.61,255.74
2021-12-16,1461.28,257.49
2021-12-17,1459.85,256.92
2021-12-20,1432.67,249.68
2021-12-21,1441.82,251.32
2021-12-22,1457.17,257.0
2021-12-23,1447.66,255.64
2021-12-27,1434.07,254.45
2021-12-28,1430.05,253.69
2021-12-29,1440.31,252.95
2021-12-30,1431.58,256.79
2022-01-03,1414.57,249.88
2022-01-04,1454.67,255.79
2022-01-05,1453.35,256.64
2022-01-06,1466.69,257.95
2022-01-07,1493.73,265.18
2022-01-10,1483.95,261.63
2022-01-11,1481.83,265.61
2022-01-12,1502.91,271.53
2022-01-13,1495.12,270.9
2022-01-14,1498.14,271.3
2022-01-17,1495.99,270.82
2022-01-18,1498.35,269.68
2022-01-19,1509.95,276.35
2022-01-20,1507.84,278.66
2022-01-21,1487.18,272.53
2022-01-24,1479.77,268.9
2022-01-25,1494.27,274.68
2022-01-26,1493.25,276.17
2022-01-27,1467.33,270.38
2022-01-28,1481.14,274.64
2022-01-31,1474.34,278.02
2022-02-01,1476.5,280.17
2022-02-02,1477.38,279.54
2022-02-03,1491.62,281.81
2022-02-04,1491.2,279.98
2022-02-07,1482.26,281.8
2022-02-08,1510.3,287.4
2022-02-09,1555.19,297.93
2022-02-10,1535.38,293.8
2022-02-11,1519.43,290.74
2022-02-14,1504.86,288.45
2022-02-15,1499.37,289.4
2022-02-16,1498.45,292.21
2022-02-17,1495.22,289.27
2022-02-18,1466.51,285.43
2022-02-21,1462.04,286.34
2022-02-22,1453.13,286.9
2022-02-23,1442.8,288.39
2022-02-24,1425.53,278.59
2022-02-25,1434.43,278.8
2022-03-02,1384.52,270.94
2022-03-03,1330.63,264.85
2022-03-04,1325.98,261.07
2022-03-07,1318.18,259.54
2022-03-08,1344.06,265.83
2022-03-09,1331.86,265.79
2022-03-10,1306.51,260.37
2022-03-11,1305.56,258.42
2022-03-14,1291.12,251.73
2022-03-15,1262.07,244.87
2022-03-16,1276.74,250.1
2022-03-17,1266.57,251.4
2022-03-18,1278.09,254.9
2022-03-21,1287.25,259.95
2022-03-22,1276.97,259.6
2022-03-23,1272.51,263.02
2022-03-24,1259.8,260.99
2022-03-25,1257.06,264.59
2022-03-28,1210.76,253.83
2022-03-29,1202.21,252.51
2022-03-30,1224.94,256.16
2022-03-31,1243.64,261.21
2022-04-01,1245.32,266.72
2022-04-04,1247.37,270.46
2022-04-05,1249.98,268.41
2022-04-06,1246.26,264.04
2022-04-07,1245.39,262.46
2022-04-08,1271.49,270.24
2022-04-11,1287.36,274.9
2022-04-12,1278.0,273.19
2022-04-13,1249.28,266.6
2022-04-14,1240.14,264.31
2022-04-18,1237.41,265.65
2022-04-19,1233.88,264.04
2022-04-20,1213.9,262.46
2022-04-22,1243.89,259.31
2022-04-25,1247.91,256.09
2022-04-26,1262.09,252.92
2022-04-27,1248.52,251.51
2022-04-28,1259.76,255.12
2022-04-29,1267.35,256.13
2022-05-02,1254.7,247.62
2022-05-03,1263.55,254.49
2022-05-04,1267.3,258.05
2022-05-05,1263.65,251.27
2022-05-06,1244.41,245.3
2022-05-09,1231.77,238.9
2022-05-10,1224.78,238.98
2022-05-11,1287.69,250.62
2022-05-12,1271.64,247.11
2022-05-13,1259.8,249.27
2022-05-16,1307.93,259.25
2022-05-17,1308.24,264.72
2022-05-18,1278.19,256.31
2022-05-19,1259.53,256.31
2022-05-20,1245.75,255.85
2022-05-23,1229.41,255.44
2022-05-24,1218.65,252.78
2022-05-25,1234.47,256.59
2022-05-26,1269.38,266.62
2022-05-27,1276.44,269.41
2022-05-30,1273.45,268.04
2022-05-31,1273.07,267.96
2022-06-01,1322.18,275.51
2022-06-02,1328.52,277.12
2022-06-03,1293.37,270.35
2022-06-06,1329.75,276.97
2022-06-07,1317.12,270.4
2022-06-08,1314.56,269.32
2022-06-09,1327.76,270.37
2022-06-10,1308.09,262.62
2022-06-13,1310.27,255.76
2022-06-14,1322.74,257.34
2022-06-15,1327.83,264.24
2022-06-17,1326.24,258.02
2022-06-20,1330.45,256.6
2022-06-21,1362.28,264.47
2022-06-22,1388.8,268.63
2022-06-23,1367.14,261.45
2022-06-24,1351.56,257.05
2022-06-27,1334.95,255.35
2022-06-28,1316.62,250.02
2022-06-29,1351.49,260.1
2022-06-30,1361.2,260.27
2022-07-01,1358.71,255.3
2022-07-04,1353.84,254.19
2022-07-05,1356.14,251.51
2022-07-06,1362.9,251.69
2022-07-07,1358.75,254.26
2022-07-08,1348.87,256.2
2022-07-11,1331.57,248.06
2022-07-12,1296.41,238.4
2022-07-13,1296.5,239.83
2022-07-14,1239.04,228.02
2022-07-15,1241.31,229.57
2022-07-18,1303.58,240.38
2022-07-19,1318.67,243.3
2022-07-20,1332.32,243.97
2022-07-21,1337.55,243.59
2022-07-22,1295.84,235.56
2022-07-25,1292.83,240.57
2022-07-26,1319.8,246.51
2022-07-27,1331.37,253.64
2022-07-28,1317.52,255.28
2022-07-29,1300.89,251.23
2022-08-01,1285.02,247.83
2022-08-02,1271.95,240.9
2022-08-03,1304.31,247.26
2022-08-04,1314.78,252.02
2022-08-05,1261.57,244.11
2022-08-08,1277.3,249.77
2022-08-09,1264.14,246.09
2022-08-10,1288.13,252.92
2022-08-11,1294.94,250.86
2022-08-12,1300.76,256.71
2022-08-15,1298.88,255.03
2022-08-16,1278.49,248.4
2022-08-17,1276.64,246.84
2022-08-18,1274.27,246.28
2022-08-19,1275.71,246.51
2022-08-22,1301.66,252.16
2022-08-23,1307.74,256.42
2022-08-24,1340.01,262.28
2022-08-25,1349.76,263.32
2022-08-26,1351.64,266.39
2022-08-29,1344.99,267.61
2022-08-30,1342.78,262.78
2022-08-31,1344.2,258.4
2022-09-01,1341.77,256.31
2022-09-02,1331.04,257.11
2022-09-05,1313.3,254.86
2022-09-06,1335.47,254.76
2022-09-08,1285.14,246.72
2022-09-09,1316.06,255.55
2022-09-12,1296.95,254.75
2022-09-13,1285.69,247.77
2022-09-14,1265.14,244.24
2022-09-15,1270.71,242.36
2022-09-16,1270.42,241.66
2022-09-19,1285.41,248.97
2022-09-20,1288.69,249.7
2022-09-21,1284.53,248.6
2022-09-22,1285.82,251.48
2022-09-23,1272.92,242.41
2022-09-26,1307.91,242.7
2022-09-27,1314.48,244.33
2022-09-28,1314.33,245.81
2022-09-29,1303.95,241.56
2022-09-30,1286.8,239.23
2022-10-03,1222.53,236.15
2022-10-04,1243.64,240.27
2022-10-05,1260.2,243.56
2022-10-06,1233.2,236.97
2022-10-07,1229.18,235.25
2022-10-10,1226.3,236.6
2022-10-11,1223.75,232.21
2022-10-13,1176.35,222.84
2022-10-14,1154.73,216.73
2022-10-17,1141.32,215.55
2022-10-18,1130.38,214.86
2022-10-19,1103.41,209.3
2022-10-20,1081.63,207.05
2022-10-21,1070.11,207.87
2022-10-24,1078.75,203.96
2022-10-25,1062.79,199.96
2022-10-26,1040.79,193.71
2022-10-27,1037.92,195.87
2022-10-28,987.53,185.84
2022-10-31,1005.33,194.3
2022-11-01,987.63,193.2
2022-11-03,958.29,187.42
2022-11-04,961.72,191.04
2022-11-07,940.31,182.41
2022-11-08,934.82,180.85
2022-11-09,930.62,179.73
2022-11-10,957.67,177.44
2022-11-11,969.33,181.49
2022-11-14,956.77,179.47
2022-11-16,943.57,175.25
2022-11-17,943.15,173.66
2022-11-18,932.71,173.82
2022-11-21,949.51,178.78
2022-11-22,970.27,180.31
2022-11-23,975.17,181.53
2022-11-24,972.75,183.12
2022-11-25,984.78,182.03
2022-11-28,972.21,181.18
2022-11-29,999.97,188.99
2022-11-30,1003.01,192.52
2022-12-01,986.5,189.53
2022-12-02,982.38,189.36
2022-12-05,981.02,185.8
2022-12-06,989.09,187.72
2022-12-07,984.85,189.03
2022-12-08,973.49,186.78
2022-12-09,979.85,186.99
2022-12-12,1016.22,190.84
2022-12-13,1023.87,192.6
2022-12-14,1028.07,193.21
2022-12-15,1045.13,196.38
2022-12-16,1020.37,192.6
2022-12-19,1016.75,191.55
2022-12-20,1027.61,197.31
2022-12-21,1023.12,196.87
2022-12-22,1022.97,197.6
2022-12-23,1024.86,198.46
2022-12-26,1027.31,197.26
2022-12-27,1023.64,193.73
2022-12-28,1044.61,198.86
2022-12-29,1037.9,196.57
2023-01-02,1031.2,192.39
2023-01-03,1034.46,189.88
2023-01-04,1021.5,187.29
2023-01-05,1020.4,190.3
2023-01-06,1023.47,195.21
2023-01-09,1002.85,190.84
2023-01-10,968.37,186.15
2023-01-11,944.56,182.14
2023-01-12,953.0,187.08
2023-01-13,945.34,185.58
2023-01-16,955.07,185.41
2023-01-17,951.65,186.31
2023-01-18,979.1,189.79
2023-01-19,1000.74,193.38
2023-01-20,1002.74,192.72
2023-01-23,1023.39,196.96
2023-01-24,1030.2,200.16
2023-01-25,1035.11,203.92
2023-01-26,1048.76,206.77
2023-01-27,1061.83,207.75
2023-01-30,1067.01,208.73
2023-01-31,1103.18,217.25
2023-02-01,1104.47,216.99
2023-02-02,1096.14,217.66
2023-02-03,1079.9,210.14
2023-02-06,1114.33,215.29
2023-02-07,1123.64,216.13
2023-02-08,1119.52,215.75
2023-02-09,1118.27,212.2
2023-02-10,1123.17,215.04
2023-02-13,1117.26,215.6
2023-02-14,1143.75,219.91
2023-02-15,1125.22,215.72
2023-02-16,1135.15,217.46
2023-02-17,1157.53,224.24
2023-02-22,1179.2,228.13
2023-02-23,1150.14,224.11
2023-02-24,1141.39,219.25
2023-02-27,1141.47,219.72
2023-02-28,1160.98,222.37
2023-03-01,1134.54,218.35
2023-03-02,1136.99,218.48
2023-03-03,1114.38,214.39
2023-03-06,1123.91,217.56
2023-03-07,1134.01,218.46
2023-03-08,1097.38,213.37
2023-03-09,1089.79,212.27
2023-03-10,1092.87,209.56
2023-03-13,1107.71,210.27
2023-03-14,1106.96,210.61
2023-03-15,1087.87,205.49
2023-03-16,1128.17,215.18
2023-03-17,1113.46,211.12
2023-03-20,1106.86,211.11
2023-03-21,1114.76,212.62
2023-03-22,1112.36,213.18
2023-03-23,1100.27,208.03
2023-03-24,1122.44,213.88
2023-03-27,1115.01,213.97
2023-03-28,1085.19,210.06
2023-03-29,1069.0,207.94
2023-03-30,1068.86,209.54
2023-03-31,1044.94,206.14
2023-04-03,1082.95,213.43
2023-04-04,1070.15,210.37
2023-04-05,1094.52,216.56
2023-04-06,1101.19,217.63
2023-04-10,1096.07,216.19
2023-04-11,1121.49,223.98
2023-04-12,1109.21,224.36
2023-04-13,1132.2,229.79
2023-04-14,1125.42,228.84
2023-04-17,1136.75,230.34
2023-04-18,1142.57,229.66
2023-04-19,1148.25,226.21
2023-04-20,1111.77,220.07
2023-04-24,1111.82,220.6
2023-04-25,1076.43,212.36
2023-04-26,1092.76,216.26
2023-04-27,1083.01,217.34
2023-04-28,1077.88,216.05
2023-05-02,1075.12,213.02
2023-05-03,1064.1,213.2
2023-05-04,1054.24,211.14
2023-05-05,1060.65,214.53
2023-05-08,1058.53,211.11
2023-05-09,1053.7,211.25
2023-05-10,1054.48,212.98
2023-05-11,1038.55,210.11
2023-05-12,1034.79,210.02
2023-05-15,1037.39,211.97
2023-05-16,1044.21,211.42
2023-05-17,1042.37,211.05
2023-05-18,1043.39,209.98
2023-05-19,1057.64,211.48
2023-05-22,1040.61,209.42
2023-05-23,1037.01,208.57
2023-05-24,1039.46,209.91
2023-05-25,1025.2,203.49
2023-05-26,1018.01,204.01
2023-05-29,1014.0,202.31
2023-05-30,992.8,196.94
2023-05-31,991.05,195.13
2023-06-01,999.01,199.28
2023-06-02,993.37,200.4
2023-06-05,990.85,201.11
2023-06-06,987.44,200.98
2023-06-07,991.03,201.22
2023-06-09,1005.37,206.19
2023-06-12,982.74,201.96
2023-06-13,964.19,198.27
2023-06-14,959.1,198.65
2023-06-15,966.28,201.14
2023-06-16,963.32,199.94
2023-06-19,950.55,199.03
2023-06-20,917.45,191.46
2023-06-21,901.57,189.01
2023-06-22,877.83,183.72
2023-06-23,851.56,178.11
2023-06-26,851.02,178.56
2023-06-27,856.84,178.66
2023-06-28,840.85,173.59
2023-06-29,830.13,170.95
2023-06-30,825.59,172.25
2023-07-03,824.48,171.62
2023-07-04,824.7,170.57
2023-07-05,822.25,169.71
2023-07-06,829.41,168.37
2023-07-07,829.19,170.65
2023-07-10,823.14,168.5
2023-07-11,811.35,167.01
2023-07-12,804.51,166.98
2023-07-13,808.68,168.83
2023-07-14,821.75,171.41
2023-07-17,807.97,167.8
2023-07-18,804.89,167.41
2023-07-19,808.9,169.05
2023-07-20,812.66,169.23
2023-07-21,821.38,172.02
2023-07-24,826.91,174.64
2023-07-25,829.37,174.49
2023-07-26,827.37,174.88
2023-07-27,826.27,174.21
2023-07-28,811.74,171.58
2023-07-31,834.91,176.48
2023-08-01,843.24,176.01
2023-08-02,845.71,176.04
2023-08-03,856.24,175.14
2023-08-04,843.26,173.19
2023-08-07,853.99,174.43
2023-08-08,846.65,172.89
2023-08-09,843.74,171.91
2023-08-10,838.92,171.91
2023-08-11,835.83,170.51
2023-08-14,824.22,165.84
2023-08-15,814.38,163.23
2023-08-16,814.8,163.42
2023-08-17,808.71,162.33
2023-08-18,808.18,162.58
2023-08-21,811.07,162.9
2023-08-22,809.92,164.05
2023-08-23,824.49,169.86
2023-08-24,819.63,168.2
2023-08-25,810.72,166.4
2023-08-28,817.8,167.69
2023-08-29,812.16,167.32
2023-08-30,818.24,168.19
2023-08-31,816.58,164.97
2023-09-01,818.18,165.69
2023-09-04,821.37,166.47
2023-09-05,816.47,163.95
2023-09-06,818.89,164.2
2023-09-08,804.89,161.46
2023-09-11,808.49,163.79
2023-09-12,814.67,164.45
2023-09-13,807.08,164.17
2023-09-14,808.21,165.79
2023-09-15,825.15,169.44
2023-09-18,831.19,171.27
2023-09-19,838.98,172.1
2023-09-20,821.58,168.7
2023-09-21,815.95,165.47
2023-09-22,800.08,162.29
2023-09-25,798.61,160.65
2023-09-26,796.19,159.56
2023-09-27,800.23,158.4
2023-09-28,792.13,157.26
2023-09-29,779.9,155.08
2023-10-02,797.38,157.37
2023-10-03,804.04,155.97
2023-10-04,799.22,155.16
2023-10-05,797.63,154.16
2023-10-06,802.84,155.59
2023-10-09,804.84,156.74
2023-10-10,801.77,158.36
2023-10-11,800.47,158.45
2023-10-13,819.47,160.93
2023-10-16,824.5,163.56
2023-10-17,826.89,164.29
2023-10-18,832.86,164.73
2023-10-19,857.6,169.86
2023-10-20,860.54,170.91
2023-10-23,871.59,173.59
2023-10-24,875.97,175.3
2023-10-25,850.91,170.18
2023-10-26,847.84,169.81
2023-10-27,841.65,167.83
2023-10-30,836.98,166.0
2023-10-31,863.24,171.45
2023-11-01,836.59,168.13
2023-11-03,862.18,175.99
2023-11-06,871.52,178.19
2023-11-07,869.72,178.62
2023-11-08,890.14,181.48
2023-11-09,896.75,181.93
2023-11-10,888.46,180.91
2023-11-13,902.96,183.98
2023-11-14,896.59,184.29
2023-11-16,901.44,185.18
2023-11-17,879.03,179.21
2023-11-20,891.73,183.79
2023-11-21,890.91,181.78
2023-11-22,885.95,180.81
2023-11-23,885.22,180.4
2023-11-24,889.39,181.62
2023-11-27,876.73,179.0
2023-11-28,901.6,185.06
2023-11-29,898.36,183.75
2023-11-30,944.81,192.0
2023-12-01,942.08,193.25
2023-12-04,938.55,189.64
2023-12-05,951.85,193.11
2023-12-06,919.54,187.47
2023-12-07,932.25,189.83
2023-12-08,926.14,188.05
2023-12-11,955.82,193.68
2023-12-12,952.78,191.9
2023-12-13,988.32,200.51
2023-12-14,994.05,202.62
2023-12-15,999.29,202.12
2023-12-18,999.18,203.54
2023-12-19,1016.89,209.19
2023-12-20,992.05,202.42
2023-12-21,999.11,204.44
2023-12-22,990.17,203.7
2023-12-26,999.76,207.16
2023-12-27,1007.36,208.43
2023-12-28,1009.47,208.05
2024-01-02,1003.74,204.34
2024-01-03,994.0,202.4
2024-01-04,990.46,201.6
2024-01-05,981.67,201.49
2024-01-08,973.26,199.77
2024-01-09,989.1,201.82
2024-01-10,980.32,200.31
2024-01-11,984.43,201.81
2024-01-12,971.32,200.11
2024-01-15,969.42,199.26
2024-01-16,988.25,200.5
2024-01-17,965.4,195.86
2024-01-18,962.99,195.17
2024-01-19,983.26,199.48
2024-01-22,1007.83,201.97
2024-01-23,1015.15,204.83
2024-01-24,994.61,201.62
2024-01-25,986.11,200.39
2024-01-26,1010.84,205.79
2024-01-29,1004.93,202.98
2024-01-30,1018.78,206.06
2024-01-31,1018.13,205.81
2024-02-01,1013.29,206.16
2024-02-02,1014.93,204.33
2024-02-05,1010.85,202.94
2024-02-06,1001.29,201.83
2024-02-07,1015.99,204.55
2024-02-08,1011.09,202.58
2024-02-09,1027.9,207.32
2024-02-14,1003.67,201.95
2024-02-15,1010.9,203.44
2024-02-16,1013.91,204.17
2024-02-19,1016.28,204.81
2024-02-20,1017.63,206.42
2024-02-21,1019.71,206.42
2024-02-22,1002.32,202.49
2024-02-23,995.67,199.61
2024-02-26,992.26,199.37
2024-02-27,996.92,202.01
2024-02-28,996.86,200.54
2024-02-29,1007.27,202.55
2024-03-01,996.52,201.2
2024-03-04,1015.63,205.3
2024-03-05,1006.64,203.2
2024-03-06,1010.34,204.32
2024-03-07,1039.45,210.59
2024-03-08,1018.32,204.48
2024-03-11,1004.75,201.96
2024-03-12,1008.51,202.8
2024-03-13,1004.82,202.01
2024-03-14,1000.94,200.51
2024-03-15,1006.16,201.43
2024-03-18,1002.65,199.45
2024-03-19,1003.98,199.96
2024-03-20,1004.36,202.0
2024-03-21,1019.97,204.81
2024-03-22,1020.95,204.19
2024-03-25,1020.86,205.16
2024-03-26,1026.04,205.87
2024-03-27,1037.78,208.39
2024-03-28,1029.67,205.52
2024-04-01,1044.09,206.14
2024-04-02,1075.45,212.58
2024-04-03,1106.64,219.61
2024-04-04,1117.88,221.45
2024-04-05,1139.89,225.05
2024-04-08,1150.75,228.82
2024-04-09,1147.66,229.12
2024-04-10,1158.75,228.19
2024-04-11,1183.14,232.49
2024-04-12,1216.7,237.4
2024-04-15,1244.88,240.05
2024-04-16,1284.98,244.25
2024-04-17,1342.18,256.39
2024-04-18,1319.73,251.57
2024-04-19,1306.6,251.51
2024-04-22,1275.58,246.54
2024-04-23,1249.8,243.67
2024-04-24,1273.77,247.48
2024-04-25,1291.88,250.12
2024-04-26,1260.03,246.29
2024-04-29,1277.47,249.85
2024-04-30,1247.84,240.43
2024-05-02,1161.95,227.25
2024-05-03,1141.86,225.22
2024-05-06,1098.39,216.47
2024-05-07,1093.08,215.51
2024-05-08,1096.61,215.28
2024-05-09,1115.55,216.86
2024-05-10,1125.17,218.18
2024-05-13,1115.76,216.57
2024-05-14,1124.78,219.21
2024-05-15,1124.6,218.92
2024-05-16,1124.07,219.12
2024-05-17,1155.64,226.42
2024-05-20,1166.14,228.25
2024-05-21,1211.97,236.95
2024-05-22,1240.78,240.74
2024-05-23,1224.54,237.54
2024-05-24,1234.07,238.56
2024-05-27,1231.04,238.02
2024-05-28,1300.27,251.99
2024-05-29,1311.58,252.08
2024-05-31,1286.07,244.64
2024-06-03,1302.29,248.86
2024-06-04,1339.01,253.22
2024-06-05,1335.41,252.06
2024-06-06,1354.85,257.82
2024-06-07,1317.07,247.76
2024-06-10,1324.53,247.34
2024-06-11,1322.03,246.69
2024-06-12,1331.66,246.24
2024-06-13,1351.9,251.61
2024-06-14,1340.74,249.35
2024-06-17,1348.56,248.63
2024-06-18,1354.53,249.27
2024-06-19,1355.81,248.86
2024-06-20,1374.09,253.76
2024-06-21,1352.29,248.35
2024-06-24,1399.25,259.41
2024-06-25,1375.71,252.38
2024-06-26,1365.29,247.56
2024-06-27,1368.47,248.72
2024-06-28,1370.81,245.31
2024-07-01,1361.92,241.56
2024-07-02,1382.86,244.62
2024-07-03,1364.79,245.33
2024-07-04,1361.59,248.28
2024-07-05,1389.75,254.21
2024-07-08,1402.49,256.07
2024-07-09,1455.34,268.61
2024-07-10,1429.22,264.03
2024-07-11,1446.79,265.76
2024-07-12,1460.32,268.84
2024-07-15,1443.05,264.93
2024-07-16,1441.85,265.39
2024-07-17,1444.95,263.44
2024-07-18,1451.58,260.14
2024-07-19,1430.13,255.43
2024-07-22,1448.8,259.92
2024-07-23,1441.85,257.84
2024-07-24,1417.7,250.61
2024-07-25,1425.1,252.63
2024-07-26,1409.05,248.86
2024-07-29,1408.76,250.27
2024-07-30,1419.69,252.43
2024-07-31,1415.91,250.07
2024-08-01,1407.69,245.37
2024-08-02,1427.76,250.0
2024-08-05,1413.59,246.49
2024-08-06,1430.29,253.06
2024-08-07,1454.52,258.58
2024-08-08,1458.09,261.59
2024-08-09,1402.89,254.52
2024-08-12,1431.21,260.08
2024-08-13,1395.71,255.77
2024-08-14,1400.95,255.93
2024-08-15,1408.08,256.85
2024-08-16,1424.43,260.45
2024-08-19,1428.43,264.03
2024-08-20,1437.34,262.86
2024-08-21,1437.45,262.55
2024-08-22,1435.29,256.81
2024-08-23,1432.53,261.55
2024-08-26,1434.85,261.45
2024-08-27,1459.67,265.35
2024-08-28,1478.5,266.44
2024-08-29,1442.72,256.76
2024-08-30,1448.24,256.33
2024-09-02,1444.69,257.43
2024-09-03,1439.65,254.94
2024-09-04,1443.45,256.07
2024-09-05,1439.95,258.1
2024-09-06,1413.7,252.67
2024-09-09,1443.5,258.51
2024-09-10,1450.29,256.37
2024-09-11,1451.89,256.93
2024-09-12,1468.6,261.32
2024-09-13,1483.12,266.56
2024-09-16,1492.24,270.58
2024-09-17,1496.77,272.88
2024-09-18,1494.18,274.41
2024-09-19,1485.84,273.79
2024-09-20,1460.14,264.57
2024-09-23,1487.93,268.87
2024-09-24,1507.17,276.04
2024-09-25,1505.43,274.81
2024-09-26,1517.34,278.56
2024-09-27,1496.57,275.26
2024-09-30,1504.98,275.84
2024-10-01,1493.95,273.72
2024-10-02,1469.65,269.81
2024-10-03,1456.44,266.11
2024-10-04,1457.78,266.99
2024-10-07,1418.11,258.59
2024-10-08,1434.01,259.22
2024-10-09,1442.01,258.52
2024-10-10,1476.66,264.4
2024-10-11,1478.89,263.01
2024-10-14,1504.25,269.43
2024-10-15,1515.43,267.89
2024-10-16,1522.49,268.75
2024-10-17,1505.74,265.7
2024-10-18,1527.54,268.41
2024-10-21,1497.06,262.55
2024-10-22,1497.39,262.61
2024-10-23,1506.39,264.74
2024-10-24,1495.43,263.47
2024-10-25,1500.2,262.78
2024-10-28,1517.69,265.94
2024-10-29,1511.64,262.26
2024-10-30,1519.13,263.55
2024-10-31,1525.36,263.86
2024-11-01,1516.17,258.29
2024-11-04,1526.08,264.3
2024-11-05,1556.23,270.6
2024-11-06,1540.6,271.18
2024-11-07,1592.18,280.12
2024-11-08,1592.83,276.87
2024-11-11,1594.2,276.24
2024-11-12,1633.02,283.12
2024-11-13,1698.83,293.0
2024-11-14,1755.95,303.85
2024-11-18,1805.68,314.36
2024-11-19,1813.1,314.01
2024-11-21,1907.06,327.79
2024-11-22,1942.03,334.26
2024-11-25,1989.64,342.51
2024-11-26,2025.25,348.76
2024-11-27,2076.94,351.07
2024-11-28,2090.65,349.26
2024-11-29,2098.06,349.33
2024-12-02,2024.85,333.69
2024-12-03,1993.44,329.17
2024-12-04,2019.44,334.4
2024-12-05,2059.02,343.06
2024-12-06,2115.1,347.48
2024-12-09,2159.48,354.89
2024-12-10,2199.09,363.01
2024-12-11,2143.79,356.47
2024-12-12,2142.3,355.04
2024-12-13,2141.91,354.5
2024-12-16,2155.75,354.27
2024-12-17,2178.34,358.04
2024-12-18,2221.59,355.91
2024-12-19,2236.68,365.71
2024-12-20,2236.76,369.1
2024-12-23,2230.14,360.28
2024-12-26,2220.55,359.49
2024-12-27,2235.8,361.08
2024-12-30,2228.79,360.65
2025-01-02,2241.9,363.65
2025-01-03,2233.34,361.27
2025-01-06,2239.58,366.36
2025-01-07,2234.26,365.37
2025-01-08,2255.69,369.3
2025-01-09,2265.21,374.23
2025-01-10,2287.88,375.18
2025-01-13,2308.34,378.42
2025-01-14,2276.01,376.39
2025-01-15,2316.65,384.82
2025-01-16,2286.51,377.31
2025-01-17,2316.16,382.08
2025-01-20,2308.76,381.99
2025-01-21,2315.53,383.87
2025-01-22,2359.45,397.28
2025-01-23,2398.06,405.28
2025-01-24,2387.85,403.9
2025-01-27,2397.58,405.61
2025-01-28,2412.41,410.9
2025-01-29,2467.71,419.75
2025-01-30,2506.02,427.07
2025-01-31,2508.18,429.48
2025-02-03,2565.86,441.25
2025-02-04,2560.36,443.89
2025-02-05,2617.72,452.19
2025-02-06,2666.28,462.17
2025-02-07,2654.96,458.7
2025-02-10,2738.95,473.13
2025-02-11,2729.87,473.2
2025-02-12,2769.45,480.81
2025-02-13,2766.37,479.52
2025-02-14,2731.16,478.9
2025-02-17,2698.73,472.63
2025-02-18,2663.83,467.99
2025-02-19,2700.86,472.34
2025-02-20,2627.64,460.42
2025-02-21,2588.42,451.89
2025-02-24,2545.3,442.66
2025-02-25,2494.76,433.57
2025-02-26,2480.83,427.8
2025-02-27,2472.31,423.99
2025-02-28,2482.22,420.36
2025-03-05,2612.63,453.9
2025-03-06,2543.07,441.2
2025-03-07,2514.82,434.19
2025-03-10,2525.06,431.34
2025-03-11,2561.17,440.97
2025-03-12,2532.4,436.17
2025-03-13,2541.58,438.2
2025-03-14,2494.82,434.56
2025-03-17,2520.22,444.25
2025-03-18,2509.06,442.28
2025-03-19,2529.28,447.58
2025-03-20,2548.18,449.57
2025-03-21,2553.66,446.68
2025-03-24,2579.6,448.47
2025-03-25,2609.91,457.72
2025-03-26,2597.83,452.98
2025-03-27,2544.62,442.08
2025-03-28,2510.47,436.0
2025-03-31,2521.21,441.85
2025-04-01,2559.28,450.18
2025-04-02,2561.84,449.92
2025-04-03,2546.39,452.61
2025-04-04,2508.41,429.82
2025-04-07,2430.27,411.14
2025-04-08,2402.18,401.23
2025-04-09,2389.03,409.15
2025-04-10,2399.7,406.45
2025-04-11,2423.8,412.91
2025-04-14,2480.6,423.96
2025-04-15,2496.83,423.77
2025-04-16,2530.29,431.05
2025-04-17,2520.65,434.07
2025-04-22,2521.98,440.75
2025-04-23,2563.95,448.64
2025-04-24,2593.24,456.32
2025-04-25,2611.02,459.44
2025-04-28,2658.07,470.12
2025-04-29,2665.07,473.2
2025-04-30,2616.02,461.22
2025-05-02,2588.62,457.76
2025-05-05,2580.32,453.64
2025-05-06,2589.71,453.78
2025-05-07,2582.77,448.4
2025-05-08,2560.75,451.55
2025-05-09,2553.2,451.49
2025-05-12,2528.62,444.71
2025-05-13,2505.29,447.29
2025-05-14,2472.07,439.32
2025-05-15,2495.28,439.16
2025-05-16,2473.66,436.43
2025-05-19,2496.07,441.47
2025-05-20,2447.6,431.6
2025-05-21,2478.07,438.6
2025-05-22,2445.92,432.91
2025-05-23,2418.36,427.73
2025-05-26,2423.72,427.16
2025-05-27,2423.72,429.05
2025-05-28,2397.62,421.15
2025-05-29,2372.99,418.59
2025-05-30,2335.77,408.49
2025-06-02,2316.4,407.67
2025-06-03,2267.09,401.89
2025-06-04,2267.41,401.31
2025-06-05,2301.91,411.72
2025-06-06,2316.32,416.45
2025-06-09,2303.94,414.15
2025-06-10,2276.92,408.49
2025-06-11,2251.1,405.97
2025-06-12,2229.75,402.12
2025-06-13,2197.73,396.92
2025-06-16,2167.87,394.59
2025-06-17,2147.51,390.38
2025-06-18,2061.95,374.7
2025-06-20,1969.45,356.59
2025-06-23,1976.3,358.94
2025-06-24,1935.67,351.05
2025-06-25,1917.3,345.09
2025-06-26,1905.98,346.42
2025-06-27,1877.02,342.15
2025-06-30,1834.36,337.82
2025-07-01,1807.41,330.85
2025-07-02,1779.95,328.16
2025-07-03,1742.2,321.91
2025-07-04,1736.94,320.23
2025-07-07,1682.7,307.12
2025-07-08,1685.98,309.58
2025-07-09,1685.52,306.85
2025-07-10,1721.5,310.68
2025-07-11,1728.48,311.61
2025-07-14,1783.7,319.37
2025-07-15,1785.02,320.93
2025-07-16,1820.36,327.29
2025-07-17,1815.89,327.37
2025-07-18,1825.66,326.83
2025-07-21,1803.32,323.87
2025-07-22,1801.66,323.69
2025-07-23,1818.16,329.2
2025-07-24,1824.52,330.65
2025-07-25,1809.56,325.05
2025-07-28,1822.71,325.72
2025-07-29,1801.23,323.44
2025-07-30,1797.02,322.39
2025-07-31,1811.87,323.49
2025-08-01,1772.27,319.39
2025-08-04,1771.03,321.6
2025-08-05,1799.43,326.75
2025-08-06,1785.07,326.76
2025-08-07,1790.66,329.47
2025-08-08,1814.7,333.52
2025-08-11,1859.12,341.37
2025-08-12,1839.05,341.2
2025-08-13,1877.86,347.49
2025-08-14,1893.31,349.51
2025-08-15,1942.14,359.79
2025-08-18,1972.55,363.07
2025-08-19,2031.55,369.3
2025-08-20,2134.15,389.94
2025-08-21,2181.57,398.1
2025-08-22,2228.39,410.76
2025-08-25,2287.56,422.45
2025-08-26,2265.81,416.89
2025-08-27,2299.66,424.21
2025-08-28,2301.68,425.84
2025-08-29,2323.06,428.61
2025-09-01,2332.86,428.44
2025-09-02,2299.01,419.91
2025-09-03,2300.2,421.44
2025-09-04,2292.66,420.98
2025-09-05,2277.03,421.36
2025-09-08,2300.17,424.46
2025-09-09,2318.81,426.72
2025-09-10,2333.43,431.48
2025-09-11,2325.54,431.13
2025-09-12,2345.68,438.03
2025-09-15,2376.04,446.79
2025-09-16,2358.64,445.19
2025-09-17,2237.29,422.21
2025-09-18,2215.26,417.19
2025-09-19,2147.29,403.63
2025-09-22,2133.08,399.68
2025-09-23,2055.69,388.97
2025-09-24,2075.25,389.57
2025-09-25,2121.88,395.28
2025-09-26,2124.03,397.76
2025-09-29,2134.16,401.31
2025-09-30,2127.5,399.61
2025-10-01,2163.99,406.69
2025-10-02,2147.82,402.21
2025-10-03,2184.71,409.89
2025-10-06,2169.21,408.44
2025-10-07,2176.74,407.02
2025-10-08,2186.03,409.06
2025-10-09,2182.41,405.8
2025-10-10,2191.74,398.57
2025-10-13,2219.96,406.73
2025-10-14,2301.24,421.01
2025-10-15,2314.21,424.08
2025-10-16,2269.67,416.68
2025-10-17,2262.88,418.59
2025-10-20,2275.55,423.52
2025-10-21,2300.49,426.89
2025-10-22,2323.66,430.23
2025-10-23,2307.6,428.44
2025-10-24,2289.68,424.64
2025-10-27,2266.09,421.83
2025-10-28,2214.0,413.06
2025-10-29,2217.39,413.23
2025-10-30,2210.41,411.01
2025-10-31,2206.59,410.07
2025-11-03,2253.33,420.71
2025-11-04,2272.55,421.0
2025-11-05,2305.83,430.27
2025-11-06,2250.02,420.72
2025-11-07,2290.64,429.12
2025-11-10,2291.24,431.74
2025-11-11,2294.47,435.38
2025-11-12,2241.18,423.42
2025-11-13,2218.7,418.86
2025-11-14,2204.71,416.06
2025-11-17,2207.42,414.46
2025-11-18,2231.54,419.62
2025-11-19,2232.1,418.15
2025-11-21,2181.7,404.24
2025-11-24,2198.88,407.65
2025-11-25,2250.1,418.55
2025-11-26,2239.07,419.62
2025-11-27,2241.53,418.67
2025-11-28,2252.95,422.53
2025-12-01,2233.34,416.74
2025-12-02,2231.43,418.5
2025-12-03,2217.5,417.45
2025-12-04,2235.73,421.12
2025-12-05,2217.02,406.35
2025-12-08,2223.46,409.93
2025-12-09,2241.23,412.07
2025-12-10,2258.89,412.36
2025-12-11,2283.45,422.78
2025-12-12,2253.93,416.39
2025-12-15,2217.3,408.94
2025-12-16,2175.81,398.06
2025-12-17,2158.72,390.93
2025-12-18,2149.88,389.4
2025-12-19,2135.34,386.21
2025-12-22,2159.06,386.79
2025-12-23,2162.0,390.39
2025-12-26,2167.55,390.97
2025-12-29,2176.02,390.04
2025-12-30,2174.74,396.27
2026-01-02,2171.95,400.58
2026-01-05,2191.97,405.77
2026-01-06,2237.54,416.05
2026-01-07,2263.04,419.94
2026-01-08,2266.21,420.37
2026-01-09,2225.39,414.64
2026-01-12,2205.19,410.65
2026-01-13,2216.15,411.92
2026-01-14,2196.97,406.92
2026-01-15,2201.88,410.65
2026-01-16,2180.2,405.84
2026-01-19,2184.18,407.19
2026-01-20,2146.33,399.09
2026-01-21,2135.9,401.56
2026-01-22,2107.84,398.99
2026-01-23,2135.31,403.88
2026-01-26,2144.25,406.03
2026-01-27,2185.59,419.9
2026-01-28,2156.49,413.44
2026-01-29,2108.35,406.08
2026-01-30,2094.55,398.89
2026-02-02,2060.33,390.73
2026-02-03,1971.48,376.31
2026-02-04,1931.5,367.14
2026-02-05,1916.31,364.8
2026-02-06,1884.66,361.05
2026-02-09,1861.69,358.85
2026-02-10,1861.64,357.94
2026-02-11,1863.8,359.39
2026-02-12,1891.03,363.52
2026-02-13,1901.38,363.9
2026-02-18,1862.4,355.08
2026-02-19,1818.91,348.12
2026-02-20,1806.48,348.81
2026-02-23,1781.98,344.81
2026-02-24,1811.91,351.49
2026-02-25,1796.0,350.3
2026-02-26,1796.15,349.17
2026-02-27,1797.61,349.93
2026-03-02,1840.71,356.11
2026-03-03,1853.29,351.6
2026-03-04,1859.96,356.38
2026-03-05,1874.79,354.94
2026-03-06,1913.12,364.4
2026-03-09,1929.37,373.04
2026-03-10,1918.6,371.75
2026-03-11,1872.75,362.66
2026-03-12,1901.07,363.01
2026-03-13,1878.47,353.56
2026-03-16,1908.03,364.82
2026-03-17,1927.15,370.18
2026-03-18,1917.02,366.68
2026-03-19,1924.51,369.03
2026-03-20,1962.67,368.99
2026-03-23,1963.83,375.28
2026-03-24,1979.36,376.52
2026-03-25,1977.91,378.84
2026-03-26,1968.47,375.23
2026-03-27,1947.89,371.52
2026-03-30,1898.9,361.01
2026-03-31,1887.79,363.67
2026-04-01,1880.08,364.5
2026-04-02,1870.64,362.39
2026-04-06,1885.21,366.2
2026-04-07,1821.69,352.97
2026-04-08,1829.2,357.9
2026-04-09,1821.38,359.6
2026-04-10,1814.56,362.26
2026-04-13,1821.25,364.47
2026-04-14,1814.65,363.66
2026-04-15,1822.96,365.18
2026-04-16,1800.72,360.65
2026-04-17,1765.66,354.34
2026-04-20,1775.85,357.03
2026-04-22,1770.08,355.94
2026-04-23,1817.26,362.8
2026-04-24,1831.26,366.33
2026-04-27,1784.03,358.24
2026-04-28,1774.88,356.4
2026-04-29,1774.5,354.4
2026-04-30,1761.57,355.37
2026-05-04,1759.77,354.22
2026-05-05,1758.67,358.04
2026-05-06,1744.04,354.55
2026-05-07,1704.29,346.26
2026-05-08,1669.93,341.22
2026-05-11,1716.3,350.55
2026-05-12,1673.43,341.94
2026-05-13,1687.47,337.56
2026-05-14,1646.98,330.26
2026-05-15,1637.88,323.44
2026-05-18,1605.75,320.7
2026-05-19,1589.67,315.1
2026-05-20,1606.03,321.14
2026-05-21,1614.77,323.28
2026-05-22,1612.87,321.03
2026-05-25,1643.77,327.7
2026-05-26,1637.8,325.54
2026-05-27,1611.97,318.63
2026-05-28,1601.33,318.36
2026-05-29,1555.67,308.3
2026-06-01,1533.85,305.91
2026-06-02,1521.66,303.54
2026-06-03,1489.38,293.47
2026-06-05,1433.64,278.16
2026-06-08,1395.16,269.39
2026-06-09,1383.57,267.05
2026-06-10,1398.09,270.27
2026-06-11,1412.22,277.18
2026-06-12,1416.69,279.81
2026-06-15,1427.63,281.53
2026-06-16,1474.18,289.74
2026-06-17,1505.1,294.25
2026-06-18,1495.05,288.79
2026-06-19,1503.88,291.79
2026-06-22,1472.2,286.03
2026-06-23,1491.84,287.56
2026-06-24,1517.29,291.56
2026-06-25,1530.95,295.72
2026-06-26,1517.04,293.37
2026-06-29,1514.13,292.98
2026-06-30,1578.69,305.42
2026-07-01,1665.59,319.75
2026-07-02,1656.79,318.0
2026-07-03,1636.25,316.55
2026-07-06,1787.48,348.17
2026-07-07,1737.76,336.91
2026-07-08,1712.39,332.76
2026-07-09,1762.83,344.17
2026-07-10,1722.48,337.01
2026-07-13,1728.97,336.9
2026-07-14,1755.35,345.88
2026-07-15,1738.26,342.38
2026-07-16,1706.75,334.53
2026-07-17,1712.23,335.14
2026-07-20,1753.28,344.46
2026-07-21,1732.75,341.7
2026-07-22,1701.33,336.56
2026-07-23,1692.59,332.79
2026-07-24,1676.28,330.11
2026-07-27,1725.66,337.77
2026-07-28,1782.18,348.22
2026-07-29,1761.96,345.35
2026-07-30,1746.47,344.61
2026-07-31,1744.18,343.75
2026-08-03,1712.28,336.6
2026-08-04,1729.84,336.87
2026-08-05,1730.24,337.15
2026-08-06,1727.89,338.47
2026-08-07,1732.12,340.7
2026-08-10,1750.23,342.44
2026-08-11,1762.44,341.23
2026-08-12,1771.09,342.37
2026-08-13,1779.4,342.85
2026-08-14,1794.15,343.44
2026-08-17,1784.82,343.37
2026-08-18,1815.45,347.85
2026-08-19,1804.65,348.99
2026-08-20,1821.66,350.72
2026-08-21,1803.76,350.79
2026-08-24,1826.58,354.4
2026-08-25,1821.25,353.85
2026-08-26,1800.79,349.4
2026-08-27,1742.74,337.35
2026-08-28,1728.61,332.3
2026-08-31,1748.44,337.41
2026-09-01,1730.56,336.03
2026-09-02,1696.62,332.15
2026-09-03,1672.25,327.63
2026-09-04,1659.93,323.57
2026-09-08,1635.57,321.2
