date,Valor
2024-09-13,243.0
2024-09-16,247.0
2024-10-10,220.0
2024-10-11,220.0
2025-08-13,215.0
2025-08-14,220.0
2025-08-15,220.0
2025-08-18,220.0
2025-08-19,220.0
2025-08-28,222.5
2025-08-29,222.86
2025-09-01,220.0
2025-09-02,216.67
2025-09-03,216.67
2025-09-04,216.67
2025-09-05,220.0
2025-09-08,217.5
2025-09-09,217.69
2025-09-10,219.67
2025-09-11,219.64
2025-09-12,220.33
2025-09-15,228.5
2025-09-16,225.0
2025-09-17,227.78
2025-09-18,229.55
2025-09-19,231.36
2025-09-22,231.36
2025-09-23,230.42
2025-09-24,230.42
2025-09-25,230.42
2025-09-26,230.42
2025-09-29,230.42
2025-09-30,230.42
2025-10-01,225.42
2025-10-02,225.42
2025-10-03,225.42
2025-10-06,225.42
2025-10-07,225.42
2025-10-08,225.42
2025-10-09,225.42
2025-10-10,224.58
2025-10-13,224.58
2025-10-14,224.58
2025-10-15,224.58
2025-10-16,224.58
2025-10-17,225.91
2025-10-20,227.92
2025-10-21,226.88
2025-10-22,223.89
2025-10-23,223.89
2025-10-24,223.89
2025-10-27,223.89
2025-10-28,226.11
2025-10-29,226.11
2025-10-30,232.14
2025-10-31,232.14
2025-11-03,232.14
2025-11-04,232.14
2025-11-05,222.5
2025-11-06,224.29
2025-11-07,226.0
2025-11-14,227.3
2025-11-17,222.3
2025-11-18,224.0
2025-11-19,227.0
2026-08-12,247.5
2026-08-14,257.5
2026-08-17,257.5
2026-08-20,297.5
2026-08-21,297.5
2026-08-24,308.75
2026-08-26,311.0
2026-08-27,306.67
2026-08-28,305.0
2026-08-31,305.0
2026-09-01,304.17
2026-09-02,291.0
2026-09-03,291.0
2026-09-04,291.0
2026-09-08,295.83
