series,horizon,model,test_year,n_test,qlike,qlike_nonzero_target,mae,rmse
arabica_LUIS EDUARDO MAGALHAES,1,HAR-RV,2006,239,12.539144012383996,27.150961978591514,2.2446380028074295,3.375968596866748
arabica_LUIS EDUARDO MAGALHAES,1,"GARCH(1,1)",2006,239,9.23363483478328,1.8255343801659973,4.143851035437644,4.459499318483229
arabica_LUIS EDUARDO MAGALHAES,1,"EGARCH(1,1,1)",2006,239,9.319293907463633,1.8400641962072946,4.363373642112992,4.674971951877702
arabica_LUIS EDUARDO MAGALHAES,1,HAR-RV,2007,7,10.332830350454573,14.388061286650224,1.9632656199415064,2.418339554887093
arabica_LUIS EDUARDO MAGALHAES,1,"GARCH(1,1)",2007,7,7.885821067478724,0.6345725143095409,3.086992832104736,3.280068682262291
arabica_LUIS EDUARDO MAGALHAES,1,"EGARCH(1,1,1)",2007,7,7.959935070483239,0.4865465120183391,3.3063456740266832,3.4977894767457207
arabica_LUIS EDUARDO MAGALHAES,1,HAR-RV,2008,238,8.54648096552819,8.961370120094614,1.3597341543051293,1.5921339321190289
arabica_LUIS EDUARDO MAGALHAES,1,"GARCH(1,1)",2008,238,8.789035650286177,0.3716238834673593,3.0772428477619345,3.207924111710124
arabica_LUIS EDUARDO MAGALHAES,1,"EGARCH(1,1,1)",2008,238,8.784352961760556,0.41269259682615894,3.0689389788645816,3.2028920910212166
arabica_LUIS EDUARDO MAGALHAES,1,HAR-RV,2009,234,9.8472818482165,19.85754282120264,1.3672084252443926,1.850929532908039
arabica_LUIS EDUARDO MAGALHAES,1,"GARCH(1,1)",2009,234,8.824006859503179,2.3708282827430516,2.3236849346932495,2.4950712392149015
arabica_LUIS EDUARDO MAGALHAES,1,"EGARCH(1,1,1)",2009,234,8.864370563372821,2.7566625768208923,2.3313659089151275,2.516295946901427
arabica_LUIS EDUARDO MAGALHAES,1,HAR-RV,2010,226,13.133450087297414,42.51124896238646,1.6649904091515744,3.316438515244298
arabica_LUIS EDUARDO MAGALHAES,1,"GARCH(1,1)",2010,226,9.694235307080104,4.956923678101447,3.5263673222736065,4.28548905501988
arabica_LUIS EDUARDO MAGALHAES,1,"EGARCH(1,1,1)",2010,226,9.603739899120953,4.789312933621373,3.354999010730892,4.10749615743306
arabica_LUIS EDUARDO MAGALHAES,1,HAR-RV,2011,73,20.538474041412467,109.96490795767714,1.5808638984953634,2.9691462088223717
arabica_LUIS EDUARDO MAGALHAES,1,"GARCH(1,1)",2011,73,10.521022798237853,14.5367145206064,2.728858088038181,3.401964859905155
arabica_LUIS EDUARDO MAGALHAES,1,"EGARCH(1,1,1)",2011,73,10.555065710848654,14.160548365553277,2.823889730090256,3.471667238096006
arabica_LUIS EDUARDO MAGALHAES,1,HAR-RV,2012,238,9.54311492219318,33.2220355749996,1.0156003355980083,1.3397100128934352
arabica_LUIS EDUARDO MAGALHAES,1,"GARCH(1,1)",2012,238,9.188151544846296,2.0304965283517493,2.199921270662578,2.2867027607113477
arabica_LUIS EDUARDO MAGALHAES,1,"EGARCH(1,1,1)",2012,238,9.137965193967302,2.791516581528712,2.120766153352265,2.230447238664391
arabica_LUIS EDUARDO MAGALHAES,1,HAR-RV,2013,240,53.38074596831919,740.3782404128928,1.402441723932233,5.1931696081658965
arabica_LUIS EDUARDO MAGALHAES,1,"GARCH(1,1)",2013,240,15.308510606812131,99.29458673239647,2.6273200636783915,5.4184616584039675
arabica_LUIS EDUARDO MAGALHAES,1,"EGARCH(1,1,1)",2013,240,21.86713724401333,211.6941214855892,2.1991458454909965,5.30261784304698
arabica_LUIS EDUARDO MAGALHAES,1,HAR-RV,2016,178,11.852586170207733,43.000126563002155,1.3723604845416404,2.2610000204705414
arabica_LUIS EDUARDO MAGALHAES,1,"GARCH(1,1)",2016,178,9.963611882373408,1.381489778530144,4.596120915000347,5.46406843667469
arabica_LUIS EDUARDO MAGALHAES,1,"EGARCH(1,1,1)",2016,178,10.063683794770775,1.2701695731932776,5.200356857490618,6.774694761287717
arabica_LUIS EDUARDO MAGALHAES,1,HAR-RV,2017,233,9.857498502446797,40.19077689112337,0.8384449735097123,1.2247686144447145
arabica_LUIS EDUARDO MAGALHAES,1,"GARCH(1,1)",2017,233,9.584011274177769,1.5668958884975521,2.6630368109782796,2.736286094755963
arabica_LUIS EDUARDO MAGALHAES,1,"EGARCH(1,1,1)",2017,225,13506.145867106823,202592.1880066024,0.23761769580992473,1.1619572858559257
arabica_LUIS EDUARDO MAGALHAES,1,HAR-RV,2018,241,11.608482018494339,60.06093873834135,0.9262998498881481,1.5078620563197493
arabica_LUIS EDUARDO MAGALHAES,1,"GARCH(1,1)",2018,241,9.464134443838843,2.6506199704102187,2.5033393927470557,2.6496853467556836
arabica_LUIS EDUARDO MAGALHAES,1,"EGARCH(1,1,1)",2018,241,9.223957108897837,3.218595604766422,2.2080038933523944,2.3890584095529377
arabica_LUIS EDUARDO MAGALHAES,1,HAR-RV,2019,239,16.850678634049757,140.57325504450225,0.9898250620535906,1.7951363981939266
arabica_LUIS EDUARDO MAGALHAES,1,"GARCH(1,1)",2019,239,9.765106743388376,7.045200161003849,2.5106041392889322,2.7472502035378303
arabica_LUIS EDUARDO MAGALHAES,1,"EGARCH(1,1,1)",2019,239,9.716159052133651,9.583228867961726,2.2754873951865973,2.5338861253477947
arabica_LUIS EDUARDO MAGALHAES,1,HAR-RV,2020,131,15.513197506995485,64.55274835202489,1.310963098560913,2.1277432222966124
arabica_LUIS EDUARDO MAGALHAES,1,"GARCH(1,1)",2020,131,9.287407664156488,3.2479200906165686,2.8405772599200465,2.9788686561304125
arabica_LUIS EDUARDO MAGALHAES,1,"EGARCH(1,1,1)",2020,131,9.327403119102618,3.865950400782048,2.838336218978928,3.019881991421179
arabica_LUIS EDUARDO MAGALHAES,1,HAR-RV,2021,241,32.1120363415161,253.80820125866296,1.22527505255556,2.777601122729631
arabica_LUIS EDUARDO MAGALHAES,1,"GARCH(1,1)",2021,241,10.633305224300727,13.154931953052019,3.1792333045124077,3.800949387346822
arabica_LUIS EDUARDO MAGALHAES,1,"EGARCH(1,1,1)",2021,241,11.601619783662507,33.48259780507305,2.0020898121714765,3.0133322763434274
arabica_LUIS EDUARDO MAGALHAES,1,HAR-RV,2022,244,22.83791451110398,124.44711712031503,1.0898600012487234,2.329706565271454
arabica_LUIS EDUARDO MAGALHAES,1,"GARCH(1,1)",2022,244,9.652595008975092,5.907707418001958,2.766705181645464,3.275765347808932
arabica_LUIS EDUARDO MAGALHAES,1,"EGARCH(1,1,1)",2022,244,9.663658094674732,6.242490889254796,2.72717207300156,3.248739077714356
arabica_LUIS EDUARDO MAGALHAES,1,HAR-RV,2023,241,15.541902235850136,96.11626346365597,1.0522050726414565,1.9485188355266314
arabica_LUIS EDUARDO MAGALHAES,1,"GARCH(1,1)",2023,241,9.667040916741282,4.451867324993813,2.7626033862278288,2.9648645174407693
arabica_LUIS EDUARDO MAGALHAES,1,"EGARCH(1,1,1)",2023,241,9.806651810095488,3.7755681389063698,3.0505610943777635,3.225466547487653
arabica_LUIS EDUARDO MAGALHAES,1,HAR-RV,2024,244,22.20512712695306,107.2437198336065,1.213133564112139,2.6666225979528098
arabica_LUIS EDUARDO MAGALHAES,1,"GARCH(1,1)",2024,244,9.572289756880973,5.730011242207764,2.9205138793733054,3.444928349705089
arabica_LUIS EDUARDO MAGALHAES,1,"EGARCH(1,1,1)",2024,244,9.87337283468063,9.865848102593919,2.4965288027433017,3.145544576116831
arabica_LUIS EDUARDO MAGALHAES,1,HAR-RV,2026,12,10.177555276013829,31.861893089445815,1.264084977316843,1.529227461776552
arabica_LUIS EDUARDO MAGALHAES,1,"GARCH(1,1)",2026,12,9.729801305272476,0.4678865127656813,3.1262796362299845,3.1591047777175256
arabica_LUIS EDUARDO MAGALHAES,1,"EGARCH(1,1,1)",2026,12,9.32229222515822,1.4769057053348713,2.4824135206660802,2.482795722979928
arabica_LUIS EDUARDO MAGALHAES,5,HAR-RV,2006,239,4.1114545217686755,0.9528936691938793,4.39518563942663,5.187719005898267
arabica_LUIS EDUARDO MAGALHAES,5,"GARCH(1,1)",2006,239,4.208074761134721,0.6799492474599531,5.643737460455816,6.578051674640461
arabica_LUIS EDUARDO MAGALHAES,5,"EGARCH(1,1,1)",2006,239,4.333947148462955,0.8074247494687091,6.25888123717585,7.178056957920299
arabica_LUIS EDUARDO MAGALHAES,5,HAR-RV,2007,7,0.3975724671753746,0.3975724671753746,2.258073363289623,2.31569215955182
arabica_LUIS EDUARDO MAGALHAES,5,"GARCH(1,1)",2007,7,0.3457392077325149,0.3457392077325149,2.1366202804317673,2.9972604547687136
arabica_LUIS EDUARDO MAGALHAES,5,"EGARCH(1,1,1)",2007,7,0.4364155030446434,0.4364155030446434,3.0255515408238125,3.7105188905756057
arabica_LUIS EDUARDO MAGALHAES,5,HAR-RV,2008,238,4.581047563986036,0.4796533833111667,2.9878756672193068,3.488719653949587
arabica_LUIS EDUARDO MAGALHAES,5,"GARCH(1,1)",2008,238,5.196016334367708,0.820884502700705,5.582326339549543,6.054950982895337
arabica_LUIS EDUARDO MAGALHAES,5,"EGARCH(1,1,1)",2008,238,5.2262139271010675,0.8406292755230709,5.724549861965275,6.233136804826212
arabica_LUIS EDUARDO MAGALHAES,5,HAR-RV,2009,234,5.484907116757306,0.6045871965641075,3.1019129645820898,3.642971090119429
arabica_LUIS EDUARDO MAGALHAES,5,"GARCH(1,1)",2009,234,5.608559435243585,0.46176683174829897,3.5723992297672864,4.128091019256805
arabica_LUIS EDUARDO MAGALHAES,5,"EGARCH(1,1,1)",2009,234,5.659374451346055,0.49314079870872873,3.741060101386884,4.32705412471576
arabica_LUIS EDUARDO MAGALHAES,5,HAR-RV,2010,226,6.821830604126584,3.358598832431928,4.414664721786301,6.700135324896197
arabica_LUIS EDUARDO MAGALHAES,5,"GARCH(1,1)",2010,226,6.609971017512862,1.9827089023796405,6.653970800903048,8.08641222792731
arabica_LUIS EDUARDO MAGALHAES,5,"EGARCH(1,1,1)",2010,226,6.508076673950971,1.7735927712810182,6.515604394926072,7.845879565101204
arabica_LUIS EDUARDO MAGALHAES,5,HAR-RV,2011,73,10.29237954988689,9.805614325879853,4.489826215798178,6.047695036610289
arabica_LUIS EDUARDO MAGALHAES,5,"GARCH(1,1)",2011,73,7.8678807724707065,3.397671121611112,5.209004082578957,6.286230614837315
arabica_LUIS EDUARDO MAGALHAES,5,"EGARCH(1,1,1)",2011,73,7.752679952082054,2.8917095615175166,5.5413729854665466,6.521006668523659
arabica_LUIS EDUARDO MAGALHAES,5,HAR-RV,2012,238,7.4129093372855435,0.9402247025403495,2.8833267096149338,3.2594793251522844
arabica_LUIS EDUARDO MAGALHAES,5,"GARCH(1,1)",2012,238,7.66950604872607,0.3056659029316867,3.760227350253632,4.205202451843961
arabica_LUIS EDUARDO MAGALHAES,5,"EGARCH(1,1,1)",2012,238,7.683967820527677,0.43319507415104846,3.7745048592045256,4.247885451825222
arabica_LUIS EDUARDO MAGALHAES,5,HAR-RV,2013,240,19.750333445507327,43.88870747364925,5.264556563125999,11.278339805291795
arabica_LUIS EDUARDO MAGALHAES,5,"GARCH(1,1)",2013,240,13.72986726039896,19.946507539597615,6.199844958486068,11.35265654419666
arabica_LUIS EDUARDO MAGALHAES,5,"EGARCH(1,1,1)",2013,240,18.9229458572488,39.92351201587264,5.534683234822313,11.287386127663046
arabica_LUIS EDUARDO MAGALHAES,5,HAR-RV,2016,178,6.988610302582023,1.9748919672259502,4.101600504537348,6.173320658766263
arabica_LUIS EDUARDO MAGALHAES,5,"GARCH(1,1)",2016,178,7.622152370173805,1.0627797999360307,8.79186243130922,11.040250067452156
arabica_LUIS EDUARDO MAGALHAES,5,"EGARCH(1,1,1)",2016,178,7.7710887161521125,1.105167882213264,10.38331250082537,14.312326427115712
arabica_LUIS EDUARDO MAGALHAES,5,HAR-RV,2017,233,8.27901725456065,1.737136400511453,2.873349131189956,3.1298218287921187
arabica_LUIS EDUARDO MAGALHAES,5,"GARCH(1,1)",2017,233,9.147821912153312,0.9039552420916579,5.50338774639108,5.725870692150735
arabica_LUIS EDUARDO MAGALHAES,5,"EGARCH(1,1,1)",2017,7,34859.37378595961,81338.53883390575,1.1856551701273712,1.867206371794184
arabica_LUIS EDUARDO MAGALHAES,5,HAR-RV,2018,241,7.166917274747014,1.7302464959324138,2.8088693933725897,3.306656074098986
arabica_LUIS EDUARDO MAGALHAES,5,"GARCH(1,1)",2018,241,7.6301458553863934,0.8840295229494146,4.741634028506319,5.107931480147063
arabica_LUIS EDUARDO MAGALHAES,5,"EGARCH(1,1,1)",2018,241,7.432889020082605,0.7613187830167156,4.250148678271368,4.626155372121872
arabica_LUIS EDUARDO MAGALHAES,5,HAR-RV,2019,239,8.729986319256085,5.539609374855615,3.0885200372078216,3.8566882020541375
arabica_LUIS EDUARDO MAGALHAES,5,"GARCH(1,1)",2019,239,8.110889234938702,1.1127098247005534,4.803245627008456,5.241822373677324
arabica_LUIS EDUARDO MAGALHAES,5,"EGARCH(1,1,1)",2019,239,8.055897844221734,1.119122091841568,4.470215052993449,4.997538251239848
arabica_LUIS EDUARDO MAGALHAES,5,HAR-RV,2020,131,5.5500825624385595,2.2092030429130336,3.1841391228957314,3.6537776944757816
arabica_LUIS EDUARDO MAGALHAES,5,"GARCH(1,1)",2020,131,5.08213241685682,0.6032110118643905,4.054225303210118,4.677903900267085
arabica_LUIS EDUARDO MAGALHAES,5,"EGARCH(1,1,1)",2020,131,5.148201678047408,0.7147346655056469,4.32055391689297,5.001967119983821
arabica_LUIS EDUARDO MAGALHAES,5,HAR-RV,2021,241,11.824871947646056,13.515723179798773,4.2467733122745726,6.017390675365771
arabica_LUIS EDUARDO MAGALHAES,5,"GARCH(1,1)",2021,241,8.279839502328013,3.3467847380317752,6.420898141790215,7.4122954132973025
arabica_LUIS EDUARDO MAGALHAES,5,"EGARCH(1,1,1)",2021,241,9.135304461586152,6.793426383362127,4.425066884314469,5.916192272617146
arabica_LUIS EDUARDO MAGALHAES,5,HAR-RV,2022,244,8.23910956863253,6.332133631288773,3.192299322071516,4.902942238435781
arabica_LUIS EDUARDO MAGALHAES,5,"GARCH(1,1)",2022,244,6.432704377263805,1.9547112391547787,5.253532153001405,6.159361739117646
arabica_LUIS EDUARDO MAGALHAES,5,"EGARCH(1,1,1)",2022,244,6.447999055293029,1.980648847002003,5.306722182125125,6.222362090011271
arabica_LUIS EDUARDO MAGALHAES,5,HAR-RV,2023,241,7.367125522093348,3.486079046438703,3.2146866730212293,3.962501203790175
arabica_LUIS EDUARDO MAGALHAES,5,"GARCH(1,1)",2023,241,7.049710247744485,1.1321300759934088,4.963987553586964,5.410092079521225
arabica_LUIS EDUARDO MAGALHAES,5,"EGARCH(1,1,1)",2023,241,7.201808693494011,1.1698521400770174,5.598696140875232,6.066798119335297
arabica_LUIS EDUARDO MAGALHAES,5,HAR-RV,2024,244,7.185500468652179,5.320286146756668,3.665781491510013,5.222451503117255
arabica_LUIS EDUARDO MAGALHAES,5,"GARCH(1,1)",2024,244,5.623481574828227,2.1710522537693473,5.481835858115042,6.04671274476059
arabica_LUIS EDUARDO MAGALHAES,5,"EGARCH(1,1,1)",2024,244,5.905450769516188,2.8022459684811305,4.988122859698683,5.696600134667669
arabica_LUIS EDUARDO MAGALHAES,5,HAR-RV,2026,8,4.233737409713051,0.061382967591451676,1.9242741480760313,2.7920482958009907
arabica_LUIS EDUARDO MAGALHAES,5,"GARCH(1,1)",2026,8,4.746821301688508,0.26482433432118746,4.34855409206005,4.958331013846883
arabica_LUIS EDUARDO MAGALHAES,5,"EGARCH(1,1,1)",2026,8,4.414608230315471,0.047348922229231906,2.6782081413452676,3.5605397981039677
arabica_LUIS EDUARDO MAGALHAES,20,HAR-RV,2006,239,0.9175127177821524,0.5214681724594096,7.226438286675406,8.242772813051374
arabica_LUIS EDUARDO MAGALHAES,20,"GARCH(1,1)",2006,239,1.0551773653405596,0.6538274768051819,8.912446749559624,10.233631354060964
arabica_LUIS EDUARDO MAGALHAES,20,"EGARCH(1,1,1)",2006,239,1.0912536684979488,0.6954949386322448,9.40333716999769,10.614972936083154
arabica_LUIS EDUARDO MAGALHAES,20,HAR-RV,2007,7,0.20337562335204362,0.20337562335204362,4.440087158097317,4.481239410782775
arabica_LUIS EDUARDO MAGALHAES,20,"GARCH(1,1)",2007,7,0.4347116577076555,0.4347116577076555,7.669306289969045,7.679290554163918
arabica_LUIS EDUARDO MAGALHAES,20,"EGARCH(1,1,1)",2007,7,0.73084703692198,0.73084703692198,11.765794938900674,11.777337004007075
arabica_LUIS EDUARDO MAGALHAES,20,HAR-RV,2008,238,1.324957009383279,0.8992948724768112,8.043527234601372,8.559261205791952
arabica_LUIS EDUARDO MAGALHAES,20,"GARCH(1,1)",2008,238,1.6386908463147896,1.2101468366106554,11.230716060897395,11.558684163834752
arabica_LUIS EDUARDO MAGALHAES,20,"EGARCH(1,1,1)",2008,238,1.8753116995177241,1.4446020778555348,13.85681414127161,14.215957102178894
arabica_LUIS EDUARDO MAGALHAES,20,HAR-RV,2009,234,1.1107028959184513,0.7921128166978336,5.9008088797894,6.994978801313431
arabica_LUIS EDUARDO MAGALHAES,20,"GARCH(1,1)",2009,234,0.9685787573424782,0.6561074455386774,4.804742645985041,5.975245254479347
arabica_LUIS EDUARDO MAGALHAES,20,"EGARCH(1,1,1)",2009,234,1.0616914845217356,0.7412643517382971,5.938337946968955,6.898393638713224
arabica_LUIS EDUARDO MAGALHAES,20,HAR-RV,2010,226,2.3645458370238503,1.404533819835251,8.454708910452485,10.709485040984879
arabica_LUIS EDUARDO MAGALHAES,20,"GARCH(1,1)",2010,226,2.488952939598676,1.5375151635908362,10.620210677934,13.16015638960848
arabica_LUIS EDUARDO MAGALHAES,20,"EGARCH(1,1,1)",2010,226,2.4279863341989185,1.4308716062696594,11.711881122535901,13.752514469663884
arabica_LUIS EDUARDO MAGALHAES,20,HAR-RV,2011,73,2.891582079390449,1.0684709770430703,8.3532544176315,8.740109050749943
arabica_LUIS EDUARDO MAGALHAES,20,"GARCH(1,1)",2011,73,2.8620232229541402,1.0023698268411418,8.28393375623094,8.736148614261863
arabica_LUIS EDUARDO MAGALHAES,20,"EGARCH(1,1,1)",2011,73,2.595795990886692,0.5927207402385969,8.241028027807813,9.407595926168788
arabica_LUIS EDUARDO MAGALHAES,20,HAR-RV,2012,238,2.109633188154367,0.6812569471602447,5.378190718219861,6.019547424508156
arabica_LUIS EDUARDO MAGALHAES,20,"GARCH(1,1)",2012,238,2.0850024707135355,0.6805055288503207,5.455165437288405,5.912060018706845
arabica_LUIS EDUARDO MAGALHAES,20,"EGARCH(1,1,1)",2012,238,2.288568480463678,0.8844516077782013,6.968311866373166,7.57581734240865
arabica_LUIS EDUARDO MAGALHAES,20,HAR-RV,2013,240,7.570805294678569,5.95404585850578,10.847782773558105,19.846040665616634
arabica_LUIS EDUARDO MAGALHAES,20,"GARCH(1,1)",2013,240,7.73728566506903,6.1947338274713335,11.245130258611301,20.046853973780962
arabica_LUIS EDUARDO MAGALHAES,20,"EGARCH(1,1,1)",2013,240,9.592931640703052,8.622208214158944,11.280957497189029,20.39700434045482
arabica_LUIS EDUARDO MAGALHAES,20,HAR-RV,2016,178,2.0619928610823206,1.2793217558939578,8.243023662274853,10.929361291307455
arabica_LUIS EDUARDO MAGALHAES,20,"GARCH(1,1)",2016,178,2.3830324405592225,1.5739997583983503,14.234213272710537,18.84548727019793
arabica_LUIS EDUARDO MAGALHAES,20,"EGARCH(1,1,1)",2016,178,2.7171740293792923,1.8980152165993867,19.569302768637392,26.744346406439874
arabica_LUIS EDUARDO MAGALHAES,20,HAR-RV,2017,233,5.743296923120809,1.246550464572694,7.162559996260454,7.71434322833213
arabica_LUIS EDUARDO MAGALHAES,20,"GARCH(1,1)",2017,233,6.2775918204534085,1.6975451118277352,10.49023275416132,11.159680760319022
arabica_LUIS EDUARDO MAGALHAES,20,"EGARCH(1,1,1)",2017,7,137035.20774875898,239811.61356032823,2.5174363461259213,3.701926308480127
arabica_LUIS EDUARDO MAGALHAES,20,HAR-RV,2018,241,2.0808844170448246,0.8580224669416899,5.255900221407789,5.766374424266266
arabica_LUIS EDUARDO MAGALHAES,20,"GARCH(1,1)",2018,241,2.4393524891587774,1.1925523775742322,7.756644445334174,8.343413529502591
arabica_LUIS EDUARDO MAGALHAES,20,"EGARCH(1,1,1)",2018,241,2.478177183765298,1.2238547262769144,8.245462861719497,8.986880539952764
arabica_LUIS EDUARDO MAGALHAES,20,HAR-RV,2019,239,3.7673320992796686,0.5991763299507373,5.549407796018289,6.228486796809821
arabica_LUIS EDUARDO MAGALHAES,20,"GARCH(1,1)",2019,239,3.965402954775191,0.6493909580979235,7.297754466912587,8.294996027773031
arabica_LUIS EDUARDO MAGALHAES,20,"EGARCH(1,1,1)",2019,239,4.080482380480522,0.6345731748532031,7.878323603569829,9.653633778478314
arabica_LUIS EDUARDO MAGALHAES,20,HAR-RV,2020,131,0.2880933083178785,0.2880933083178785,2.9331240147337265,3.8056886859946344
arabica_LUIS EDUARDO MAGALHAES,20,"GARCH(1,1)",2020,131,0.3826156311761305,0.3826156311761305,4.880729036768433,5.513621230918991
arabica_LUIS EDUARDO MAGALHAES,20,"EGARCH(1,1,1)",2020,131,0.5282318674531726,0.5282318674531726,6.421206203359394,7.897808097578111
arabica_LUIS EDUARDO MAGALHAES,20,HAR-RV,2021,241,2.4268068302941876,2.063479463356881,7.143714750951541,9.1734934160113
arabica_LUIS EDUARDO MAGALHAES,20,"GARCH(1,1)",2021,241,2.152653384267437,1.7636359320435513,8.785920453523048,10.993536185842084
arabica_LUIS EDUARDO MAGALHAES,20,"EGARCH(1,1,1)",2021,241,2.5721965130411633,2.20833233185407,6.911856356645609,8.857695079935867
arabica_LUIS EDUARDO MAGALHAES,20,HAR-RV,2022,244,1.6605848580556541,1.431854144244922,5.776073917639196,7.61984577289723
arabica_LUIS EDUARDO MAGALHAES,20,"GARCH(1,1)",2022,244,1.6654602556161717,1.4230160705374568,8.209590429155387,9.311914540943516
arabica_LUIS EDUARDO MAGALHAES,20,"EGARCH(1,1,1)",2022,244,1.7398249418864757,1.5000475507230349,9.249031166099856,10.385492681506815
arabica_LUIS EDUARDO MAGALHAES,20,HAR-RV,2023,241,1.099685001162913,0.6906809717997655,4.283952635421801,5.0897517291572925
arabica_LUIS EDUARDO MAGALHAES,20,"GARCH(1,1)",2023,241,1.291105482813023,0.8691069378298971,6.070943128211275,6.983829607608593
arabica_LUIS EDUARDO MAGALHAES,20,"EGARCH(1,1,1)",2023,241,1.49943047765737,1.0683230726009905,7.739945677124018,9.113984799629767
arabica_LUIS EDUARDO MAGALHAES,20,HAR-RV,2024,237,1.6762051127698387,1.6310986733252626,6.70605559240151,7.73848994551799
arabica_LUIS EDUARDO MAGALHAES,20,"GARCH(1,1)",2024,237,1.5512414699450143,1.502612244777891,7.908136791784599,8.805589616441836
arabica_LUIS EDUARDO MAGALHAES,20,"EGARCH(1,1,1)",2024,237,1.740833503848257,1.6929883272939892,8.220541740382123,8.964284091229137
arabica_VITORIA DA CONQUISTA,1,HAR-RV,2004,239,8.826565517013321,11.220682721439884,1.340269617261297,1.6501618891269745
arabica_VITORIA DA CONQUISTA,1,"GARCH(1,1)",2004,239,9.46177185819539,0.43986991252086377,3.7681263962380993,3.9173036541100497
arabica_VITORIA DA CONQUISTA,1,"EGARCH(1,1,1)",2004,221,28498.388819262884,190852.84633506354,0.572412103780534,1.6876688089693856
arabica_VITORIA DA CONQUISTA,1,HAR-RV,2005,184,1020.2469227645893,6660.521191064588,1.8095536151157245,3.9614402185354374
arabica_VITORIA DA CONQUISTA,1,"GARCH(1,1)",2005,184,10.189669115559306,7.530062296262099,3.622325995267168,4.513096152396451
arabica_VITORIA DA CONQUISTA,1,HAR-RV,2006,226,9.383502508150851,17.074053524585896,1.2343954472427225,1.5658373753392683
arabica_VITORIA DA CONQUISTA,1,"GARCH(1,1)",2006,226,9.217476109028143,0.41333632482934834,3.2128515665948196,3.311029253692436
arabica_VITORIA DA CONQUISTA,1,"EGARCH(1,1,1)",2006,226,9.312617657739121,0.40351880084817027,3.409445317701501,3.5390017480675056
arabica_VITORIA DA CONQUISTA,1,HAR-RV,2007,8,13.157853643235132,21.78821935763096,1.6225775832039546,2.2985453742822273
arabica_VITORIA DA CONQUISTA,1,"GARCH(1,1)",2007,8,6.908488312517593,0.8007052474457828,2.721708753764644,2.9092570258655543
arabica_VITORIA DA CONQUISTA,1,"EGARCH(1,1,1)",2007,8,6.623991861773937,0.7407796235987515,2.433585765140271,2.6312509906285837
arabica_VITORIA DA CONQUISTA,1,HAR-RV,2008,213,9.095238866647675,14.668428917610203,1.099973186316054,1.4712923830362903
arabica_VITORIA DA CONQUISTA,1,"GARCH(1,1)",2008,213,8.708606352754874,0.5894909867894361,2.860373919731049,2.989842349709661
arabica_VITORIA DA CONQUISTA,1,"EGARCH(1,1,1)",2008,213,8.692128336785236,0.5766262939452074,2.8695783230536356,3.014779914737223
arabica_VITORIA DA CONQUISTA,1,HAR-RV,2009,229,10.734627284673582,24.855492058474077,1.1460583017221395,1.6002131554657082
arabica_VITORIA DA CONQUISTA,1,"GARCH(1,1)",2009,229,8.681709619336461,0.6290045338524792,2.6602383623549373,2.822403803845794
arabica_VITORIA DA CONQUISTA,1,"EGARCH(1,1,1)",2009,229,8.703287750097314,0.7640044922510881,2.693549736910542,2.863073061285805
arabica_VITORIA DA CONQUISTA,1,HAR-RV,2010,225,9.936967826006452,28.540234110434007,0.9863130175614717,1.40464045324332
arabica_VITORIA DA CONQUISTA,1,"GARCH(1,1)",2010,225,9.24008050208689,1.0489324661899122,2.638032852742779,2.748641689043978
arabica_VITORIA DA CONQUISTA,1,"EGARCH(1,1,1)",2010,225,9.307994851909752,0.988991487170087,2.753829809044551,2.86536901026103
arabica_VITORIA DA CONQUISTA,1,HAR-RV,2011,75,13.5314530683862,48.55096674525637,1.1330110499818105,1.802940627964904
arabica_VITORIA DA CONQUISTA,1,"GARCH(1,1)",2011,75,8.964257986839094,8.980290308573018,1.6617386576169706,1.9787550516628454
arabica_VITORIA DA CONQUISTA,1,"EGARCH(1,1,1)",2011,75,9.014656695980483,1.6618433490184834,2.669868424891465,2.834716188362678
arabica_VITORIA DA CONQUISTA,1,HAR-RV,2012,188,7.815723211012741,13.24411896300786,0.7569506939263144,0.8603089689750594
arabica_VITORIA DA CONQUISTA,1,"GARCH(1,1)",2012,188,8.240327246596145,2.259105064259026,1.2938854110505307,1.3146097358588789
arabica_VITORIA DA CONQUISTA,1,"EGARCH(1,1,1)",2012,188,9.434526060606784,0.20197712338888543,2.5384958636972454,2.593225826231154
arabica_VITORIA DA CONQUISTA,1,HAR-RV,2013,179,94.53715993422747,607.402107002107,1.5905059802226393,6.680170535077989
arabica_VITORIA DA CONQUISTA,1,"GARCH(1,1)",2013,179,22.47767228489306,101.22427842042867,2.2286219530928952,6.672614208899314
arabica_VITORIA DA CONQUISTA,1,"EGARCH(1,1,1)",2013,179,15.069395710185013,44.814675615630065,2.9282622853154776,6.808257885830745
arabica_VITORIA DA CONQUISTA,1,HAR-RV,2014,113,84.37414203697311,583.234300087069,1.8947001654674707,5.6236901758151365
arabica_VITORIA DA CONQUISTA,1,"GARCH(1,1)",2014,113,24.455598701549263,126.42675921118824,2.16193029719832,5.564232596363049
arabica_VITORIA DA CONQUISTA,1,"EGARCH(1,1,1)",2014,112,630.0692055672179,4639.512370983624,3.0992550876969593,5.807255287897241
arabica_VITORIA DA CONQUISTA,1,HAR-RV,2015,140,51.60863959488636,274.8654400219044,1.6846790288576041,4.9064472302514615
arabica_VITORIA DA CONQUISTA,1,"GARCH(1,1)",2015,140,11.068293364644006,7.892687061287647,5.796173562394302,6.931292251333615
arabica_VITORIA DA CONQUISTA,1,"EGARCH(1,1,1)",2015,140,10.767536492810725,11.480991429531652,3.6840117234180028,5.524686951760963
arabica_VITORIA DA CONQUISTA,1,HAR-RV,2016,206,17.104153990433264,56.280782997830876,1.2878423468661007,2.5550282756411797
arabica_VITORIA DA CONQUISTA,1,"GARCH(1,1)",2016,206,9.212417699081154,2.379756775501045,3.5947231674649833,4.009492880419341
arabica_VITORIA DA CONQUISTA,1,"EGARCH(1,1,1)",2016,206,8.957810079968564,1.985211106842856,3.186884538538861,3.619387073174556
arabica_VITORIA DA CONQUISTA,1,HAR-RV,2017,228,7.545458849789081,7.185489007151175,0.8014560180987251,0.8987466124347222
arabica_VITORIA DA CONQUISTA,1,"GARCH(1,1)",2017,228,8.787646387700253,0.28867788731779165,2.093114343539792,2.175923706231348
arabica_VITORIA DA CONQUISTA,1,"EGARCH(1,1,1)",2017,228,9.416283309128627,0.5688413095193922,2.9553503880003813,3.018713128678035
arabica_VITORIA DA CONQUISTA,1,HAR-RV,2018,238,7.797845527913145,10.049649505011615,0.8077128361424445,0.938438639412013
arabica_VITORIA DA CONQUISTA,1,"GARCH(1,1)",2018,238,8.213190469604895,0.5669125285784877,1.6891145504952798,1.7400871339495978
arabica_VITORIA DA CONQUISTA,1,"EGARCH(1,1,1)",2018,238,9.025466731779614,0.3842786027270846,2.6748806724595804,2.77588332951324
arabica_VITORIA DA CONQUISTA,1,HAR-RV,2019,239,10.16624197634318,27.526516745004535,0.9130573998108792,1.3215468073546097
arabica_VITORIA DA CONQUISTA,1,"GARCH(1,1)",2019,239,8.418638803499913,2.4284001434197005,1.7525203584002957,1.8999547383369106
arabica_VITORIA DA CONQUISTA,1,"EGARCH(1,1,1)",2019,239,9.029041099101677,0.8005092326553849,2.720067267415898,2.8424806321434013
arabica_VITORIA DA CONQUISTA,1,HAR-RV,2020,130,14.086566571800978,33.615525971300045,1.239173475956136,1.8784303913985758
arabica_VITORIA DA CONQUISTA,1,"GARCH(1,1)",2020,130,7.842198370294963,1.6486516548962111,2.17525750444818,2.40178577863541
arabica_VITORIA DA CONQUISTA,1,"EGARCH(1,1,1)",2020,130,7.9677625486364345,0.8499265929791616,2.5831968391585707,2.847054145389203
arabica_VITORIA DA CONQUISTA,1,HAR-RV,2021,241,39.44137885029542,100.08029835081516,2.1935229504244833,5.2201353094694545
arabica_VITORIA DA CONQUISTA,1,"GARCH(1,1)",2021,241,8.337260269395088,3.2347057991988257,4.768668320329973,6.108344832487139
arabica_VITORIA DA CONQUISTA,1,"EGARCH(1,1,1)",2021,241,9.555358826364682,7.306740507256518,3.9919661383742002,5.875708585330634
arabica_VITORIA DA CONQUISTA,1,HAR-RV,2022,243,15.799724202099293,24.52474527909248,1.5278429865089656,2.8514462394790834
arabica_VITORIA DA CONQUISTA,1,"GARCH(1,1)",2022,243,6.484515387025182,2.0316045782157697,2.838224445811141,3.4487866692906
arabica_VITORIA DA CONQUISTA,1,"EGARCH(1,1,1)",2022,243,6.850340125426145,1.6996937082559045,4.604217260538174,5.020930024210349
arabica_VITORIA DA CONQUISTA,1,HAR-RV,2023,241,7.603305547015145,7.507144485265247,1.0872335403215734,1.5081359058006851
arabica_VITORIA DA CONQUISTA,1,"GARCH(1,1)",2023,241,4.891458010597444,0.7865095315084797,1.7459931570487544,1.9849899220140834
arabica_VITORIA DA CONQUISTA,1,"EGARCH(1,1,1)",2023,241,5.8263652852378485,1.3435221711853769,3.793612784528581,4.048651588654988
arabica_VITORIA DA CONQUISTA,1,HAR-RV,2024,244,9.859682335559244,11.40052406011098,1.2803806398918887,2.0881463644457217
arabica_VITORIA DA CONQUISTA,1,"GARCH(1,1)",2024,244,5.018304812496042,1.2849663494476387,1.8490494667674855,2.3115556390331
arabica_VITORIA DA CONQUISTA,1,"EGARCH(1,1,1)",2024,244,5.4352171213020455,1.1989597672578491,3.1432061096368615,3.46452786109805
arabica_VITORIA DA CONQUISTA,1,HAR-RV,2026,12,5.119044440143486,0.3213049796726573,0.8782903298104401,0.9932172716880859
arabica_VITORIA DA CONQUISTA,1,"GARCH(1,1)",2026,12,6.7203468523479915,1.0244217815516203,2.9925261398102694,3.100357030254492
arabica_VITORIA DA CONQUISTA,1,"EGARCH(1,1,1)",2026,12,7.258909999694101,1.490740264122698,4.201457466447101,4.296165554820381
arabica_VITORIA DA CONQUISTA,5,HAR-RV,2004,239,5.55904381970671,0.4067346087389132,3.1099006425067177,3.6249743229686104
arabica_VITORIA DA CONQUISTA,5,"GARCH(1,1)",2004,239,6.4728196828987565,0.9140011149340364,7.008138836562447,7.444977724588202
arabica_VITORIA DA CONQUISTA,5,"EGARCH(1,1,1)",2004,15,124032.35747058736,265783.6231512586,2.0766027773513116,3.5219079038755203
arabica_VITORIA DA CONQUISTA,5,HAR-RV,2005,184,11.105602703118167,11.205083765539685,5.2701907860335275,8.023647608452206
arabica_VITORIA DA CONQUISTA,5,"GARCH(1,1)",2005,184,6.9603874442579095,2.0873158980790105,6.698748087078233,8.23973685542414
arabica_VITORIA DA CONQUISTA,5,HAR-RV,2006,226,5.630976122928146,0.4992493762110963,2.8552282401308253,3.142819007591565
arabica_VITORIA DA CONQUISTA,5,"GARCH(1,1)",2006,226,6.3771022449758075,0.600007316088241,5.540002937081479,6.178836219456148
arabica_VITORIA DA CONQUISTA,5,"EGARCH(1,1,1)",2006,226,6.294202887823786,0.4963014595099579,5.124171809088325,5.8800765290906005
arabica_VITORIA DA CONQUISTA,5,HAR-RV,2007,8,0.6910222447159213,0.6910222447159213,1.9516309640300125,2.241419532372423
arabica_VITORIA DA CONQUISTA,5,"GARCH(1,1)",2007,8,0.8122895180317201,0.8122895180317201,3.159691778517803,3.832143883268776
arabica_VITORIA DA CONQUISTA,5,"EGARCH(1,1,1)",2007,8,0.7108484042117522,0.7108484042117522,2.6965057297519124,3.32870949477149
arabica_VITORIA DA CONQUISTA,5,HAR-RV,2008,213,4.054885235484212,0.6383656827054115,2.2242806345288204,2.750707491012537
arabica_VITORIA DA CONQUISTA,5,"GARCH(1,1)",2008,213,4.76430136895122,0.9840307603977109,5.083233918162584,5.431392219129922
arabica_VITORIA DA CONQUISTA,5,"EGARCH(1,1,1)",2008,213,4.659692015297571,0.8989415150202661,4.641789566708021,5.003260245772098
arabica_VITORIA DA CONQUISTA,5,HAR-RV,2009,229,5.0377568872103975,1.0003942558651209,2.4043505507331675,3.008247274038242
arabica_VITORIA DA CONQUISTA,5,"GARCH(1,1)",2009,229,5.405596846834091,0.62463537161106,4.557623100141121,5.0748245708446795
arabica_VITORIA DA CONQUISTA,5,"EGARCH(1,1,1)",2009,229,5.321257327261431,0.5762309485621953,4.18448163224861,4.732336437254557
arabica_VITORIA DA CONQUISTA,5,HAR-RV,2010,225,6.53249173346897,1.0284228533298487,2.4982780438711694,2.905653672764312
arabica_VITORIA DA CONQUISTA,5,"GARCH(1,1)",2010,225,7.1942256774890865,0.6231513714775717,4.916450205845875,5.259282924071521
arabica_VITORIA DA CONQUISTA,5,"EGARCH(1,1,1)",2010,225,7.15272304666708,0.5826889662619854,4.74446575510803,5.122898024699916
arabica_VITORIA DA CONQUISTA,5,HAR-RV,2011,75,5.549481032005831,1.7433053594040235,2.561118904932703,3.127798157310998
arabica_VITORIA DA CONQUISTA,5,"GARCH(1,1)",2011,75,5.406003039166853,1.3469749049502024,2.5476851448925215,3.152217588705419
arabica_VITORIA DA CONQUISTA,5,"EGARCH(1,1,1)",2011,75,5.408741866827528,0.3896041628185184,3.944579911922518,4.427309151932181
arabica_VITORIA DA CONQUISTA,5,HAR-RV,2012,188,7.4758894045180595,0.15016353130200796,2.2213734597754953,2.4385697913137254
arabica_VITORIA DA CONQUISTA,5,"GARCH(1,1)",2012,188,7.515965892476679,0.15407757879182066,2.2803763916542152,2.493315656164341
arabica_VITORIA DA CONQUISTA,5,"EGARCH(1,1,1)",2012,188,8.603180655359616,0.5428280772112547,4.79636979552866,5.020643939654539
arabica_VITORIA DA CONQUISTA,5,HAR-RV,2013,179,27.829101913586143,40.82212334547791,5.000525703248974,14.337972713934645
arabica_VITORIA DA CONQUISTA,5,"GARCH(1,1)",2013,179,18.607474824145825,24.441203963933262,5.234300292433073,14.215105935750692
arabica_VITORIA DA CONQUISTA,5,"EGARCH(1,1,1)",2013,179,12.065707241611765,12.409953866347097,6.03032328448984,14.171221999056886
arabica_VITORIA DA CONQUISTA,5,HAR-RV,2014,113,23.895202521297634,34.565274474165,6.087232833656518,12.12273923625937
arabica_VITORIA DA CONQUISTA,5,"GARCH(1,1)",2014,113,20.82432861194544,29.35382978779217,5.289868244891106,11.757324136045645
arabica_VITORIA DA CONQUISTA,5,"EGARCH(1,1,1)",2014,112,10.327845177097391,9.27090996206922,6.366821153799029,11.617311095422378
arabica_VITORIA DA CONQUISTA,5,HAR-RV,2015,140,15.7844763275059,19.824138672144166,5.29730847424438,10.163452058383143
arabica_VITORIA DA CONQUISTA,5,"GARCH(1,1)",2015,140,7.528130507493178,2.8879030587245658,11.916997961094944,13.42003547958959
arabica_VITORIA DA CONQUISTA,5,"EGARCH(1,1,1)",2015,140,7.231739604387493,3.2415328038899927,7.300219785641586,10.283666469603471
arabica_VITORIA DA CONQUISTA,5,HAR-RV,2016,206,5.817978756562795,3.4177158818646913,3.00972193665592,4.836464537946814
arabica_VITORIA DA CONQUISTA,5,"GARCH(1,1)",2016,206,5.067724364429201,1.3732520883982133,6.461896001903007,7.1450512466861795
arabica_VITORIA DA CONQUISTA,5,"EGARCH(1,1,1)",2016,206,4.821008581995568,1.0833808944050916,5.512872288023617,6.1809724878362005
arabica_VITORIA DA CONQUISTA,5,HAR-RV,2017,228,5.856432294756517,0.5668194655819379,2.3205658466510726,2.5540964964818937
arabica_VITORIA DA CONQUISTA,5,"GARCH(1,1)",2017,228,6.643424472628541,1.1626088620882549,4.202453653638588,4.380658101378318
arabica_VITORIA DA CONQUISTA,5,"EGARCH(1,1,1)",2017,228,7.285672572940923,1.7870655163856333,6.235567576109661,6.356084079241794
arabica_VITORIA DA CONQUISTA,5,HAR-RV,2018,238,5.585647219230474,0.28237485266892437,1.9253204599444347,2.2724467091403806
arabica_VITORIA DA CONQUISTA,5,"GARCH(1,1)",2018,238,6.019359953685525,0.5025826797988527,2.9391726119875075,3.2134078230312584
arabica_VITORIA DA CONQUISTA,5,"EGARCH(1,1,1)",2018,238,6.895784203648103,1.1602590460113393,5.620085389117153,5.83633984234687
arabica_VITORIA DA CONQUISTA,5,HAR-RV,2019,239,5.520306381973826,0.9171360100239856,2.159479376496195,2.556196428741736
arabica_VITORIA DA CONQUISTA,5,"GARCH(1,1)",2019,239,5.6243138714564855,0.4960141991093693,2.76401767920418,3.173365338786235
arabica_VITORIA DA CONQUISTA,5,"EGARCH(1,1,1)",2019,239,6.3289610139555945,0.8342652727096348,5.196729998172789,5.5696754359245135
arabica_VITORIA DA CONQUISTA,5,HAR-RV,2020,130,3.3658157411603664,1.5911591639268705,2.1936021038354396,3.0037272243754853
arabica_VITORIA DA CONQUISTA,5,"GARCH(1,1)",2020,130,2.807549208989762,0.5966906628861245,2.935456987748561,3.511828958537238
arabica_VITORIA DA CONQUISTA,5,"EGARCH(1,1,1)",2020,130,3.0101840014554226,0.703799717491933,4.093823201769011,4.699825995116245
arabica_VITORIA DA CONQUISTA,5,HAR-RV,2021,241,9.50365367074393,9.380575696145522,5.397801914871583,10.335301291331547
arabica_VITORIA DA CONQUISTA,5,"GARCH(1,1)",2021,241,3.2044610099082327,1.9879493221389888,8.4131071966371,10.733928798505953
arabica_VITORIA DA CONQUISTA,5,"EGARCH(1,1,1)",2021,241,4.095448768737696,2.9808433758254886,6.930555103168933,10.258941980643428
arabica_VITORIA DA CONQUISTA,5,HAR-RV,2022,243,3.6199495722582857,3.1524447682249033,2.8411500419547826,5.085838053919284
arabica_VITORIA DA CONQUISTA,5,"GARCH(1,1)",2022,243,2.0532329952356076,1.3884588548858021,4.5406579470935275,5.853301119693777
arabica_VITORIA DA CONQUISTA,5,"EGARCH(1,1,1)",2022,243,2.326818776927524,1.609425015326309,8.947230006777064,9.64769747168109
arabica_VITORIA DA CONQUISTA,5,HAR-RV,2023,241,0.7010331177587314,0.618918789888029,1.4614444630379704,1.946245808648807
arabica_VITORIA DA CONQUISTA,5,"GARCH(1,1)",2023,241,0.707463110221209,0.6173474417675759,2.3527154180153906,2.7074923533264905
arabica_VITORIA DA CONQUISTA,5,"EGARCH(1,1,1)",2023,241,1.7168187929570142,1.6221616664331207,7.714030389733123,8.086956810635904
arabica_VITORIA DA CONQUISTA,5,HAR-RV,2024,244,1.4676420340240914,1.276472043959288,2.1311710652045597,3.2862667332477487
arabica_VITORIA DA CONQUISTA,5,"GARCH(1,1)",2024,244,1.0061250483823985,0.784189604858739,2.783038499204985,3.4401728577795114
arabica_VITORIA DA CONQUISTA,5,"EGARCH(1,1,1)",2024,244,1.4912548584648726,1.253783866504584,5.885505659648008,6.315885334756105
arabica_VITORIA DA CONQUISTA,5,HAR-RV,2026,8,0.7853571945744456,0.7853571945744456,2.502783161049982,2.5616709928181054
arabica_VITORIA DA CONQUISTA,5,"GARCH(1,1)",2026,8,1.8118750358250213,1.8118750358250213,6.16342586852475,6.171272099487512
arabica_VITORIA DA CONQUISTA,5,"EGARCH(1,1,1)",2026,8,2.4994175979958566,2.4994175979958566,9.778764274456869,9.795532227803452
arabica_VITORIA DA CONQUISTA,20,HAR-RV,2004,239,1.7525558416863691,0.9669480173905489,7.893307268973326,8.541230984679553
arabica_VITORIA DA CONQUISTA,20,"GARCH(1,1)",2004,239,2.201350867250347,1.4074162034783977,12.332823779615657,12.824672013278347
arabica_VITORIA DA CONQUISTA,20,"EGARCH(1,1,1)",2004,15,668068.8635552449,715788.0680949052,6.86791252791321,8.17362725854888
arabica_VITORIA DA CONQUISTA,20,HAR-RV,2005,184,2.70469529304637,1.785419889058968,8.907534326533955,11.526403912989744
arabica_VITORIA DA CONQUISTA,20,"GARCH(1,1)",2005,184,1.8684618553117829,0.8216307847429152,9.009673731866842,10.497713107864946
arabica_VITORIA DA CONQUISTA,20,HAR-RV,2006,226,3.8039702386926173,0.38112390207877256,5.506649645456125,6.887540103529956
arabica_VITORIA DA CONQUISTA,20,"GARCH(1,1)",2006,226,4.291136971103909,0.7901296710865247,10.124892755576369,10.985096362903068
arabica_VITORIA DA CONQUISTA,20,"EGARCH(1,1,1)",2006,226,3.947828993463975,0.47714583885683837,6.789811077920314,8.063354697017102
arabica_VITORIA DA CONQUISTA,20,HAR-RV,2007,8,0.35880920395233157,0.35880920395233157,4.436112496833575,4.494705377070518
arabica_VITORIA DA CONQUISTA,20,"GARCH(1,1)",2007,8,0.004648478512420173,0.004648478512420173,0.7022728946455663,0.7029086012812807
arabica_VITORIA DA CONQUISTA,20,"EGARCH(1,1,1)",2007,8,0.019402484046397633,0.019402484046397633,1.1563512866407542,1.3351687339352114
arabica_VITORIA DA CONQUISTA,20,HAR-RV,2008,213,0.802095995154813,0.5728896549720731,4.229137049608393,4.689151628712318
arabica_VITORIA DA CONQUISTA,20,"GARCH(1,1)",2008,213,1.3464673844179231,1.1125677052251515,8.574907823792593,8.98636587689918
arabica_VITORIA DA CONQUISTA,20,"EGARCH(1,1,1)",2008,213,1.2059572151171836,0.9728886833457646,7.3534636069490675,7.7942122938630485
arabica_VITORIA DA CONQUISTA,20,HAR-RV,2009,229,0.4481891332151907,0.4481891332151907,3.3613036073937006,3.943228884378557
arabica_VITORIA DA CONQUISTA,20,"GARCH(1,1)",2009,229,0.814332652375861,0.814332652375861,6.64582546516365,7.188102429923429
arabica_VITORIA DA CONQUISTA,20,"EGARCH(1,1,1)",2009,229,0.7088301610114919,0.7088301610114919,5.7352742999925015,6.239216754839753
arabica_VITORIA DA CONQUISTA,20,HAR-RV,2010,225,3.3911862603457292,0.5812120971644827,4.691880868651379,5.466098476205939
arabica_VITORIA DA CONQUISTA,20,"GARCH(1,1)",2010,225,3.9203575966678006,1.0258949269342648,8.230356991529524,8.968972588533846
arabica_VITORIA DA CONQUISTA,20,"EGARCH(1,1,1)",2010,225,3.7452696807464756,0.8615774414441005,6.8655985447005,7.735846728138356
arabica_VITORIA DA CONQUISTA,20,HAR-RV,2011,75,0.9188340817964763,0.2703977278993765,2.7554104223084908,3.4531963221409585
arabica_VITORIA DA CONQUISTA,20,"GARCH(1,1)",2011,75,1.0862458641252537,0.4743253450601149,2.77164842275758,3.6298703725862174
arabica_VITORIA DA CONQUISTA,20,"EGARCH(1,1,1)",2011,75,1.0303305384619539,0.35185668659125824,3.95556829590865,4.842652849796841
arabica_VITORIA DA CONQUISTA,20,HAR-RV,2012,188,4.9361504473480835,0.5816654648524685,5.0127900885950805,5.534183083061037
arabica_VITORIA DA CONQUISTA,20,"GARCH(1,1)",2012,188,4.523871607512009,0.25428256750766476,3.1196411012533307,3.8254748911444807
arabica_VITORIA DA CONQUISTA,20,"EGARCH(1,1,1)",2012,188,5.560174547163485,1.1183217868753768,8.46215501760185,8.779291636962066
arabica_VITORIA DA CONQUISTA,20,HAR-RV,2013,179,17.72696695077583,18.805582237963776,12.57506037505474,27.006818979256565
arabica_VITORIA DA CONQUISTA,20,"GARCH(1,1)",2013,179,16.79573068837997,17.749892547099122,12.663769538734291,26.95933670871106
arabica_VITORIA DA CONQUISTA,20,"EGARCH(1,1,1)",2013,179,9.072464894993999,8.287548526927601,13.020775999802966,26.05778184324924
arabica_VITORIA DA CONQUISTA,20,HAR-RV,2014,113,10.204671188127445,10.204671188127445,14.975049816953716,21.98782819077955
arabica_VITORIA DA CONQUISTA,20,"GARCH(1,1)",2014,113,15.07023435719565,15.07023435719565,12.412640984706393,21.64281126759556
arabica_VITORIA DA CONQUISTA,20,"EGARCH(1,1,1)",2014,112,4.623199882247873,4.623199882247873,11.518100262899353,19.723958802857126
arabica_VITORIA DA CONQUISTA,20,HAR-RV,2015,140,5.829756829882152,5.180486680589293,11.472946985041151,17.03354374988761
arabica_VITORIA DA CONQUISTA,20,"GARCH(1,1)",2015,140,2.629818849297635,1.4791622910780728,19.878895493230676,20.527327011303033
arabica_VITORIA DA CONQUISTA,20,"EGARCH(1,1,1)",2015,140,2.6777167973004308,1.6493870080583783,12.687508512812581,15.133516398803717
arabica_VITORIA DA CONQUISTA,20,HAR-RV,2016,206,1.108567222943353,0.9947437252546206,4.984568759437806,7.230125388914644
arabica_VITORIA DA CONQUISTA,20,"GARCH(1,1)",2016,206,1.3520273454425897,1.2281149111054865,11.08110360510088,11.868766320448852
arabica_VITORIA DA CONQUISTA,20,"EGARCH(1,1,1)",2016,206,1.1099269968757188,0.9865400195618894,8.811547672812255,9.401602149288914
arabica_VITORIA DA CONQUISTA,20,HAR-RV,2017,228,1.9985822597940226,1.659014617557801,6.802101979229807,6.881961720755831
arabica_VITORIA DA CONQUISTA,20,"GARCH(1,1)",2017,228,2.2505593503372014,1.9042744804726655,8.263350573666822,8.375559573103809
arabica_VITORIA DA CONQUISTA,20,"EGARCH(1,1,1)",2017,228,2.8383746508544285,2.4973985253264743,12.15354573646054,12.197583724489517
arabica_VITORIA DA CONQUISTA,20,HAR-RV,2018,238,2.4977442523103734,1.101921888818866,5.356423209231606,5.759697848095499
arabica_VITORIA DA CONQUISTA,20,"GARCH(1,1)",2018,238,2.504393324826002,1.1193330354570465,5.4452658563587635,5.777670755117937
arabica_VITORIA DA CONQUISTA,20,"EGARCH(1,1,1)",2018,238,3.418191328427862,1.9997181590909732,11.534643634711454,11.734933220097535
arabica_VITORIA DA CONQUISTA,20,HAR-RV,2019,239,1.4496089770287395,0.4435329086622702,3.482643306286525,4.1089176505822245
arabica_VITORIA DA CONQUISTA,20,"GARCH(1,1)",2019,239,1.451861127562266,0.45166945659825364,3.641738299886646,4.145451193428686
arabica_VITORIA DA CONQUISTA,20,"EGARCH(1,1,1)",2019,239,2.277405012022334,1.2392492436827913,9.924512583207676,10.338872526096456
arabica_VITORIA DA CONQUISTA,20,HAR-RV,2020,130,0.19464385743988075,0.19464385743988075,2.178922026314842,2.7124346451167156
arabica_VITORIA DA CONQUISTA,20,"GARCH(1,1)",2020,130,0.253040121795064,0.253040121795064,3.2417104032642072,3.7463577095384415
arabica_VITORIA DA CONQUISTA,20,"EGARCH(1,1,1)",2020,130,0.5597978402412449,0.5597978402412449,6.572589953324865,7.221013684958119
arabica_VITORIA DA CONQUISTA,20,HAR-RV,2021,241,4.541501442065377,4.541501442065377,10.559504547019403,18.387429836600546
arabica_VITORIA DA CONQUISTA,20,"GARCH(1,1)",2021,241,1.6200483583158238,1.6200483583158238,14.735801251824487,18.505383270170423
arabica_VITORIA DA CONQUISTA,20,"EGARCH(1,1,1)",2021,241,1.582723296458733,1.582723296458733,12.193111125532706,16.27324361734214
arabica_VITORIA DA CONQUISTA,20,HAR-RV,2022,243,1.140009554834943,1.140009554834943,4.643235941563213,7.872910287094505
arabica_VITORIA DA CONQUISTA,20,"GARCH(1,1)",2022,243,0.8259156224507621,0.8259156224507621,8.027104013184104,9.373153609219148
arabica_VITORIA DA CONQUISTA,20,"EGARCH(1,1,1)",2022,243,1.3640364559972469,1.3640364559972469,20.13365247018617,21.982875642264247
arabica_VITORIA DA CONQUISTA,20,HAR-RV,2023,241,0.1829085629458566,0.1829085629458566,2.126223318813483,2.555949593131806
arabica_VITORIA DA CONQUISTA,20,"GARCH(1,1)",2023,241,0.3540564801285212,0.3540564801285212,3.6882536232321126,4.593544964535554
arabica_VITORIA DA CONQUISTA,20,"EGARCH(1,1,1)",2023,241,1.6885198142003055,1.6885198142003055,19.921869933080774,20.4958880184227
arabica_VITORIA DA CONQUISTA,20,HAR-RV,2024,237,0.40833249102917435,0.40833249102917435,3.5069410064017177,4.327220482733492
arabica_VITORIA DA CONQUISTA,20,"GARCH(1,1)",2024,237,0.45008228168373204,0.45008228168373204,4.412536126333439,5.139433207728427
arabica_VITORIA DA CONQUISTA,20,"EGARCH(1,1,1)",2024,237,1.2138338290457267,1.2138338290457267,13.970465699171031,15.014406475797928
conilon_EUNAPOLIS,1,HAR-RV,2004,239,14.438860891863017,68.82173455202022,0.9555833036118626,1.6090909310620811
conilon_EUNAPOLIS,1,"GARCH(1,1)",2004,239,8.945078367626488,3.845349462126029,2.050077136084301,2.2338905293558247
conilon_EUNAPOLIS,1,"EGARCH(1,1,1)",2004,239,9.016317054801773,2.2985770377973873,2.321538984701417,2.482724838896718
conilon_EUNAPOLIS,1,HAR-RV,2005,239,9.04031087482838,21.96848475574408,0.6994182726999865,0.9469829694904109
conilon_EUNAPOLIS,1,"GARCH(1,1)",2005,239,8.19583387483348,0.7161303109836824,1.7411865391027306,1.804075849249999
conilon_EUNAPOLIS,1,"EGARCH(1,1,1)",2005,239,9951.579296836144,67955.07005553825,0.3457420451432986,0.9966171270476563
conilon_EUNAPOLIS,1,HAR-RV,2006,239,12.831157065743708,47.408287170355415,0.7719730423878636,1.1664026383901236
conilon_EUNAPOLIS,1,"GARCH(1,1)",2006,239,8.87322081214223,16.68632581347604,0.9196447106227956,1.1840651043619805
conilon_EUNAPOLIS,1,"EGARCH(1,1,1)",2006,239,8.030897208103815,2.479594620547601,1.4838563332589192,1.5803339601234407
conilon_EUNAPOLIS,1,HAR-RV,2007,241,10.010739560082776,40.17527137443905,0.6196751067027626,0.9314416653950334
conilon_EUNAPOLIS,1,"GARCH(1,1)",2007,241,8.011897635510586,4.92302286758181,1.1308986560859706,1.2230130935294143
conilon_EUNAPOLIS,1,"EGARCH(1,1,1)",2007,241,9137.280193431363,88083.38106467832,0.27321485516341,0.955408100827886
conilon_EUNAPOLIS,1,HAR-RV,2008,239,12.021174972038661,55.83161041013386,0.5896685094244488,0.8861640463315704
conilon_EUNAPOLIS,1,"GARCH(1,1)",2008,239,7.786025468202401,5.151380963383322,1.0372197904455658,1.104227270004737
conilon_EUNAPOLIS,1,"EGARCH(1,1,1)",2008,239,8701.407001211977,74272.72404605939,0.3011366860190372,0.9324067103191053
conilon_EUNAPOLIS,1,HAR-RV,2009,232,163.8437452641351,1147.6044957693928,0.7854888190708491,1.4262861866870662
conilon_EUNAPOLIS,1,"GARCH(1,1)",2009,232,9.090877203808079,15.611924332135752,1.133398852106587,1.4842986442352033
conilon_EUNAPOLIS,1,"EGARCH(1,1,1)",2009,232,22113.64084615094,160323.89613459434,0.46700445592406986,1.4865291956740894
conilon_EUNAPOLIS,1,HAR-RV,2010,237,13.835039640723792,57.57594575522303,0.7144078457077867,1.2007725639854212
conilon_EUNAPOLIS,1,"GARCH(1,1)",2010,237,8.138025713210181,6.262581924805451,1.2068951211876635,1.4036525640461492
conilon_EUNAPOLIS,1,"EGARCH(1,1,1)",2010,237,16044.029773510156,111836.32518593843,0.40330111798718143,1.266186877596899
conilon_EUNAPOLIS,1,HAR-RV,2011,100,67.60092715981412,618.4468513716246,0.8151974534889521,2.4103295202453303
conilon_EUNAPOLIS,1,"GARCH(1,1)",2011,100,11.800501710032,41.40309414043385,1.4134122963072675,2.4898235863224314
conilon_EUNAPOLIS,1,"EGARCH(1,1,1)",2011,91,65601.16525363941,596970.6038081187,0.5319905378302303,2.561220805562784
conilon_EUNAPOLIS,1,HAR-RV,2012,241,13.456902353136378,57.87456583331964,0.7974530107801048,1.261486567140795
conilon_EUNAPOLIS,1,"GARCH(1,1)",2012,241,8.219587142576376,2.6523075517360186,1.5631288459723858,1.6648825071587978
conilon_EUNAPOLIS,1,"EGARCH(1,1,1)",2012,241,17024.78687784932,128217.92617380271,0.42546118786297665,1.3040584066467047
conilon_EUNAPOLIS,1,HAR-RV,2013,240,719.8339625501328,5526.442042412576,1.3830514647716683,5.012338917418204
conilon_EUNAPOLIS,1,"GARCH(1,1)",2013,240,19.445127563445087,89.70004071877874,2.0776252965083146,5.033880011270641
conilon_EUNAPOLIS,1,"EGARCH(1,1,1)",2013,240,16.599630292970186,67.67715137584622,2.074712070226387,4.989065255055421
conilon_EUNAPOLIS,1,HAR-RV,2014,238,11.523602285056494,40.20825817981914,0.662675960055828,1.0074452858207885
conilon_EUNAPOLIS,1,"GARCH(1,1)",2014,238,8.18246238945506,1.1853418104908477,1.7018331805388984,1.7675801121482833
conilon_EUNAPOLIS,1,"EGARCH(1,1,1)",2014,238,8.203756357724183,1.0388965155304337,1.7433077711280895,1.8152190181855796
conilon_EUNAPOLIS,1,HAR-RV,2015,238,10.075119146917162,33.724489313960326,0.5739303880241295,0.8382998959156497
conilon_EUNAPOLIS,1,"GARCH(1,1)",2015,238,8.175619240200675,0.8557264218629068,1.6239658745962544,1.6766913255797202
conilon_EUNAPOLIS,1,"EGARCH(1,1,1)",2015,238,8.269781583279462,0.8906116532883682,1.7081541656420183,1.7659159845398806
conilon_EUNAPOLIS,1,HAR-RV,2016,225,21.430068800045955,135.76384611264496,0.7094343236794554,1.5201851904635146
conilon_EUNAPOLIS,1,"GARCH(1,1)",2016,225,8.902288915203288,5.825997112411624,1.774608979037196,2.0490290512290663
conilon_EUNAPOLIS,1,"EGARCH(1,1,1)",2016,225,8.818534426355702,4.789909081690089,1.785528572618113,2.0610866834770065
conilon_EUNAPOLIS,1,HAR-RV,2017,238,24.73985247940099,318.73099994560295,0.6351683394752521,1.4607181326384766
conilon_EUNAPOLIS,1,"GARCH(1,1)",2017,238,9.386171318919583,10.849108535375947,1.8162720201917015,2.057286645858496
conilon_EUNAPOLIS,1,"EGARCH(1,1,1)",2017,238,9.276674738038425,11.911999431975596,1.6795351448891669,1.946959155319904
conilon_EUNAPOLIS,1,HAR-RV,2018,241,12.112924149664032,62.70756540735124,0.5357802288820993,0.9026517210704316
conilon_EUNAPOLIS,1,"GARCH(1,1)",2018,241,8.473722257729435,1.9173139628572062,1.6233389294845606,1.6876320900093722
conilon_EUNAPOLIS,1,"EGARCH(1,1,1)",2018,241,8.423448207422314,2.1252766513292296,1.5719875230338713,1.643530660662439
conilon_EUNAPOLIS,1,HAR-RV,2019,239,9.494650326276677,25.952180229294804,0.5585252305509161,0.7919820124789876
conilon_EUNAPOLIS,1,"GARCH(1,1)",2019,239,7.791186363641601,0.6462554407599146,1.4640685834208735,1.5446705971367718
conilon_EUNAPOLIS,1,"EGARCH(1,1,1)",2019,239,7.751425325969499,0.6473408975216395,1.4397165001040877,1.5195126008831736
conilon_EUNAPOLIS,1,HAR-RV,2020,239,12.03054973753071,50.83664599573712,0.550659948344911,0.890517880140473
conilon_EUNAPOLIS,1,"GARCH(1,1)",2020,239,8.141642459354667,1.418458093940908,1.4985109956519618,1.5925215234060364
conilon_EUNAPOLIS,1,"EGARCH(1,1,1)",2020,239,8.200355734311476,1.3230464957131338,1.5616544111157387,1.6564933417448926
conilon_EUNAPOLIS,1,HAR-RV,2021,241,16.75736791064727,63.151753521395925,0.7398494814807797,1.3213248611302824
conilon_EUNAPOLIS,1,"GARCH(1,1)",2021,241,8.000012237987209,2.826126449083222,1.5875633553401893,1.7418211492445839
conilon_EUNAPOLIS,1,"EGARCH(1,1,1)",2021,241,8.039728133222958,2.2811424874250097,1.7138736713459235,1.8524015493167119
conilon_EUNAPOLIS,1,HAR-RV,2022,244,18.56032259529474,75.54750288791334,0.730428500304685,1.404123715491968
conilon_EUNAPOLIS,1,"GARCH(1,1)",2022,244,8.17271725070306,3.6055083509266006,1.615899012350988,1.8088329261962381
conilon_EUNAPOLIS,1,"EGARCH(1,1,1)",2022,244,8.258804696879576,4.833190168286989,1.5489878044007697,1.7719836443126962
conilon_EUNAPOLIS,1,HAR-RV,2023,236,21.881662443845087,111.0144666200719,0.6632905435395517,1.4082539916617502
conilon_EUNAPOLIS,1,"GARCH(1,1)",2023,236,8.496226179537452,4.82935711006188,1.591424077403578,1.8601688385865616
conilon_EUNAPOLIS,1,"EGARCH(1,1,1)",2023,236,8.451553233086836,4.6476446516739,1.5918394069961272,1.8551663404893786
conilon_EUNAPOLIS,1,HAR-RV,2024,124,116.2383139286533,240.89433379876746,1.294954484298396,4.2090631764514335
conilon_EUNAPOLIS,1,"GARCH(1,1)",2024,124,11.957792883421671,15.038232118153688,1.8111878153428416,4.169909188354962
conilon_EUNAPOLIS,1,"EGARCH(1,1,1)",2024,124,10.989150543996093,12.758907961202464,1.964042838004595,4.209158057951311
conilon_EUNAPOLIS,1,HAR-RV,2025,239,42.05079595270427,79.11071738207993,1.5263629124029838,3.5081006255052554
conilon_EUNAPOLIS,1,"GARCH(1,1)",2025,239,7.180248352168603,4.644334289881801,2.112209226595076,3.4672622778689894
conilon_EUNAPOLIS,1,"EGARCH(1,1,1)",2025,239,9.02484211532297,8.625802037688917,2.0371258364982996,3.4782004628684597
conilon_EUNAPOLIS,1,HAR-RV,2026,12,9.66034255981904,18.07378613355941,0.6677002601943524,0.942078007427681
conilon_EUNAPOLIS,1,"GARCH(1,1)",2026,12,7.288630687363092,0.8912911488815697,1.6612625533498457,1.6909970961420115
conilon_EUNAPOLIS,1,"EGARCH(1,1,1)",2026,12,7.320362830314225,0.9957853063235302,1.6815718899425753,1.7083361928034577
conilon_EUNAPOLIS,5,HAR-RV,2004,239,6.024562721564882,1.8953005330040054,2.5754892894786825,3.0755252760797385
conilon_EUNAPOLIS,5,"GARCH(1,1)",2004,239,5.950861465449211,0.8824618203898549,3.3910681804269602,3.8310490697725252
conilon_EUNAPOLIS,5,"EGARCH(1,1,1)",2004,239,5.982657264509831,0.8150340241651967,3.7007923023621587,4.106765577849852
conilon_EUNAPOLIS,5,HAR-RV,2005,239,4.234085608824475,0.4542688737962533,1.4981135546966537,1.7776781435817894
conilon_EUNAPOLIS,5,"GARCH(1,1)",2005,239,4.77253532614688,0.5997641655360276,2.7180999595925504,3.071285389486326
conilon_EUNAPOLIS,5,"EGARCH(1,1,1)",2005,239,44533.2231198719,73912.7767358112,1.6069481898155735,2.257688192310994
conilon_EUNAPOLIS,5,HAR-RV,2006,239,5.078731751993072,1.4038010123154536,1.7615850222952412,2.1336452461442454
conilon_EUNAPOLIS,5,"GARCH(1,1)",2006,239,5.728914627078714,3.157096252045736,1.677042449360891,2.026809072556808
conilon_EUNAPOLIS,5,"EGARCH(1,1,1)",2006,239,4.8518486040892315,0.41883434018548577,2.0364627279304526,2.4986547066612146
conilon_EUNAPOLIS,5,HAR-RV,2007,241,5.5769494278945055,0.860496256747514,1.627375833708872,1.8354514554249897
conilon_EUNAPOLIS,5,"GARCH(1,1)",2007,241,5.671423545683168,0.6279951130545054,1.7787237074381927,2.0384404929163455
conilon_EUNAPOLIS,5,"EGARCH(1,1,1)",2007,241,44345.51183050404,96281.69685722045,1.2651822103777437,2.1035978044601396
conilon_EUNAPOLIS,5,HAR-RV,2008,239,5.64609904683528,1.38995420594672,1.4563769150280208,1.6848639653766004
conilon_EUNAPOLIS,5,"GARCH(1,1)",2008,239,5.487235759161343,0.5823338837627016,1.5850119054203002,1.8022428618890707
conilon_EUNAPOLIS,5,"EGARCH(1,1,1)",2008,239,43508.38365377246,93680.21345271729,1.3305687310721717,2.084171258281725
conilon_EUNAPOLIS,5,HAR-RV,2009,232,5.9438777722021445,3.229843124551966,1.8164546937852386,2.629648090051312
conilon_EUNAPOLIS,5,"GARCH(1,1)",2009,232,5.806545563806539,2.8378313131204966,1.8769816519109392,2.632794514528047
conilon_EUNAPOLIS,5,"EGARCH(1,1,1)",2009,232,110569.70412338446,195818.10195897095,2.0321168789738695,3.3232737367292264
conilon_EUNAPOLIS,5,HAR-RV,2010,237,5.256889521145696,2.190625587426885,1.6327922661868008,2.151344281894732
conilon_EUNAPOLIS,5,"GARCH(1,1)",2010,237,4.7760611255190355,0.9843323086353345,1.8129180792969761,2.24980768624269
conilon_EUNAPOLIS,5,"EGARCH(1,1,1)",2010,237,80221.60861763378,137771.89306071887,1.8476155994456716,2.830213964478431
conilon_EUNAPOLIS,5,HAR-RV,2011,100,12.867013766121195,16.686228452866267,2.569246657243121,4.962139947041443
conilon_EUNAPOLIS,5,"GARCH(1,1)",2011,100,9.071594250214972,7.888437713230307,2.709415156932136,4.926153045205566
conilon_EUNAPOLIS,5,HAR-RV,2012,241,5.205557617612469,1.5955300006035622,1.852294730800635,2.2492324953356273
conilon_EUNAPOLIS,5,"GARCH(1,1)",2012,241,4.999988567443535,0.4769365229565549,2.2898027638678227,2.630745871943535
conilon_EUNAPOLIS,5,"EGARCH(1,1,1)",2012,241,80993.95198032449,145668.22436451967,1.9078522120947106,2.916607594590084
conilon_EUNAPOLIS,5,HAR-RV,2013,240,29.826286251929552,50.62643834130079,4.785910119960225,10.720575271174559
conilon_EUNAPOLIS,5,"GARCH(1,1)",2013,240,16.631976906652092,22.88118072494167,4.916929468930203,10.5687859447654
conilon_EUNAPOLIS,5,"EGARCH(1,1,1)",2013,240,13.721671749838888,16.96775378232382,4.873198466300937,10.325446649002314
conilon_EUNAPOLIS,5,HAR-RV,2014,238,4.653831146037938,1.4051749390231028,1.6171434471996635,1.8749414935747928
conilon_EUNAPOLIS,5,"GARCH(1,1)",2014,238,4.862020765219308,0.8319089096277764,2.757818794222055,3.073705159358587
conilon_EUNAPOLIS,5,"EGARCH(1,1,1)",2014,238,4.87047533500383,0.8273959744466862,2.7879397176830887,3.1171107608726665
conilon_EUNAPOLIS,5,HAR-RV,2015,238,5.125586896388042,1.205365653583831,1.4465251269600192,1.6521961479431189
conilon_EUNAPOLIS,5,"GARCH(1,1)",2015,238,5.724736624559056,0.8389272682207956,2.8783543370025853,3.126435149811965
conilon_EUNAPOLIS,5,"EGARCH(1,1,1)",2015,238,5.783358588889085,0.8805002466364109,3.0137665629587764,3.2668138580839776
conilon_EUNAPOLIS,5,HAR-RV,2016,225,7.968753795892628,6.264377548458406,2.1585357557611538,3.119022614147402
conilon_EUNAPOLIS,5,"GARCH(1,1)",2016,225,6.559666580044502,1.4871793147041619,3.2524683519368334,3.7524582202891335
conilon_EUNAPOLIS,5,"EGARCH(1,1,1)",2016,225,6.476236203842014,1.262909107748309,3.247791880627311,3.7243957626542556
conilon_EUNAPOLIS,5,HAR-RV,2017,238,10.926238362861843,14.856141335299569,2.36152421677276,3.244146899307867
conilon_EUNAPOLIS,5,"GARCH(1,1)",2017,238,8.320134324317367,1.9605513272224755,3.566761199345913,3.9537050727996035
conilon_EUNAPOLIS,5,"EGARCH(1,1,1)",2017,238,8.241914352756751,2.055694093461832,3.3612320709249928,3.7625608435266154
conilon_EUNAPOLIS,5,HAR-RV,2018,241,6.104016364166974,2.2123128727837433,1.5065492840796022,1.7694208909298428
conilon_EUNAPOLIS,5,"GARCH(1,1)",2018,241,6.551650829140589,1.1477828296722175,3.0183929884634364,3.2025818852203285
conilon_EUNAPOLIS,5,"EGARCH(1,1,1)",2018,241,6.499461219024689,1.1484091039364146,2.9215842951019564,3.0987960223072237
conilon_EUNAPOLIS,5,HAR-RV,2019,239,3.804215241616952,0.9391739859131254,1.1221863648368067,1.4421446330136733
conilon_EUNAPOLIS,5,"GARCH(1,1)",2019,239,4.282989154779059,0.8683345364038653,2.4965965788021425,2.7108147061144066
conilon_EUNAPOLIS,5,"EGARCH(1,1,1)",2019,239,4.2450239455229095,0.8424080996009354,2.4383841647995648,2.641843156769089
conilon_EUNAPOLIS,5,HAR-RV,2020,239,5.518484358318793,2.1817635201918217,1.370315830938165,1.8133141049677544
conilon_EUNAPOLIS,5,"GARCH(1,1)",2020,239,5.499935589348717,0.842491332501173,2.6989231282314887,2.9048250177067105
conilon_EUNAPOLIS,5,"EGARCH(1,1,1)",2020,239,5.547745469684469,0.8726627711569928,2.813920016852176,3.024830642851205
conilon_EUNAPOLIS,5,HAR-RV,2021,241,5.554803252200747,3.5642848780887686,1.7770724007952325,2.3750336612360314
conilon_EUNAPOLIS,5,"GARCH(1,1)",2021,241,4.367519074851303,0.9549720133373935,2.4859868751888694,2.814815135705631
conilon_EUNAPOLIS,5,"EGARCH(1,1,1)",2021,241,4.390346537452884,0.9434038388814292,2.6261233286305785,2.952971312665798
conilon_EUNAPOLIS,5,HAR-RV,2022,244,6.242455563994386,4.202087863230855,2.070683454617232,2.6785719098518124
conilon_EUNAPOLIS,5,"GARCH(1,1)",2022,244,5.078982623705819,1.3853478381835798,2.8125990231413542,3.0989521676352374
conilon_EUNAPOLIS,5,"EGARCH(1,1,1)",2022,244,5.196213339613471,1.638638282068682,2.7857151926938157,3.1025556703728894
conilon_EUNAPOLIS,5,HAR-RV,2023,236,7.399203157599429,6.089028590257424,1.9112869606309373,2.825820896456177
conilon_EUNAPOLIS,5,"GARCH(1,1)",2023,236,5.395188451152522,1.7311804374678803,2.9178247888909086,3.3123348561444885
conilon_EUNAPOLIS,5,"EGARCH(1,1,1)",2023,236,5.356692844175361,1.6335904768096001,2.9157176905845636,3.3306357913386937
conilon_EUNAPOLIS,5,HAR-RV,2024,124,24.48798076647384,24.48798076647384,3.52092836947119,8.778925712179396
conilon_EUNAPOLIS,5,"GARCH(1,1)",2024,124,6.878779014012134,6.878779014012134,3.897942740772061,8.407056567931932
conilon_EUNAPOLIS,5,"EGARCH(1,1,1)",2024,124,5.695633384174981,5.695633384174981,4.156655734662219,8.370342614753534
conilon_EUNAPOLIS,5,HAR-RV,2025,239,6.08339508046829,6.008467571888577,3.4230629416548055,6.771801273891773
conilon_EUNAPOLIS,5,"GARCH(1,1)",2025,239,3.0879346437057538,2.9220016194022884,3.7639577133453908,6.553732735795809
conilon_EUNAPOLIS,5,"EGARCH(1,1,1)",2025,239,5.73683821512621,5.629706703692539,3.826296542731342,6.869474314068669
conilon_EUNAPOLIS,5,HAR-RV,2026,8,0.8222134044980115,0.8222134044980115,1.3376184347062023,1.3430686135666199
conilon_EUNAPOLIS,5,"GARCH(1,1)",2026,8,0.9534584183034209,0.9534584183034209,1.959312056870865,2.2509930925487227
conilon_EUNAPOLIS,5,"EGARCH(1,1,1)",2026,8,1.0023217119653103,1.0023217119653103,2.0558682673186706,2.4068930466128626
conilon_EUNAPOLIS,20,HAR-RV,2004,239,0.951993478190749,0.6048229730341453,3.8272347234282735,4.38869686834465
conilon_EUNAPOLIS,20,"GARCH(1,1)",2004,239,0.9962521197664581,0.6454290300125529,4.305455554516159,4.762009755087941
conilon_EUNAPOLIS,20,"EGARCH(1,1,1)",2004,239,0.948681011407173,0.6056994109332263,4.002120672218621,4.501688492874648
conilon_EUNAPOLIS,20,HAR-RV,2005,239,0.6051640221318604,0.5560395638944017,3.071468505274798,3.3982744049494653
conilon_EUNAPOLIS,20,"GARCH(1,1)",2005,239,0.7824394207665396,0.7332023057280533,4.144510101690923,4.382142695392716
conilon_EUNAPOLIS,20,"EGARCH(1,1,1)",2005,239,120739.71536436061,121247.02509278229,4.369001284668741,4.594023487959877
conilon_EUNAPOLIS,20,HAR-RV,2006,239,0.6880607758552455,0.3466657422219254,2.355061408132046,2.7245325981510544
conilon_EUNAPOLIS,20,"GARCH(1,1)",2006,239,1.5717367402675038,1.3083120334725293,2.142167553923249,2.8519874005527956
conilon_EUNAPOLIS,20,"EGARCH(1,1,1)",2006,239,0.674901467427083,0.3347214558080996,2.231577614620546,2.6395437217891415
conilon_EUNAPOLIS,20,HAR-RV,2007,241,1.1049981288329427,0.689237326504133,2.7913555982796283,3.10604972237326
conilon_EUNAPOLIS,20,"GARCH(1,1)",2007,241,0.932866776324441,0.5282666286900849,2.012967609185719,2.3483598697128096
conilon_EUNAPOLIS,20,"EGARCH(1,1,1)",2007,241,148530.2515936973,154292.20100897003,3.5953496763181967,4.121559987395015
conilon_EUNAPOLIS,20,HAR-RV,2008,239,2.2341898353275527,0.29123178835016056,2.2546982660051382,2.856168423552453
conilon_EUNAPOLIS,20,"GARCH(1,1)",2008,239,2.1372724367164073,0.2761487445195713,1.8442927430824356,2.305307625128835
conilon_EUNAPOLIS,20,"EGARCH(1,1,1)",2008,239,175533.1249459317,211880.89324281656,3.5949270107102236,4.215757178471242
conilon_EUNAPOLIS,20,HAR-RV,2009,232,1.5580263231093077,0.8046393024389822,2.836889598147894,3.925842315693926
conilon_EUNAPOLIS,20,"GARCH(1,1)",2009,232,2.0536468545215394,1.3879181208977418,2.6182488296045854,4.006059509503082
conilon_EUNAPOLIS,20,"EGARCH(1,1,1)",2009,232,429815.9667340454,461654.1864853791,5.493283073605692,6.655916103710262
conilon_EUNAPOLIS,20,HAR-RV,2010,237,0.5256861705819498,0.5256861705819498,2.131711603345762,2.6881847799495766
conilon_EUNAPOLIS,20,"GARCH(1,1)",2010,237,0.5048385800497003,0.5048385800497003,2.0448660876923657,2.559831424446551
conilon_EUNAPOLIS,20,"EGARCH(1,1,1)",2010,237,313405.5606397274,313405.5606397274,5.052740160969345,5.664138889605719
conilon_EUNAPOLIS,20,HAR-RV,2011,100,3.363058775289124,3.1051919259138248,4.586385184183024,7.988339713047287
conilon_EUNAPOLIS,20,"GARCH(1,1)",2011,100,3.581254614301041,3.336095484806851,4.551942166392216,8.050476106124174
conilon_EUNAPOLIS,20,HAR-RV,2012,241,1.179480642227396,1.0064006107216528,2.620967144447315,4.124559864626176
conilon_EUNAPOLIS,20,"GARCH(1,1)",2012,241,1.1070596123614762,0.9254494190746667,3.112914683496683,4.306068708960735
conilon_EUNAPOLIS,20,"EGARCH(1,1,1)",2012,241,462853.15662408,470665.02424642735,6.138060432258782,7.465139800555267
conilon_EUNAPOLIS,20,HAR-RV,2013,240,18.16658382914365,19.04685854427463,10.22391606985519,19.79727987075255
conilon_EUNAPOLIS,20,"GARCH(1,1)",2013,240,13.701950569225907,13.951717894461146,9.54754328895469,19.63909151391748
conilon_EUNAPOLIS,20,"EGARCH(1,1,1)",2013,240,12.354198173925333,12.410100402283218,9.665200004820557,19.401416928802437
conilon_EUNAPOLIS,20,HAR-RV,2014,238,0.42189921058156665,0.42189921058156665,1.9632080933990028,2.4230639055473584
conilon_EUNAPOLIS,20,"GARCH(1,1)",2014,238,0.7414789095437695,0.7414789095437695,3.833938060042292,4.216754721497349
conilon_EUNAPOLIS,20,"EGARCH(1,1,1)",2014,238,0.7323031753957657,0.7323031753957657,3.8065486605368264,4.18451352482028
conilon_EUNAPOLIS,20,HAR-RV,2015,238,1.4704918169375885,0.6876481199520245,2.768434624651142,3.1237628451349995
conilon_EUNAPOLIS,20,"GARCH(1,1)",2015,238,1.9815849522880065,1.180978690986872,5.007175131812551,5.287589329750063
conilon_EUNAPOLIS,20,"EGARCH(1,1,1)",2015,238,2.0019770995944395,1.198424706093405,5.112424582943644,5.395328344173419
conilon_EUNAPOLIS,20,HAR-RV,2016,225,1.6524927421241904,1.081589254961473,3.464549447350559,4.48363504734643
conilon_EUNAPOLIS,20,"GARCH(1,1)",2016,225,1.6313821885506994,1.0269720366097175,4.362868237104639,5.113649804393064
conilon_EUNAPOLIS,20,"EGARCH(1,1,1)",2016,225,1.5770193288397834,0.965568299197624,4.267930034022236,4.987985310732481
conilon_EUNAPOLIS,20,HAR-RV,2017,238,4.659955523380813,1.242270605375321,4.0945000798962115,4.924176866045149
conilon_EUNAPOLIS,20,"GARCH(1,1)",2017,238,4.479144672180078,0.5848158506562676,4.990957498300352,5.603177650741186
conilon_EUNAPOLIS,20,"EGARCH(1,1,1)",2017,238,4.440483380579882,0.5625275063568104,4.720101820634796,5.392922492408461
conilon_EUNAPOLIS,20,HAR-RV,2018,241,2.5976900314861213,0.7502734194734454,2.9304025440875767,3.359570887463339
conilon_EUNAPOLIS,20,"GARCH(1,1)",2018,241,3.097168704718389,1.2098472688692323,4.953854070292208,5.3414703119135
conilon_EUNAPOLIS,20,"EGARCH(1,1,1)",2018,241,3.0498682117008062,1.1853495762829513,4.73576566454688,5.128892583450351
conilon_EUNAPOLIS,20,HAR-RV,2019,239,0.7399088145392628,0.5557417059097268,2.184657877717108,2.477874347429763
conilon_EUNAPOLIS,20,"GARCH(1,1)",2019,239,1.1727153527566536,0.9842118164177612,4.06671990843071,4.37475467765577
conilon_EUNAPOLIS,20,"EGARCH(1,1,1)",2019,239,1.1509355345058836,0.9627628506915912,3.9829895427050794,4.276123322626067
conilon_EUNAPOLIS,20,HAR-RV,2020,239,1.1940630998793422,0.5930147913286673,2.5402595744907783,2.7833588707414756
conilon_EUNAPOLIS,20,"GARCH(1,1)",2020,239,1.5618993321998986,0.9485970842219087,3.964182430530024,4.399596345369778
conilon_EUNAPOLIS,20,"EGARCH(1,1,1)",2020,239,1.5892713017983249,0.9715331513622127,4.07592868188602,4.552335744459415
conilon_EUNAPOLIS,20,HAR-RV,2021,241,1.20459917601329,0.896224305844284,2.7973264818013583,3.220669365732632
conilon_EUNAPOLIS,20,"GARCH(1,1)",2021,241,1.2107764711275097,0.8832363072428046,3.295992996772255,3.8149989030792355
conilon_EUNAPOLIS,20,"EGARCH(1,1,1)",2021,241,1.2202904990732761,0.8895706950104285,3.3033733043378692,3.933604154563795
conilon_EUNAPOLIS,20,HAR-RV,2022,244,1.166867749533198,1.166867749533198,3.009561734715531,3.4788890921266113
conilon_EUNAPOLIS,20,"GARCH(1,1)",2022,244,1.0774842511430158,1.0774842511430158,3.1485087429708254,3.85005403689093
conilon_EUNAPOLIS,20,"EGARCH(1,1,1)",2022,244,1.1762321844255448,1.1762321844255448,3.351638124399936,4.014506710485237
conilon_EUNAPOLIS,20,HAR-RV,2023,236,1.4066799974954696,1.4066799974954696,3.52757499257188,4.093943727781018
conilon_EUNAPOLIS,20,"GARCH(1,1)",2023,236,1.2442681163286098,1.2442681163286098,4.270583869351783,4.521840184173889
conilon_EUNAPOLIS,20,"EGARCH(1,1,1)",2023,236,1.2172121067079422,1.2172121067079422,4.212604673823998,4.4997990416334
conilon_EUNAPOLIS,20,HAR-RV,2024,124,8.705233789928181,8.705233789928181,9.648979859553291,15.454576626810065
conilon_EUNAPOLIS,20,"GARCH(1,1)",2024,124,5.388223088179578,5.388223088179578,9.51093395501444,14.806766020623208
conilon_EUNAPOLIS,20,"EGARCH(1,1,1)",2024,124,4.283254249500893,4.283254249500893,9.530637608159322,14.439208345532839
conilon_EUNAPOLIS,20,HAR-RV,2025,232,4.187869992837258,4.187869992837258,7.649514447093704,12.408214660113789
conilon_EUNAPOLIS,20,"GARCH(1,1)",2025,232,2.864131344326652,2.864131344326652,7.257203965261541,12.011052959161644
conilon_EUNAPOLIS,20,"EGARCH(1,1,1)",2025,232,4.262451775881035,4.262451775881035,7.378771432184955,12.575925122807082
