source,series,commodity,location,type,unit,start_date,end_date,n_obs,frequency,missing_pct,duplicate_pct,unchanged_price_pct,max_gap_days,avg_obs_per_month,business_days_pct,unit_changes,anomaly_pct,usable,notes
Banco Central do Brasil,bcb_selic_ao_dia,SELIC (% ao dia),Brasil,official rate,% ao dia,1986-06-04,2026-09-08,10094,daily,3.91,0.0,61.68,6.0,20.89,96.09,0,0.67,True,3 non-positive prices
Banco Central do Brasil,bcb_selic_anualizada_252,SELIC (anualizada 252),Brasil,official rate,% a.a.,1986-06-04,2026-09-08,10094,daily,3.91,0.0,61.68,6.0,20.89,96.09,0,0.57,True,3 non-positive prices
Banco Central do Brasil,bcb_usd_brl,USD/BRL,Brasil,official rate,BRL por USD,1984-11-28,2026-09-08,10469,daily,3.95,0.0,4.9,10.0,20.88,96.05,0,0.04,True,
CBOE,cboe_vix_history,VIX,international,index close,index points,1990-01-02,2026-09-08,9268,daily,3.17,0.0,0.54,7.0,21.06,96.83,0,0.27,True,
CEPEA,cepea_cafe_arabica,Café Arábica,Brasil (nacional),a vista R$,R$,2016-09-09,2026-09-08,2492,daily,4.45,0.0,0.08,5.0,20.78,95.55,0,0.08,True,baixado manualmente via navegador em 2026-09-09 (download automatico bloqueado por Cloudflare)
CEPEA,cepea_cafe_robusta,Café Robusta,Brasil (nacional),a vista R$,R$,2016-09-09,2026-09-08,2492,daily,4.45,0.0,0.84,5.0,20.78,95.55,0,0.2,True,baixado manualmente via navegador em 2026-09-09 (download automatico bloqueado por Cloudflare)
CEPEA,cepea_soja_parana,Soja,Brasil (nacional),a vista R$,R$,2016-09-01,2026-09-08,2497,daily,4.48,0.0,0.6,5.0,20.77,95.52,0,0.16,True,baixado manualmente via navegador em 2026-09-09 (download automatico bloqueado por Cloudflare)
CEPEA,cepea_soja_paranagua,Soja,Brasil (nacional),a vista R$,R$,2016-09-01,2026-09-08,2497,daily,4.48,0.0,0.44,5.0,20.77,95.52,0,0.08,True,baixado manualmente via navegador em 2026-09-09 (download automatico bloqueado por Cloudflare)
FRED,fred_dcoilbrenteu,Brent Crude Oil (spot),international,index/rate,USD/barrel,1987-05-20,2026-09-01,9967,daily,2.76,0.0,1.95,6.0,21.14,97.24,0,0.28,True,
FRED,fred_dtwexbgs,Dollar Index (broad),international,index/rate,index,2006-01-02,2026-09-04,5184,daily,3.91,0.0,0.0,7.0,20.9,96.09,0,0.27,True,
FRED,fred_dff,Fed Funds Effective Rate,international,index/rate,% p.a.,1954-07-01,2026-09-07,26367,daily,0.0,0.0,54.32,1.0,30.44,140.0,0,0.89,True,
FRED,fred_dgs10,US Treasury 10Y,international,index/rate,% p.a.,1962-01-02,2026-09-04,16155,daily,4.26,0.0,11.76,5.0,20.82,95.74,0,0.3,True,
FRED,fred_dexbzus,USD/BRL,international,index/rate,BRL per USD,1995-01-02,2026-09-04,7945,daily,3.87,0.0,2.45,6.0,20.91,96.13,0,0.37,True,
FRED,fred_vixcls,VIX,international,index/rate,index points,1990-01-02,2026-09-07,9268,daily,3.16,0.0,0.54,7.0,21.06,96.84,0,0.27,True,
SEAGRI-BA,seagri_cacau_nova_york_futuro,Cacau,NOVA YORK,Futuro,tonelada,2001-12-13,2026-01-21,5233,daily,16.8,0.0,6.67,223.0,18.09,83.2,1,0.15,True,"2016: page 7 scrape failed, see download_report.csv | unit varies: {'tonelada': 4904, 'arroba': 424}"
SEAGRI-BA,seagri_cafe_conillon_eunapolis_tipo_7,Café Conillon,EUNAPOLIS,Tipo 7,sc 60 kg,2001-12-14,2026-01-21,5506,daily,12.45,0.07,84.09,217.0,19.04,87.55,0,0.25,True,"2019: page 3 scrape failed, see download_report.csv | 0.1% duplicate dates collapsed (kept last)"
SEAGRI-BA,seagri_cafe_conillon_eunapolis_tipo_7_8,Café Conillon,EUNAPOLIS,Tipo 7/8,sc 60 kg,2001-12-14,2026-01-21,5495,daily,12.63,0.04,84.2,217.0,19.0,87.37,0,0.25,True,"2019: page 3 scrape failed, see download_report.csv | 0.0% duplicate dates collapsed (kept last)"
U.S. EIA,eia_brent_daily,Brent Crude Oil,international (spot),spot,USD/barrel,1987-05-20,2026-08-25,9963,daily,2.75,0.0,1.95,6.0,21.15,97.25,0,0.28,True,
Yahoo Finance (unofficial API),yahoo_cotton_futures,Algodão,NYM,futures/index close,"see ticker (continuous/nearby contract, verify rollover)",2000-01-03,2026-08-27,6684,daily,3.88,0.0,0.66,7.0,20.9,96.12,0,0.12,True,
Yahoo Finance (unofficial API),yahoo_sugar_futures,Açúcar,NYB,futures/index close,"see ticker (continuous/nearby contract, verify rollover)",2000-03-01,2026-08-27,6645,daily,3.86,0.0,1.61,7.0,20.91,96.14,0,0.17,True,
Yahoo Finance (unofficial API),yahoo_cocoa_futures,Cacau,NYB,futures/index close,"see ticker (continuous/nearby contract, verify rollover)",2000-01-03,2026-08-27,6684,daily,3.88,0.0,1.44,6.0,20.9,96.12,0,0.19,True,
Yahoo Finance (unofficial API),yahoo_coffee_futures,Café,NYB,futures/index close,"see ticker (continuous/nearby contract, verify rollover)",2000-01-03,2026-08-27,6682,daily,3.91,0.0,1.09,7.0,20.9,96.09,0,0.1,True,
Yahoo Finance (unofficial API),yahoo_us_dollar_index,Dollar Index,NYB,futures/index close,"see ticker (continuous/nearby contract, verify rollover)",1990-01-01,2026-08-28,9341,daily,2.34,0.0,1.8,7.0,21.24,97.66,0,0.04,True,
Yahoo Finance (unofficial API),yahoo_ibovespa,Ibovespa,SAO,futures/index close,"see ticker (continuous/nearby contract, verify rollover)",1993-04-27,2026-08-28,8259,daily,5.06,0.0,0.23,6.0,20.65,94.94,0,0.31,True,
Yahoo Finance (unofficial API),yahoo_corn_futures,Milho,CBT,futures/index close,"see ticker (continuous/nearby contract, verify rollover)",2000-07-17,2026-08-27,6534,daily,4.11,0.0,2.82,14.0,20.86,95.89,0,0.09,True,
Yahoo Finance (unofficial API),yahoo_gold_futures,Ouro,CMX,futures/index close,"see ticker (continuous/nearby contract, verify rollover)",2000-08-30,2026-08-27,6522,daily,3.83,0.0,0.69,5.0,20.91,96.17,0,0.21,True,
Yahoo Finance (unofficial API),yahoo_brent_futures,Petróleo Brent,NYM,futures/index close,"see ticker (continuous/nearby contract, verify rollover)",2007-07-30,2026-08-27,4749,daily,4.62,0.0,0.55,17.0,20.75,95.38,0,0.27,True,
Yahoo Finance (unofficial API),yahoo_wti_futures,Petróleo WTI,NYM,futures/index close,"see ticker (continuous/nearby contract, verify rollover)",2000-08-23,2026-08-27,6531,daily,3.77,0.0,0.43,5.0,20.93,96.23,0,0.26,True,1 non-positive prices
Yahoo Finance (unofficial API),yahoo_sp500,S&P 500,SNP,futures/index close,"see ticker (continuous/nearby contract, verify rollover)",1990-01-02,2026-08-28,9232,daily,3.47,0.0,0.05,7.0,20.99,96.53,0,0.32,True,
Yahoo Finance (unofficial API),yahoo_soybean_futures,Soja,CBT,futures/index close,"see ticker (continuous/nearby contract, verify rollover)",2000-09-15,2026-08-27,6526,daily,3.6,0.0,1.27,5.0,20.96,96.4,0,0.21,True,
Yahoo Finance (unofficial API),yahoo_vix,VIX,CXI,futures/index close,"see ticker (continuous/nearby contract, verify rollover)",1990-01-02,2026-08-28,9233,daily,3.46,0.0,0.55,7.0,20.99,96.54,0,0.27,True,
CEPEA,cepea_algodao_8_dias,algodao_8_dias,,,,,,0,unknown,,,,,,,0,,False,"download failed: HTTPSConnectionPool(host='cepea.org.br', port=443): Max retries exceeded with url: /br/indicador/series/algodao.aspx?id=54 (Caused by SSLError(SSLEOFError(8, '[SSL: UNEXPECTED_EOF_WHILE_READING] EOF o"
SEAGRI-BA,seagri_algodao_barra_do_choca_cacho,Algodão,BARRA DO CHOCA,Cacho,(U$$),2023-08-31,2023-08-31,1,unknown,0.0,0.0,0.0,0.0,30.44,100.0,0,,False,"2009: page 7 scrape failed, see download_report.csv | too few observations, likely noise"
SEAGRI-BA,seagri_algodao_barra_do_choca_pacovan,Algodão,BARRA DO CHOCA,Pacovan,(U$$),2023-08-31,2023-08-31,1,unknown,0.0,0.0,0.0,0.0,30.44,100.0,0,,False,"2009: page 7 scrape failed, see download_report.csv | too few observations, likely noise"
SEAGRI-BA,seagri_algodao_barreiras_comum,Algodão,BARREIRAS,(comum),arroba,2002-01-11,2015-10-22,755,daily,79.0,0.0,98.54,3441.0,4.57,21.0,0,0.4,False,"2009: page 7 scrape failed, see download_report.csv"
SEAGRI-BA,seagri_algodao_barreiras_caroco,Algodão,BARREIRAS,Caroço,arroba,2002-01-11,2026-01-21,3891,daily,37.93,0.08,86.63,1925.0,13.5,62.07,1,0.33,False,"2009: page 7 scrape failed, see download_report.csv | 0.1% duplicate dates collapsed (kept last) | unit varies: {'arroba': 4866, 'tonelada': 259}"
SEAGRI-BA,seagri_algodao_barreiras_pluma,Algodão,BARREIRAS,Pluma,arroba,2001-11-23,2026-01-21,4855,daily,22.99,4.63,85.5,388.0,16.75,77.01,1,1.4,False,"2009: page 7 scrape failed, see download_report.csv | 4.6% duplicate dates collapsed (kept last) | unit varies: {'arroba': 4630, 'cento': 532}"
SEAGRI-BA,seagri_algodao_barrocas_caroco,Algodão,BARROCAS,Caroço,arroba,2002-01-02,2015-12-30,748,daily,79.51,0.0,98.13,2252.0,4.46,20.49,0,0.4,False,"2009: page 7 scrape failed, see download_report.csv"
SEAGRI-BA,seagri_algodao_salvador_caroco,Algodão,SALVADOR,Caroço,arroba,2001-12-11,2009-07-10,238,daily,87.97,0.0,98.73,1653.0,2.62,12.03,0,0.42,False,"2009: page 7 scrape failed, see download_report.csv"
SEAGRI-BA,seagri_algodao_salvador_pluma,Algodão,SALVADOR,Pluma,arroba,2001-12-11,2011-10-03,242,daily,90.55,0.0,98.34,2461.0,2.06,9.45,0,0.83,False,"2009: page 7 scrape failed, see download_report.csv"
SEAGRI-BA,seagri_cacau_igapora_comum,Cacau,IGAPORA,(comum),(U$$),2023-08-31,2023-08-31,1,unknown,0.0,0.0,0.0,0.0,30.44,100.0,0,,False,"2016: page 7 scrape failed, see download_report.csv | too few observations, likely noise"
SEAGRI-BA,seagri_cacau_ilheus_comum,Cacau,ILHEUS,(comum),arroba,2001-12-12,2026-01-21,4850,daily,22.91,0.0,30.62,812.0,16.77,77.09,0,0.1,False,"2016: page 7 scrape failed, see download_report.csv"
SEAGRI-BA,seagri_cacau_ilheus_disponivel,Cacau,ILHEUS,Disponível,arroba,2009-01-05,2015-10-23,320,daily,81.97,0.0,44.83,1819.0,3.92,18.03,0,0.63,False,"2016: page 7 scrape failed, see download_report.csv"
SEAGRI-BA,seagri_cacau_ilheus_futuro,Cacau,ILHEUS,Futuro,tonelada,2016-03-18,2016-03-18,1,unknown,0.0,0.0,0.0,0.0,30.44,100.0,0,,False,"2016: page 7 scrape failed, see download_report.csv | too few observations, likely noise"
SEAGRI-BA,seagri_cacau_irece_comum,Cacau,IRECE,(comum),(U$$),2015-10-13,2015-10-23,9,daily,0.0,0.0,87.5,3.0,27.4,100.0,0,,False,"2016: page 7 scrape failed, see download_report.csv | too few observations, likely noise"
SEAGRI-BA,seagri_cacau_itabuna_comum,Cacau,ITABUNA,(comum),arroba,2001-12-12,2016-02-29,1777,daily,52.09,0.0,59.12,2470.0,10.42,47.91,0,0.17,False,"2016: page 7 scrape failed, see download_report.csv"
SEAGRI-BA,seagri_cacau_nova_york_comum,Cacau,NOVA YORK,(comum),arroba,2003-01-13,2016-02-29,430,daily,87.45,0.0,18.88,1665.0,2.73,12.55,1,0.7,False,"2016: page 7 scrape failed, see download_report.csv | unit varies: {'arroba': 341, 'tonelada': 102}"
SEAGRI-BA,seagri_cacau_nova_york_disponivel,Cacau,NOVA YORK,Disponível,tonelada,,,0,unknown,,0.0,,,,,0,,False,"2016: page 7 scrape failed, see download_report.csv | price column unparsable for every row"
SEAGRI-BA,seagri_cacau_nova_york_formosa,Cacau,NOVA YORK,Formosa,sc 45 Kg,2023-08-31,2023-08-31,1,unknown,0.0,0.0,0.0,0.0,30.44,100.0,0,,False,"2016: page 7 scrape failed, see download_report.csv | too few observations, likely noise"
SEAGRI-BA,seagri_cafe_arabica_luis_eduardo_magalhaes_despolpado,Café Arábica,LUIS EDUARDO MAGALHAES,Despolpado,sc 60 kg,2008-01-02,2026-01-21,3724,daily,20.95,0.0,85.52,374.0,17.19,79.05,0,0.46,False,"multiple years: scrape failed, see download_report.csv"
SEAGRI-BA,seagri_cafe_arabica_luis_eduardo_magalhaes_duro,Café Arábica,LUIS EDUARDO MAGALHAES,Duro,sc 60 kg,2002-02-18,2026-01-21,4742,daily,24.04,0.02,85.02,374.0,16.52,75.96,0,0.08,False,"multiple years: scrape failed, see download_report.csv | 0.0% duplicate dates collapsed (kept last)"
SEAGRI-BA,seagri_cafe_arabica_luis_eduardo_magalhaes_fino,Café Arábica,LUIS EDUARDO MAGALHAES,Fino,sc 60 kg,2002-02-18,2016-02-29,299,daily,91.83,0.0,76.51,4255.0,1.78,8.17,0,1.01,False,"multiple years: scrape failed, see download_report.csv"
SEAGRI-BA,seagri_cafe_arabica_luis_eduardo_magalhaes_rio,Café Arábica,LUIS EDUARDO MAGALHAES,Rio,sc 60 kg,2003-02-05,2026-01-21,4196,daily,29.96,0.0,87.53,812.0,15.23,70.04,0,0.48,False,"multiple years: scrape failed, see download_report.csv"
SEAGRI-BA,seagri_cafe_arabica_nova_york_disponivel,Café Arábica,NOVA YORK,Disponível,(US$)£peso,2001-12-12,2016-02-29,1917,daily,48.31,0.0,76.57,1626.0,11.24,51.69,0,0.16,False,"multiple years: scrape failed, see download_report.csv"
SEAGRI-BA,seagri_cafe_arabica_nova_york_futuro,Café Arábica,NOVA YORK,Futuro,(US$)£peso,2001-12-13,2016-02-29,1736,daily,53.18,0.0,76.66,1778.0,10.18,46.82,0,0.06,False,"multiple years: scrape failed, see download_report.csv"
SEAGRI-BA,seagri_cafe_arabica_nao_informado_disponivel,Café Arábica,Não Informado,Disponível,sc 60 kg,2008-11-26,2015-10-23,332,daily,81.59,0.0,73.11,1847.0,4.01,18.41,0,0.3,False,"multiple years: scrape failed, see download_report.csv"
SEAGRI-BA,seagri_cafe_arabica_santos_disponivel,Café Arábica,SANTOS,Disponível,sc 60 kg,2001-12-13,2016-02-29,1806,daily,51.29,0.0,81.27,1626.0,10.59,48.71,0,0.17,False,"multiple years: scrape failed, see download_report.csv"
SEAGRI-BA,seagri_cafe_arabica_varzedo_comum,Café Arábica,VARZEDO,Comum,sc 40 kg,2023-08-31,2023-08-31,1,unknown,0.0,0.0,0.0,0.0,30.44,100.0,0,,False,"multiple years: scrape failed, see download_report.csv | too few observations, likely noise"
SEAGRI-BA,seagri_cafe_arabica_varzedo_da_terra,Café Arábica,VARZEDO,Da Terra,sc 40 kg,2023-08-31,2023-08-31,1,unknown,0.0,0.0,0.0,0.0,30.44,100.0,0,,False,"multiple years: scrape failed, see download_report.csv | too few observations, likely noise"
SEAGRI-BA,seagri_cafe_arabica_varzedo_paluma,Café Arábica,VARZEDO,Paluma,sc 40 kg,2023-08-31,2023-08-31,1,unknown,0.0,0.0,0.0,0.0,30.44,100.0,0,,False,"multiple years: scrape failed, see download_report.csv | too few observations, likely noise"
SEAGRI-BA,seagri_cafe_arabica_vitoria_da_conquista_despolpado,Café Arábica,VITORIA DA CONQUISTA,Despolpado,sc 60 kg,2008-01-03,2026-01-21,3288,daily,30.19,0.0,68.88,374.0,15.18,69.81,0,0.24,False,"multiple years: scrape failed, see download_report.csv"
SEAGRI-BA,seagri_cafe_arabica_vitoria_da_conquista_duro,Café Arábica,VITORIA DA CONQUISTA,Duro,sc 60 kg,2001-12-03,2026-01-21,4344,daily,31.03,0.0,73.13,374.0,15.0,68.97,0,0.16,False,"multiple years: scrape failed, see download_report.csv"
SEAGRI-BA,seagri_cafe_arabica_vitoria_da_conquista_rio,Café Arábica,VITORIA DA CONQUISTA,Rio,sc 60 kg,2001-12-03,2026-01-21,4430,daily,29.66,0.0,77.44,374.0,15.3,70.34,0,0.23,False,"multiple years: scrape failed, see download_report.csv"
SEAGRI-BA,seagri_cafe_arabica_wanderley_comum,Café Arábica,WANDERLEY,Comum,sc 40 kg,2023-08-31,2023-08-31,1,unknown,0.0,0.0,0.0,0.0,30.44,100.0,0,,False,"multiple years: scrape failed, see download_report.csv | too few observations, likely noise"
SEAGRI-BA,seagri_cafe_arabica_wanderley_da_terra,Café Arábica,WANDERLEY,Da Terra,sc 40 kg,2023-08-31,2023-08-31,1,unknown,0.0,0.0,0.0,0.0,30.44,100.0,0,,False,"multiple years: scrape failed, see download_report.csv | too few observations, likely noise"
SEAGRI-BA,seagri_cafe_arabica_wanderley_paluma,Café Arábica,WANDERLEY,Paluma,sc 40 kg,2023-08-31,2023-08-31,1,unknown,0.0,0.0,0.0,0.0,30.44,100.0,0,,False,"multiple years: scrape failed, see download_report.csv | too few observations, likely noise"
SEAGRI-BA,seagri_cafe_conillon_entre_rios_rio,Café Conillon,ENTRE RIOS,Rio,sc 40 kg,2023-08-31,2023-08-31,1,unknown,0.0,0.0,0.0,0.0,30.44,100.0,0,,False,"2019: page 3 scrape failed, see download_report.csv | too few observations, likely noise"
SEAGRI-BA,seagri_cafe_conillon_entre_rios_sem_casca,Café Conillon,ENTRE RIOS,Sem casca,sc 40 kg,2023-08-31,2023-08-31,1,unknown,0.0,0.0,0.0,0.0,30.44,100.0,0,,False,"2019: page 3 scrape failed, see download_report.csv | too few observations, likely noise"
SEAGRI-BA,seagri_soja_barra_do_choca_comum,Soja,BARRA DO CHOCA,(comum),sc 40 kg,2023-08-31,2023-08-31,1,unknown,0.0,0.0,0.0,0.0,30.44,100.0,0,,False,"2001-2026: intermittent scraper gaps, see download_report.csv | too few observations, likely noise"
SEAGRI-BA,seagri_soja_barreiras_comum,Soja,BARREIRAS,(comum),sc 60 kg,2001-12-12,2026-01-21,4927,daily,21.68,0.0,68.39,608.0,17.03,78.32,0,0.63,False,"2001-2026: intermittent scraper gaps, see download_report.csv"
SEAGRI-BA,seagri_soja_chicago_usa_comum,Soja,CHICAGO/USA,(comum),Não Informado,2001-12-14,2026-01-21,5078,daily,19.26,0.02,53.36,812.0,17.56,80.74,1,0.28,False,"2001-2026: intermittent scraper gaps, see download_report.csv | 0.0% duplicate dates collapsed (kept last) | unit varies: {'Não Informado': 2888, '(U$$)': 2371}"
SEAGRI-BA,seagri_soja_luis_eduardo_magalhaes_comum,Soja,LUIS EDUARDO MAGALHAES,(comum),sc 60 kg,2007-05-18,2016-02-29,791,daily,65.49,0.0,78.48,997.0,7.5,34.51,0,0.51,False,"2001-2026: intermittent scraper gaps, see download_report.csv"
SEAGRI-BA,seagri_soja_salvador_comum,Soja,SALVADOR,(comum),sc 60 kg,2001-12-12,2016-02-29,1190,daily,67.92,0.0,94.87,3079.0,6.98,32.08,0,0.08,False,"2001-2026: intermittent scraper gaps, see download_report.csv"
Yahoo Finance (unofficial API),yahoo_usd_brl,USD/BRL,CCY,futures/index close,"see ticker (continuous/nearby contract, verify rollover)",2003-12-01,2026-08-29,5484,daily,7.6,0.0,1.24,576.0,20.1,92.4,0,0.22,False,
