source,dataset,status,rows,start_date,end_date,path,note,url
SEAGRI-BA,Algodão,PARTIAL,12441,2001-11-23,2026-01-21,G:\My Drive\UNEB\PPGMSB\MarcosProducaoCientifica\2026\specialIssues\Machine Learning in Finance\dados_commodities_bahia\seagri_ba\seagri_ba_algodao.csv,2009: page 7: Response ended prematurely,https://www.ba.gov.br/seagri/cotacao
SEAGRI-BA,Cacau (até 15:30h),PARTIAL,12706,2001-12-12,2026-12-01,G:\My Drive\UNEB\PPGMSB\MarcosProducaoCientifica\2026\specialIssues\Machine Learning in Finance\dados_commodities_bahia\seagri_ba\seagri_ba_cacau_ate_15_30h.csv,2016: page 7: Response ended prematurely,https://www.ba.gov.br/seagri/cotacao
SEAGRI-BA,Café Arábica,PARTIAL,28851,2001-03-12,2026-12-01,G:\My Drive\UNEB\PPGMSB\MarcosProducaoCientifica\2026\specialIssues\Machine Learning in Finance\dados_commodities_bahia\seagri_ba\seagri_ba_cafe_arabica.csv,2004: page 3: Response ended prematurely | 2008: page 31: Response ended prematurely | 2011: page 19: Response ended prematurely | 2015: page 9: Response ended prematurely | 2024: page 14: Response ended prematurely,https://www.ba.gov.br/seagri/cotacao
SEAGRI-BA,Café Conillon,PARTIAL,10695,2001-12-14,2026-01-21,G:\My Drive\UNEB\PPGMSB\MarcosProducaoCientifica\2026\specialIssues\Machine Learning in Finance\dados_commodities_bahia\seagri_ba\seagri_ba_cafe_conillon.csv,2019: page 3: Response ended prematurely,https://www.ba.gov.br/seagri/cotacao
SEAGRI-BA,Soja,OK,12185,2001-12-12,2026-12-01,G:\My Drive\UNEB\PPGMSB\MarcosProducaoCientifica\2026\specialIssues\Machine Learning in Finance\dados_commodities_bahia\seagri_ba\seagri_ba_soja.csv,,https://www.ba.gov.br/seagri/cotacao
CEPEA,soja_paranagua,FAILED,0,,,,"HTTPSConnectionPool(host='cepea.org.br', port=443): Max retries exceeded with url: /br/indicador/series/soja.aspx?id=92 (Caused by SSLError(SSLEOFError(8, '[SSL: UNEXPECTED_EOF_WHILE_READING] EOF occurred in violation of protocol (_ssl.c:1010)')))",https://cepea.org.br/br/indicador/series/soja.aspx?id=92
CEPEA,soja_parana,FAILED,0,,,,"HTTPSConnectionPool(host='cepea.org.br', port=443): Max retries exceeded with url: /br/indicador/series/soja.aspx?id=12 (Caused by SSLError(SSLEOFError(8, '[SSL: UNEXPECTED_EOF_WHILE_READING] EOF occurred in violation of protocol (_ssl.c:1010)')))",https://cepea.org.br/br/indicador/series/soja.aspx?id=12
CEPEA,cafe_arabica,FAILED,0,,,,"HTTPSConnectionPool(host='cepea.org.br', port=443): Max retries exceeded with url: /br/indicador/series/cafe.aspx?id=23 (Caused by SSLError(SSLEOFError(8, '[SSL: UNEXPECTED_EOF_WHILE_READING] EOF occurred in violation of protocol (_ssl.c:1010)')))",https://cepea.org.br/br/indicador/series/cafe.aspx?id=23
CEPEA,cafe_robusta,FAILED,0,,,,"HTTPSConnectionPool(host='cepea.org.br', port=443): Max retries exceeded with url: /br/indicador/series/cafe.aspx?id=24 (Caused by SSLError(SSLEOFError(8, '[SSL: UNEXPECTED_EOF_WHILE_READING] EOF occurred in violation of protocol (_ssl.c:1010)')))",https://cepea.org.br/br/indicador/series/cafe.aspx?id=24
CEPEA,algodao_8_dias,FAILED,0,,,,"HTTPSConnectionPool(host='cepea.org.br', port=443): Max retries exceeded with url: /br/indicador/series/algodao.aspx?id=54 (Caused by SSLError(SSLEOFError(8, '[SSL: UNEXPECTED_EOF_WHILE_READING] EOF occurred in violation of protocol (_ssl.c:1010)')))",https://cepea.org.br/br/indicador/series/algodao.aspx?id=54
Banco Central do Brasil,usd_brl_venda,FAILED,0,,,,"1984-11-28..1993-11-27: HTTPSConnectionPool(host='api.bcb.gov.br', port=443): Max retries exceeded with url: /dados/serie/bcdata.sgs.1/dados?formato=json&dataInicial=28%2F11%2F1984&dataFinal=27%2F11%2F1993 (Caused by SSLError(SSLEOFError(8, '[SSL: UNEXPECTED_EOF_WHILE_READING] EOF occurred in violation of protocol (_ssl.c:1010)'))) | 1993-11-28..2002-11-27: HTTPSConnectionPool(host='api.bcb.gov.br', port=443): Max retries exceeded with url: /dados/serie/bcdata.sgs.1/dados?formato=json&dataInicial=28%2F11%2F1993&dataFinal=27%2F11%2F2002 (Caused by SSLError(SSLEOFError(8, '[SSL: UNEXPECTED_EOF_WHILE_READING] EOF occurred in violation of protocol (_ssl.c:1010)'))) | 2002-11-28..2011-11-27: HTTPSConnectionPool(host='api.bcb.gov.br', port=443): Max retries exceeded with url: /dados/serie/bcdata.sgs.1/dados?formato=json&dataInicial=28%2F11%2F2002&dataFinal=27%2F11%2F2011 (Caused by SSLError(SSLEOFError(8, '[SSL: UNEXPECTED_EOF_WHILE_READING] EOF occurred in violation of protocol (_ssl.c:1010",https://api.bcb.gov.br/dados/serie/bcdata.sgs.1/dados
Banco Central do Brasil,selic_anualizada_252,FAILED,0,,,,"1986-06-04..1995-06-03: HTTPSConnectionPool(host='api.bcb.gov.br', port=443): Max retries exceeded with url: /dados/serie/bcdata.sgs.1178/dados?formato=json&dataInicial=04%2F06%2F1986&dataFinal=03%2F06%2F1995 (Caused by SSLError(SSLEOFError(8, '[SSL: UNEXPECTED_EOF_WHILE_READING] EOF occurred in violation of protocol (_ssl.c:1010)'))) | 1995-06-04..2004-06-03: HTTPSConnectionPool(host='api.bcb.gov.br', port=443): Max retries exceeded with url: /dados/serie/bcdata.sgs.1178/dados?formato=json&dataInicial=04%2F06%2F1995&dataFinal=03%2F06%2F2004 (Caused by SSLError(SSLEOFError(8, '[SSL: UNEXPECTED_EOF_WHILE_READING] EOF occurred in violation of protocol (_ssl.c:1010)'))) | 2004-06-04..2013-06-03: HTTPSConnectionPool(host='api.bcb.gov.br', port=443): Max retries exceeded with url: /dados/serie/bcdata.sgs.1178/dados?formato=json&dataInicial=04%2F06%2F2004&dataFinal=03%2F06%2F2013 (Caused by SSLError(SSLEOFError(8, '[SSL: UNEXPECTED_EOF_WHILE_READING] EOF occurred in violation of protocol (_s",https://api.bcb.gov.br/dados/serie/bcdata.sgs.1178/dados
Banco Central do Brasil,selic_percentual_dia,FAILED,0,,,,"1986-06-04..1995-06-03: HTTPSConnectionPool(host='api.bcb.gov.br', port=443): Max retries exceeded with url: /dados/serie/bcdata.sgs.11/dados?formato=json&dataInicial=04%2F06%2F1986&dataFinal=03%2F06%2F1995 (Caused by SSLError(SSLEOFError(8, '[SSL: UNEXPECTED_EOF_WHILE_READING] EOF occurred in violation of protocol (_ssl.c:1010)'))) | 1995-06-04..2004-06-03: HTTPSConnectionPool(host='api.bcb.gov.br', port=443): Max retries exceeded with url: /dados/serie/bcdata.sgs.11/dados?formato=json&dataInicial=04%2F06%2F1995&dataFinal=03%2F06%2F2004 (Caused by SSLError(SSLEOFError(8, '[SSL: UNEXPECTED_EOF_WHILE_READING] EOF occurred in violation of protocol (_ssl.c:1010)'))) | 2004-06-04..2013-06-03: HTTPSConnectionPool(host='api.bcb.gov.br', port=443): Max retries exceeded with url: /dados/serie/bcdata.sgs.11/dados?formato=json&dataInicial=04%2F06%2F2004&dataFinal=03%2F06%2F2013 (Caused by SSLError(SSLEOFError(8, '[SSL: UNEXPECTED_EOF_WHILE_READING] EOF occurred in violation of protocol (_ssl.c:1",https://api.bcb.gov.br/dados/serie/bcdata.sgs.11/dados
FRED,vix,FAILED,0,,,,"HTTPSConnectionPool(host='fred.stlouisfed.org', port=443): Max retries exceeded with url: /graph/fredgraph.csv?id=VIXCLS&cosd=1990-01-01&coed=2026-08-29 (Caused by ProtocolError('Connection aborted.', RemoteDisconnected('Remote end closed connection without response')))",https://fred.stlouisfed.org/graph/fredgraph.csv
FRED,brent_spot,FAILED,0,,,,"HTTPSConnectionPool(host='fred.stlouisfed.org', port=443): Max retries exceeded with url: /graph/fredgraph.csv?id=DCOILBRENTEU&cosd=1990-01-01&coed=2026-08-29 (Caused by ProtocolError('Connection aborted.', RemoteDisconnected('Remote end closed connection without response')))",https://fred.stlouisfed.org/graph/fredgraph.csv
FRED,usd_brl_fed,FAILED,0,,,,"HTTPSConnectionPool(host='fred.stlouisfed.org', port=443): Max retries exceeded with url: /graph/fredgraph.csv?id=DEXBZUS&cosd=1990-01-01&coed=2026-08-29 (Caused by ProtocolError('Connection aborted.', RemoteDisconnected('Remote end closed connection without response')))",https://fred.stlouisfed.org/graph/fredgraph.csv
FRED,broad_us_dollar_index,FAILED,0,,,,"HTTPSConnectionPool(host='fred.stlouisfed.org', port=443): Max retries exceeded with url: /graph/fredgraph.csv?id=DTWEXBGS&cosd=1990-01-01&coed=2026-08-29 (Caused by ProtocolError('Connection aborted.', RemoteDisconnected('Remote end closed connection without response')))",https://fred.stlouisfed.org/graph/fredgraph.csv
FRED,us_treasury_10y,FAILED,0,,,,"HTTPSConnectionPool(host='fred.stlouisfed.org', port=443): Max retries exceeded with url: /graph/fredgraph.csv?id=DGS10&cosd=1990-01-01&coed=2026-08-29 (Caused by ReadTimeoutError(""HTTPSConnectionPool(host='fred.stlouisfed.org', port=443): Read timed out. (read timeout=90)""))",https://fred.stlouisfed.org/graph/fredgraph.csv
FRED,fed_funds_effective,FAILED,0,,,,"HTTPSConnectionPool(host='fred.stlouisfed.org', port=443): Max retries exceeded with url: /graph/fredgraph.csv?id=DFF&cosd=1990-01-01&coed=2026-08-29 (Caused by ProtocolError('Connection aborted.', RemoteDisconnected('Remote end closed connection without response')))",https://fred.stlouisfed.org/graph/fredgraph.csv
CBOE,VIX_history,FAILED,0,,,,"HTTPSConnectionPool(host='cdn.cboe.com', port=443): Max retries exceeded with url: /api/global/us_indices/daily_prices/VIX_History.csv (Caused by SSLError(SSLEOFError(8, '[SSL: UNEXPECTED_EOF_WHILE_READING] EOF occurred in violation of protocol (_ssl.c:1010)')))",https://cdn.cboe.com/api/global/us_indices/daily_prices/VIX_History.csv
U.S. EIA,brent_daily,OK,9963,1987-05-20,2026-08-25,G:\My Drive\UNEB\PPGMSB\MarcosProducaoCientifica\2026\specialIssues\Machine Learning in Finance\dados_commodities_bahia\eia\eia_brent_daily.csv,,https://www.eia.gov/dnav/pet/hist_xls/RBRTEd.xls
Yahoo Finance (unofficial API),soybean_futures,OK,6526,2000-09-15,2026-08-27,G:\My Drive\UNEB\PPGMSB\MarcosProducaoCientifica\2026\specialIssues\Machine Learning in Finance\dados_commodities_bahia\yahoo_finance\yahoo_soybean_futures_zs_f.csv,Continuous/nearby market series as provided by Yahoo; verify rollover conventions before publication.,https://finance.yahoo.com/quote/ZS=F
Yahoo Finance (unofficial API),cocoa_futures,OK,6684,2000-01-02,2026-12-08,G:\My Drive\UNEB\PPGMSB\MarcosProducaoCientifica\2026\specialIssues\Machine Learning in Finance\dados_commodities_bahia\yahoo_finance\yahoo_cocoa_futures_cc_f.csv,Continuous/nearby market series as provided by Yahoo; verify rollover conventions before publication.,https://finance.yahoo.com/quote/CC=F
Yahoo Finance (unofficial API),coffee_futures,OK,6682,2000-01-02,2026-12-08,G:\My Drive\UNEB\PPGMSB\MarcosProducaoCientifica\2026\specialIssues\Machine Learning in Finance\dados_commodities_bahia\yahoo_finance\yahoo_coffee_futures_kc_f.csv,Continuous/nearby market series as provided by Yahoo; verify rollover conventions before publication.,https://finance.yahoo.com/quote/KC=F
Yahoo Finance (unofficial API),cotton_futures,OK,6684,2000-01-02,2026-12-08,G:\My Drive\UNEB\PPGMSB\MarcosProducaoCientifica\2026\specialIssues\Machine Learning in Finance\dados_commodities_bahia\yahoo_finance\yahoo_cotton_futures_ct_f.csv,Continuous/nearby market series as provided by Yahoo; verify rollover conventions before publication.,https://finance.yahoo.com/quote/CT=F
Yahoo Finance (unofficial API),corn_futures,OK,6534,2000-07-17,2026-08-27,G:\My Drive\UNEB\PPGMSB\MarcosProducaoCientifica\2026\specialIssues\Machine Learning in Finance\dados_commodities_bahia\yahoo_finance\yahoo_corn_futures_zc_f.csv,Continuous/nearby market series as provided by Yahoo; verify rollover conventions before publication.,https://finance.yahoo.com/quote/ZC=F
Yahoo Finance (unofficial API),sugar_11_futures,OK,6645,2000-01-03,2026-12-08,G:\My Drive\UNEB\PPGMSB\MarcosProducaoCientifica\2026\specialIssues\Machine Learning in Finance\dados_commodities_bahia\yahoo_finance\yahoo_sugar_11_futures_sb_f.csv,Continuous/nearby market series as provided by Yahoo; verify rollover conventions before publication.,https://finance.yahoo.com/quote/SB=F
Yahoo Finance (unofficial API),brent_futures,OK,4749,2007-07-30,2026-08-27,G:\My Drive\UNEB\PPGMSB\MarcosProducaoCientifica\2026\specialIssues\Machine Learning in Finance\dados_commodities_bahia\yahoo_finance\yahoo_brent_futures_bz_f.csv,Continuous/nearby market series as provided by Yahoo; verify rollover conventions before publication.,https://finance.yahoo.com/quote/BZ=F
Yahoo Finance (unofficial API),wti_futures,OK,6531,2000-08-23,2026-08-27,G:\My Drive\UNEB\PPGMSB\MarcosProducaoCientifica\2026\specialIssues\Machine Learning in Finance\dados_commodities_bahia\yahoo_finance\yahoo_wti_futures_cl_f.csv,Continuous/nearby market series as provided by Yahoo; verify rollover conventions before publication.,https://finance.yahoo.com/quote/CL=F
Yahoo Finance (unofficial API),gold_futures,OK,6522,2000-08-30,2026-08-27,G:\My Drive\UNEB\PPGMSB\MarcosProducaoCientifica\2026\specialIssues\Machine Learning in Finance\dados_commodities_bahia\yahoo_finance\yahoo_gold_futures_gc_f.csv,Continuous/nearby market series as provided by Yahoo; verify rollover conventions before publication.,https://finance.yahoo.com/quote/GC=F
Yahoo Finance (unofficial API),vix,OK,9233,1990-01-02,2026-12-08,G:\My Drive\UNEB\PPGMSB\MarcosProducaoCientifica\2026\specialIssues\Machine Learning in Finance\dados_commodities_bahia\yahoo_finance\yahoo_vix_vix.csv,Continuous/nearby market series as provided by Yahoo; verify rollover conventions before publication.,https://finance.yahoo.com/quote/^VIX
Yahoo Finance (unofficial API),sp500,OK,9232,1990-01-02,2026-12-08,G:\My Drive\UNEB\PPGMSB\MarcosProducaoCientifica\2026\specialIssues\Machine Learning in Finance\dados_commodities_bahia\yahoo_finance\yahoo_sp500_gspc.csv,Continuous/nearby market series as provided by Yahoo; verify rollover conventions before publication.,https://finance.yahoo.com/quote/^GSPC
Yahoo Finance (unofficial API),ibovespa,OK,8259,1993-04-27,2026-08-28,G:\My Drive\UNEB\PPGMSB\MarcosProducaoCientifica\2026\specialIssues\Machine Learning in Finance\dados_commodities_bahia\yahoo_finance\yahoo_ibovespa_bvsp.csv,Continuous/nearby market series as provided by Yahoo; verify rollover conventions before publication.,https://finance.yahoo.com/quote/^BVSP
Yahoo Finance (unofficial API),usd_brl,OK,5484,2003-01-12,2026-12-08,G:\My Drive\UNEB\PPGMSB\MarcosProducaoCientifica\2026\specialIssues\Machine Learning in Finance\dados_commodities_bahia\yahoo_finance\yahoo_usd_brl_brl_x.csv,Continuous/nearby market series as provided by Yahoo; verify rollover conventions before publication.,https://finance.yahoo.com/quote/BRL=X
Yahoo Finance (unofficial API),us_dollar_index,OK,9341,1990-01-01,2026-12-08,G:\My Drive\UNEB\PPGMSB\MarcosProducaoCientifica\2026\specialIssues\Machine Learning in Finance\dados_commodities_bahia\yahoo_finance\yahoo_us_dollar_index_dx_y_nyb.csv,Continuous/nearby market series as provided by Yahoo; verify rollover conventions before publication.,https://finance.yahoo.com/quote/DX-Y.NYB
