variety,horizon,experiment,feature_group,total_mean_importance,total_shap_importance
arabica,1,E2_cross_commodity,1_Own_History,0.509381287816255,0.43795432576665794
arabica,1,E2_cross_commodity,2_Cross_Commodity,0.49061871311506666,0.5620456742333412
arabica,1,E4_full,1_Own_History,0.36111573820212767,0.2599418914955261
arabica,1,E4_full,2_Cross_Commodity,0.30920234648457784,0.31765370661132075
arabica,1,E4_full,3_Financial_Macro,0.32968191127756197,0.42240440189315154
arabica,5,E2_cross_commodity,1_Own_History,0.4587779797963541,0.48784606479840575
arabica,5,E2_cross_commodity,2_Cross_Commodity,0.5412220316899569,0.5121539352015932
arabica,5,E4_full,1_Own_History,0.27704409382852396,0.24259392678292474
arabica,5,E4_full,2_Cross_Commodity,0.2918638052608684,0.218342875530265
arabica,5,E4_full,3_Financial_Macro,0.43109210517916796,0.5390631976868084
arabica,20,E2_cross_commodity,1_Own_History,0.46486400634163694,0.48166737325758635
arabica,20,E2_cross_commodity,2_Cross_Commodity,0.535135995055346,0.518332626742413
arabica,20,E4_full,1_Own_History,0.22164165223826146,0.1710547152351172
arabica,20,E4_full,2_Cross_Commodity,0.18125251510616147,0.11769037245913941
arabica,20,E4_full,3_Financial_Macro,0.5971058262139279,0.7112549123057421
conilon,1,E2_cross_commodity,1_Own_History,0.4755445319938063,0.4482481760906371
conilon,1,E2_cross_commodity,2_Cross_Commodity,0.5244554462753327,0.5517518239093621
conilon,1,E4_full,1_Own_History,0.3589420001270689,0.3156689313815501
conilon,1,E4_full,2_Cross_Commodity,0.36619242546015307,0.3700197667201282
conilon,1,E4_full,3_Financial_Macro,0.2748655501983895,0.3143113018983203
conilon,5,E2_cross_commodity,1_Own_History,0.5099909902987083,0.513093826940392
conilon,5,E2_cross_commodity,2_Cross_Commodity,0.49000904384978516,0.4869061730596074
conilon,5,E4_full,1_Own_History,0.3708204062911306,0.2979677599154548
conilon,5,E4_full,2_Cross_Commodity,0.3188712972496337,0.2827286428349118
conilon,5,E4_full,3_Financial_Macro,0.3103083115156158,0.4193035972496318
conilon,20,E2_cross_commodity,1_Own_History,0.5349355745211704,0.5447761349716815
conilon,20,E2_cross_commodity,2_Cross_Commodity,0.46506445497071003,0.4552238650283175
conilon,20,E4_full,1_Own_History,0.30583916276925377,0.2270188481459035
conilon,20,E4_full,2_Cross_Commodity,0.2192141967457119,0.17992579686069948
conilon,20,E4_full,3_Financial_Macro,0.47494664289094957,0.5930553549933955
