series,as_of_date,horizon_days,forecast_rv,forecast_rv_p10,forecast_rv_p90,recent_hist_vol_5,recent_hist_vol_20,n_train
arabica_LUIS EDUARDO MAGALHAES,2026-01-21,1,0.6204,0.3684,0.8321,0.0,14.3599,4193
arabica_LUIS EDUARDO MAGALHAES,2026-01-21,5,21.7571,1.575,39.8556,0.0,14.3599,4189
arabica_LUIS EDUARDO MAGALHAES,2026-01-21,20,13.8269,3.5249,32.5025,0.0,14.3599,4174
arabica_VITORIA DA CONQUISTA,2026-01-21,1,0.7011,0.4121,1.0166,1.7679,16.8608,4425
arabica_VITORIA DA CONQUISTA,2026-01-21,5,4.857,2.1086,4.7481,1.7679,16.8608,4421
arabica_VITORIA DA CONQUISTA,2026-01-21,20,15.1199,7.5879,33.4932,1.7679,16.8608,4406
conilon_EUNAPOLIS,2026-01-21,1,0.3933,0.246,0.5479,1.1359,6.7389,5502
conilon_EUNAPOLIS,2026-01-21,5,2.7309,1.5028,3.9017,1.1359,6.7389,5498
conilon_EUNAPOLIS,2026-01-21,20,15.864,4.3905,39.0629,1.1359,6.7389,5483
