horizon,experiment,model,n,qlike,mae,rmse,scenario,qlike_e1,mae_e1,rmse_e1,qlike_gain_pct,mae_gain_pct,rmse_gain_pct
1,E2_cross_commodity,LightGBM,12541,2646.602629571413,1.1973914553919713,2.6962936874118313,all_eps=0.0001,1902.2328964833546,1.1623682376153657,2.6501890164900503,-39.131366851249915,-3.013091432062609,-1.7396748169624
1,E2_cross_commodity,RandomForest,12541,20.436967867774985,1.1160929768784569,2.477714126927241,all_eps=0.0001,21.647567364153947,1.1090930501951364,2.489505403645976,5.592311949025664,-0.6311397120457141,0.47363933018447213
1,E2_cross_commodity,XGBoost,12541,1324.9537714199284,1.243151531977151,3.234237010264804,all_eps=0.0001,4767.185333051558,1.3191455411903874,4.064789261082792,72.20679124359106,5.760851008499035,20.432848973743422
1,E3_financial,LightGBM,12541,5314.313850163825,1.217833695744621,2.738429838960903,all_eps=0.0001,1902.2328964833546,1.1623682376153657,2.6501890164900503,-179.37240807833584,-4.771763055315792,-3.329604866739655
1,E3_financial,RandomForest,12541,22.38706535720739,1.1917922160373458,2.5900240701319657,all_eps=0.0001,21.647567364153947,1.1090930501951364,2.489505403645976,-3.4160789552639237,-7.456467771361397,-4.037696256404022
1,E3_financial,XGBoost,12541,1279.5500086753266,1.400633118157701,3.181462870594847,all_eps=0.0001,4767.185333051558,1.3191455411903874,4.064789261082792,73.15921410052954,-6.177299958409432,21.7311731002911
1,E4_full,LightGBM,12541,4784.548033681248,1.2168182340591176,2.7216175794497253,all_eps=0.0001,1902.2328964833546,1.1623682376153657,2.6501890164900503,-151.52272587265264,-4.684401610582345,-2.6952252279075495
1,E4_full,RandomForest,12541,21.64450340827164,1.1731628929384645,2.5518905158744793,all_eps=0.0001,21.647567364153947,1.1090930501951364,2.489505403645976,0.014153811515016379,-5.776777947716427,-2.5059239532936095
1,E4_full,XGBoost,12541,1706.2945140768245,1.3541865764982755,3.081262616992411,all_eps=0.0001,4767.185333051558,1.3191455411903874,4.064789261082792,64.20750621447738,-2.656343383935278,24.196251783748956
5,E2_cross_commodity,LightGBM,12529,2251.5058054673896,3.3413528542928344,5.964323147628465,all_eps=0.0001,3171.457982227655,3.2390208484058998,5.711336688538635,29.007232065363343,-3.1593500220073567,-4.429549033547908
5,E2_cross_commodity,RandomForest,12529,7.7537571004505965,2.9509841410336617,5.263397029590728,all_eps=0.0001,7.946101821667984,2.9337029198922524,5.194378308335477,2.4206173735766723,-0.5890583202625033,-1.3287195725520506
5,E2_cross_commodity,XGBoost,12529,197.27624257993023,3.2033870026671694,5.871531052392108,all_eps=0.0001,2329.678436197919,3.224287801367948,5.981724569271133,91.53203980795355,0.6482299344342413,1.8421696887399919
5,E3_financial,LightGBM,12529,7579.137290883425,3.8070065995540086,6.72895808657071,all_eps=0.0001,3171.457982227655,3.2390208484058998,5.711336688538635,-138.9795902501531,-17.535723841593853,-17.817569748150408
5,E3_financial,RandomForest,12529,8.722212819193045,3.191142413200965,5.715711080287011,all_eps=0.0001,7.946101821667984,2.9337029198922524,5.194378308335477,-9.767191699063149,-8.77524072267577,-10.036480614339261
5,E3_financial,XGBoost,12529,1294.8272939546034,3.648025173536954,6.541452223004308,all_eps=0.0001,2329.678436197919,3.224287801367948,5.981724569271133,44.42034257449766,-13.142045570163742,-9.357295663671405
5,E4_full,LightGBM,12529,3386.026571164051,3.6314639810566254,6.524636297917249,all_eps=0.0001,3171.457982227655,3.2390208484058998,5.711336688538635,-6.765613485620925,-12.116103940605027,-14.240092183861663
5,E4_full,RandomForest,12529,8.470640904672189,3.089683453055367,5.624442819681135,all_eps=0.0001,7.946101821667984,2.9337029198922524,5.194378308335477,-6.60121270500027,-5.316848277495101,-8.27942221026776
5,E4_full,XGBoost,12529,1663.0599720779567,3.516831262818317,6.318470480094397,all_eps=0.0001,2329.678436197919,3.224287801367948,5.981724569271133,28.61418356122559,-9.073118762110921,-5.629579010594532
20,E2_cross_commodity,LightGBM,12484,3229.457622963314,5.873090507815228,9.741380959715798,all_eps=0.0001,424.5564272092564,6.0862776388987685,10.294714281057841,-660.6662898007597,3.5027506750762383,5.37492645483294
20,E2_cross_commodity,RandomForest,12484,3.514450108957729,5.439729915935336,9.236288029855194,all_eps=0.0001,3.372952572316991,5.518604189620061,9.550882752037866,-4.195064520090153,1.4292431740815736,3.2938811034566196
20,E2_cross_commodity,XGBoost,12484,677.9588097372241,5.813806009522022,9.693580350796102,all_eps=0.0001,90.48131013682149,5.896134656414919,10.338385045614208,-649.28049639428,1.3963155811464456,6.236996319765121
20,E3_financial,LightGBM,12484,168.56588170763766,6.522075978484432,11.559000120792014,all_eps=0.0001,424.5564272092564,6.0862776388987685,10.294714281057841,60.29600050677022,-7.160342748749726,-12.280922085039748
20,E3_financial,RandomForest,12484,3.6495008269030165,6.350604436883485,11.428536502186327,all_eps=0.0001,3.372952572316991,5.518604189620061,9.550882752037866,-8.198996240141486,-15.076280499122085,-19.659478593722945
20,E3_financial,XGBoost,12484,133.12189362319947,6.535058313691341,11.346517350816503,all_eps=0.0001,90.48131013682149,5.896134656414919,10.338385045614208,-47.12639927726392,-10.836313865072288,-9.751351886724024
20,E4_full,LightGBM,12484,592.118769268284,6.451816758831883,11.305591738356638,all_eps=0.0001,424.5564272092564,6.0862776388987685,10.294714281057841,-39.46762581371524,-6.0059553904815655,-9.819383323331277
20,E4_full,RandomForest,12484,3.5631027929461294,6.442065549598202,11.41350740273649,all_eps=0.0001,3.372952572316991,5.518604189620061,9.550882752037866,-5.637500574119203,-16.733603792695973,-19.502120369985665
20,E4_full,XGBoost,12484,869.6460295535663,6.627092623818695,11.445562398584354,all_eps=0.0001,90.48131013682149,5.896134656414919,10.338385045614208,-861.1333304508184,-12.397240056390224,-10.709383990682731
1,E2_cross_commodity,LightGBM,2131,15544.439582094194,2.9892278205567653,5.635833717704306,nonzero_target,11160.908764913249,3.031098844649207,5.699009875533535,-39.27575172876181,1.3813810185159925,1.108546207306138
1,E2_cross_commodity,RandomForest,2131,84.80589705876825,2.929098108634755,5.594155267559037,nonzero_target,92.08497911598384,2.9861605925038175,5.657737762096517,7.904744212459846,1.9108980277988685,1.123814803921186
1,E2_cross_commodity,XGBoost,2131,7765.106272458054,3.088117091713998,5.915101922652777,nonzero_target,28021.130865410403,3.157290916937926,6.299498560659813,72.28839082278657,2.1909233910892056,6.102019617999144
1,E3_financial,LightGBM,2131,31243.403506815896,3.054974435710507,5.810718076429531,nonzero_target,11160.908764913249,3.031098844649207,5.699009875533535,-179.93601744184443,-0.7876876434909752,-1.9601334852141772
1,E3_financial,RandomForest,2131,96.22630929257441,2.973529964853719,5.639551553296995,nonzero_target,92.08497911598384,2.9861605925038175,5.657737762096517,-4.497291758490207,0.42297214964946983,0.32143958529429195
1,E3_financial,XGBoost,2131,7497.078271273925,3.0727457159690617,5.9771535498414945,nonzero_target,28021.130865410403,3.157290916937926,6.299498560659813,73.24491182285438,2.6777767140590325,5.116994753064208
1,E4_full,LightGBM,2131,28126.178948897566,3.0215172228627107,5.763127127197162,nonzero_target,11160.908764913249,3.031098844649207,5.699009875533535,-152.00617208984224,0.31611050241435734,-1.1250594939111958
1,E4_full,RandomForest,2131,91.74115153721053,2.9259650878125356,5.601780884221382,nonzero_target,92.08497911598384,2.9861605925038175,5.657737762096517,0.3733807425207236,2.0158160563229943,0.9890327234678864
1,E4_full,XGBoost,2131,10008.358597842169,3.0057276067197827,5.906991485058352,nonzero_target,28021.130865410403,3.157290916937926,6.299498560659813,64.28281697154273,4.8004227106552495,6.230766970130852
5,E2_cross_commodity,LightGBM,7033,4003.25701869097,3.375543471267481,6.785895097268607,nonzero_target,5641.942583334913,3.229383611137963,6.673243202867477,29.044704734930626,-4.525936764694705,-1.688113125454871
5,E2_cross_commodity,RandomForest,7033,5.846003052100956,2.8436089405862566,6.183469671471146,nonzero_target,6.183719239129832,2.8297317724918187,6.135975623424996,5.461376462434597,-0.4904057773015724,-0.7740260222813378
5,E2_cross_commodity,XGBoost,7033,343.6567606644445,3.196597355712494,6.664815999153519,nonzero_target,4142.305385668457,3.1501958196345594,6.747037626846051,91.70373189158319,-1.472973070077832,1.2186330096245146
5,E3_financial,LightGBM,7033,13494.120508847438,3.8866708391936324,7.518646895517645,nonzero_target,5641.942583334913,3.229383611137963,6.673243202867477,-139.1750768380056,-20.35333386187763,-12.668558105103989
5,E3_financial,RandomForest,7033,7.63766225971207,3.1919992378370297,6.543137492795223,nonzero_target,6.183719239129832,2.8297317724918187,6.135975623424996,-23.512435871633073,-12.802183898377194,-6.6356500474973545
5,E3_financial,XGBoost,7033,2298.874289552524,3.659491951852305,7.243046073707403,nonzero_target,4142.305385668457,3.1501958196345594,6.747037626846051,44.502539636354044,-16.167126152710942,-7.35149964019417
5,E4_full,LightGBM,7033,6024.323896224931,3.7286151657732054,7.385406378589361,nonzero_target,5641.942583334913,3.229383611137963,6.673243202867477,-6.777476148365813,-15.459035368651186,-10.671919995600776
5,E4_full,RandomForest,7033,7.205018542590886,3.1003102588508007,6.494932090676079,nonzero_target,6.183719239129832,2.8297317724918187,6.135975623424996,-16.51593909694984,-9.56198354166673,-5.850030855414623
5,E4_full,XGBoost,7033,2954.8525532374033,3.523507690696014,7.02385901672686,nonzero_target,4142.305385668457,3.1501958196345594,6.747037626846051,28.66647245612073,-11.850433828102824,-4.102858249661345
20,E2_cross_commodity,LightGBM,11525,3497.183087374234,5.72464105324224,9.818370473134296,nonzero_target,458.87000252120333,5.886253076767055,10.260194381890878,-662.129376110751,2.7455840144334775,4.306194330356905
20,E2_cross_commodity,RandomForest,11525,2.792426667938485,5.233062291521332,9.278137542584767,nonzero_target,2.6378093664980207,5.288452273652774,9.513657534369306,-5.861579817109197,1.0473760424651313,2.4755988002899243
20,E2_cross_commodity,XGBoost,11525,733.366702374775,5.651493074438066,9.775428602585032,nonzero_target,96.99654821628006,5.718540920196819,10.445212695271126,-656.0750520106502,1.1724642123649542,6.412354752616245
20,E3_financial,LightGBM,11525,181.59670246798174,6.417032637256556,11.708559773298887,nonzero_target,458.87000252120333,5.886253076767055,10.260194381890878,60.42523994372664,-9.017273867895348,-14.116354305765944
20,E3_financial,RandomForest,11525,2.96122570928219,6.258596857503251,11.586624058238202,nonzero_target,2.6378093664980207,5.288452273652774,9.513657534369306,-12.260792871986048,-18.344584268704978,-21.789375078722763
20,E3_financial,XGBoost,11525,143.19594736331402,6.394483671819414,11.441183425183066,nonzero_target,96.99654821628006,5.718540920196819,10.445212695271126,-47.629941473813986,-11.820196113929882,-9.535188597574917
20,E4_full,LightGBM,11525,640.3971549354461,6.333821049910065,11.44600255736832,nonzero_target,458.87000252120333,5.886253076767055,10.260194381890878,-39.559603246423755,-7.60361417196882,-11.557365595045454
20,E4_full,RandomForest,11525,2.8579558889954098,6.323813988108118,11.552791487696469,nonzero_target,2.6378093664980207,5.288452273652774,9.513657534369306,-8.345808658252562,-19.577783080572498,-21.433754010595084
20,E4_full,XGBoost,11525,941.0034783783289,6.501883977112353,11.577576182480813,nonzero_target,96.99654821628006,5.718540920196819,10.445212695271126,-870.14120160246,-13.698302903611514,-10.840980650612742
