regime,experiment,model,qlike,qlike_nz,mae,rmse
1_Low,E0,"GARCH(1,1)",6.335695353983791,2.4260305586068625,4.201674341270222,6.398397962767867
1_Low,E0,HAR-RV,10.23239872202707,12.004454503181652,2.8232054002501843,5.4489099252254505
1_Low,E1_own,LightGBM,851.9105578860845,1674.5801768468866,3.1529969948450285,6.388590399572311
1_Low,E1_own,RandomForest,10.841201628176362,13.165333951209767,2.858113145338823,5.769988617217743
1_Low,E1_own,XGBoost,543.6141449441416,1065.604395390776,3.290545732113519,7.205966725013344
1_Low,E2_cross_commodity,LightGBM,1734.996486424923,3419.2959400779755,3.2058590932121436,6.210162154176722
1_Low,E2_cross_commodity,RandomForest,10.62884737545002,12.72852778701425,2.8259759134963836,5.614712351112855
1_Low,E2_cross_commodity,XGBoost,375.81703081944977,734.4778742160638,3.22102881517256,6.396921197373024
1_Low,E3_financial,LightGBM,1973.8547416600427,3890.7130333786045,4.012809858813167,8.06035718446697
1_Low,E3_financial,RandomForest,10.395223331960514,12.185103601408949,3.639867431493346,7.634045997699324
1_Low,E3_financial,XGBoost,502.9469577926219,985.1553408578235,4.038034645376798,7.925381242137253
1_Low,E4_full,LightGBM,1449.9471000460862,2855.9843623776856,3.8802772645266437,7.837384573941415
1_Low,E4_full,RandomForest,9.799151440601499,11.019305814234304,3.599084702933957,7.562507820067294
1_Low,E4_full,XGBoost,613.6668608652174,1203.9314423720143,3.953739310103629,7.913547991923298
2_Medium,E0,"GARCH(1,1)",5.997449381769035,2.6908056538378355,4.141447012365123,6.42549876441283
2_Medium,E0,HAR-RV,10.030830010382193,11.198830381997096,2.908401921328667,5.677886879575873
2_Medium,E1_own,LightGBM,758.7964866812106,1333.8066181618565,3.33575277328886,6.554943332232033
2_Medium,E1_own,RandomForest,10.722272489389374,12.525621769799287,3.094789365501605,6.179161208361884
2_Medium,E1_own,XGBoost,210.7909654282901,365.98731276816346,3.30614458881309,6.847688827276938
2_Medium,E2_cross_commodity,LightGBM,2602.3558968600782,4589.899053669832,3.2540857756529085,6.423922296660014
2_Medium,E2_cross_commodity,RandomForest,10.865065145166808,12.771124593525538,3.063005458364509,6.036223641083551
2_Medium,E2_cross_commodity,XGBoost,729.8556737160231,1282.9040439139674,3.238996690908209,6.529046091806583
2_Medium,E3_financial,LightGBM,2009.0184577712694,3542.04239553828,3.492140623085715,7.266531273397315
2_Medium,E3_financial,RandomForest,11.696891081534035,14.298353845806162,3.3312170090943676,7.044549175938538
2_Medium,E3_financial,XGBoost,1042.6996751498266,1835.370800791787,3.513271292015899,7.132434368519949
2_Medium,E4_full,LightGBM,2635.3179164689222,4648.183203507885,3.4081144728015538,7.036150092700294
2_Medium,E4_full,RandomForest,11.82057281957661,14.482275271233231,3.3343813205017794,7.047804274202408
2_Medium,E4_full,XGBoost,1391.9841290789418,2452.1639238602547,3.5057783597096868,7.084011374531792
3_High,E0,"GARCH(1,1)",5.8711188291416505,2.9102284450128586,5.059398861501825,8.068104858691305
3_High,E0,HAR-RV,48.22604486852911,73.22532206102709,3.535030151210436,6.996215144051312
3_High,E1_own,LightGBM,4699.754238262929,7668.402428627104,4.251107761604956,8.2267020028638
3_High,E1_own,RandomForest,11.579462553190805,13.423604344630691,3.8471764969110938,7.679726767047856
3_High,E1_own,XGBoost,7978.579130107271,13021.994923626238,3.9823983072680216,7.832614545231612
3_High,E2_cross_commodity,LightGBM,4522.0779299692795,7378.50078199943,4.150574754254936,7.964608609887532
3_High,E2_cross_commodity,RandomForest,10.19005081170248,11.140331217720279,3.8681478282794344,7.568337721625945
3_High,E2_cross_commodity,XGBoost,1362.5742202500883,2219.6069630672628,3.9477268204636995,7.704328752140157
3_High,E3_financial,LightGBM,11036.647744283951,18015.578425605683,3.9287803486067716,8.169725035528051
3_High,E3_financial,RandomForest,13.59731573804607,16.86512183977093,3.7175245005413755,7.807903282552686
3_High,E3_financial,XGBoost,1454.3643597841499,2369.7925321060734,3.9091513384953793,8.159516665136437
3_High,E4_full,LightGBM,5807.641140289607,9477.803162018941,3.9361925719388178,8.095939753209645
3_High,E4_full,RandomForest,13.13026341721112,16.078835406284938,3.7484831988767247,7.798094085214464
3_High,E4_full,XGBoost,2834.1296777697426,4622.49119751723,3.954925840983428,8.127386930382034
