series,horizon,comparison,model_1,model_2,n_obs,mean_loss_diff,stat_hln,p_value,sig,fav,unfav
arabica_LUIS EDUARDO MAGALHAES,1,E1 vs E2/E3/E4,E1_own/RandomForest,E2_cross_commodity/RandomForest,407,5.992340519372915,0.7818091702568153,0.43478241518466465,False,False,False
arabica_LUIS EDUARDO MAGALHAES,1,E1 vs E2/E3/E4,E1_own/RandomForest,E3_financial/RandomForest,407,-23.36496262133655,-2.488495428217744,0.013228423544771495,True,False,True
arabica_LUIS EDUARDO MAGALHAES,1,E1 vs E2/E3/E4,E1_own/RandomForest,E4_full/RandomForest,407,-7.130940677695797,-0.6858297817288285,0.4932118861654753,False,False,False
arabica_LUIS EDUARDO MAGALHAES,1,E1 vs E2/E3/E4,E1_own/LightGBM,E2_cross_commodity/LightGBM,407,-3417.8440405769966,-0.2111625657090049,0.8328663690444018,False,False,False
arabica_LUIS EDUARDO MAGALHAES,1,E1 vs E2/E3/E4,E1_own/LightGBM,E3_financial/LightGBM,407,-49597.97153664828,-3.6723981079789807,0.00027242490000878306,True,False,True
arabica_LUIS EDUARDO MAGALHAES,1,E1 vs E2/E3/E4,E1_own/LightGBM,E4_full/LightGBM,407,-39659.30040388198,-2.0689668825747516,0.039181546012395874,True,False,True
arabica_LUIS EDUARDO MAGALHAES,1,E1 vs E2/E3/E4,E1_own/XGBoost,E2_cross_commodity/XGBoost,407,5122.510259157001,0.646404531716504,0.5183826316797024,False,False,False
arabica_LUIS EDUARDO MAGALHAES,1,E1 vs E2/E3/E4,E1_own/XGBoost,E3_financial/XGBoost,407,17845.985511020044,1.1003440405894904,0.2718342220129131,False,False,False
arabica_LUIS EDUARDO MAGALHAES,1,E1 vs E2/E3/E4,E1_own/XGBoost,E4_full/XGBoost,407,4778.998468974911,0.24337765022349303,0.8078357762567876,False,False,False
arabica_LUIS EDUARDO MAGALHAES,1,ML vs HAR-RV,E0/HAR-RV,E1_own/LightGBM,407,-25534.45317606082,-1.5914212630097726,0.1122930796571684,False,False,False
arabica_LUIS EDUARDO MAGALHAES,1,ML vs HAR-RV,E0/HAR-RV,E1_own/RandomForest,407,3.700899326896922,0.4237644138134814,0.6719620496490757,False,False,False
arabica_LUIS EDUARDO MAGALHAES,1,ML vs HAR-RV,E0/HAR-RV,E1_own/XGBoost,407,-24657.17023783973,-1.5567982977383445,0.12029751638927233,False,False,False
arabica_LUIS EDUARDO MAGALHAES,1,ML vs HAR-RV,E0/HAR-RV,E2_cross_commodity/LightGBM,407,-28952.29721663782,-2.7740647996356165,0.005791540589572319,True,False,True
arabica_LUIS EDUARDO MAGALHAES,1,ML vs HAR-RV,E0/HAR-RV,E2_cross_commodity/RandomForest,407,9.693239846269844,0.7915805283670494,0.42906751708182433,False,False,False
arabica_LUIS EDUARDO MAGALHAES,1,ML vs HAR-RV,E0/HAR-RV,E2_cross_commodity/XGBoost,407,-19534.65997868272,-1.394009114280194,0.16407730847043656,False,False,False
arabica_LUIS EDUARDO MAGALHAES,1,ML vs HAR-RV,E0/HAR-RV,E3_financial/LightGBM,407,-75132.42471270912,-3.6103844854848215,0.00034398850381234247,True,False,True
arabica_LUIS EDUARDO MAGALHAES,1,ML vs HAR-RV,E0/HAR-RV,E3_financial/RandomForest,407,-19.664063294439632,-2.0899621038015446,0.03724288545093146,True,False,True
arabica_LUIS EDUARDO MAGALHAES,1,ML vs HAR-RV,E0/HAR-RV,E3_financial/XGBoost,407,-6811.184726819675,-2.019688822392098,0.04407213571479973,True,False,True
arabica_LUIS EDUARDO MAGALHAES,1,ML vs HAR-RV,E0/HAR-RV,E4_full/LightGBM,407,-65193.753579942815,-4.254424491144469,2.6046176684113576e-05,True,False,True
arabica_LUIS EDUARDO MAGALHAES,1,ML vs HAR-RV,E0/HAR-RV,E4_full/RandomForest,407,-3.43004135079888,-0.3275595561944187,0.7434135408742548,False,False,False
arabica_LUIS EDUARDO MAGALHAES,1,ML vs HAR-RV,E0/HAR-RV,E4_full/XGBoost,407,-19878.17176886481,-1.653098488091401,0.09908382338555577,False,False,False
arabica_LUIS EDUARDO MAGALHAES,1,"ML vs GARCH(1,1)","E0/GARCH(1,1)",E1_own/LightGBM,407,-25622.08825659287,-1.5968816875677243,0.11107008535492868,False,False,False
arabica_LUIS EDUARDO MAGALHAES,1,"ML vs GARCH(1,1)","E0/GARCH(1,1)",E1_own/RandomForest,407,-83.93418120514545,-5.603245429405386,3.8879013564141474e-08,True,False,True
arabica_LUIS EDUARDO MAGALHAES,1,"ML vs GARCH(1,1)","E0/GARCH(1,1)",E1_own/XGBoost,407,-24744.80531837176,-1.5623326929413617,0.11898873488375128,False,False,False
arabica_LUIS EDUARDO MAGALHAES,1,"ML vs GARCH(1,1)","E0/GARCH(1,1)",E2_cross_commodity/LightGBM,407,-29039.93229716986,-2.782319674489994,0.00564897489830507,True,False,True
arabica_LUIS EDUARDO MAGALHAES,1,"ML vs GARCH(1,1)","E0/GARCH(1,1)",E2_cross_commodity/RandomForest,407,-77.94184068577252,-6.218235279148698,1.2503464930091468e-09,True,False,True
arabica_LUIS EDUARDO MAGALHAES,1,"ML vs GARCH(1,1)","E0/GARCH(1,1)",E2_cross_commodity/XGBoost,407,-19622.295059214764,-1.400253811249356,0.16220105034009813,False,False,False
arabica_LUIS EDUARDO MAGALHAES,1,"ML vs GARCH(1,1)","E0/GARCH(1,1)",E3_financial/LightGBM,407,-75220.05979324113,-3.61455096544396,0.000338674643672654,True,False,True
arabica_LUIS EDUARDO MAGALHAES,1,"ML vs GARCH(1,1)","E0/GARCH(1,1)",E3_financial/RandomForest,407,-107.299143826482,-5.118063318821452,4.773728485840678e-07,True,False,True
arabica_LUIS EDUARDO MAGALHAES,1,"ML vs GARCH(1,1)","E0/GARCH(1,1)",E3_financial/XGBoost,407,-6898.819807351721,-2.0458612282677544,0.04141385416367571,True,False,True
arabica_LUIS EDUARDO MAGALHAES,1,"ML vs GARCH(1,1)","E0/GARCH(1,1)",E4_full/LightGBM,407,-65281.38866047484,-4.259946233057765,2.5437918057535924e-05,True,False,True
arabica_LUIS EDUARDO MAGALHAES,1,"ML vs GARCH(1,1)","E0/GARCH(1,1)",E4_full/RandomForest,407,-91.06512188284125,-5.439479295987628,9.251885146888128e-08,True,False,True
arabica_LUIS EDUARDO MAGALHAES,1,"ML vs GARCH(1,1)","E0/GARCH(1,1)",E4_full/XGBoost,407,-19965.806849396853,-1.6603202842179385,0.0976221140747433,False,False,False
arabica_LUIS EDUARDO MAGALHAES,5,E1 vs E2/E3/E4,E1_own/RandomForest,E2_cross_commodity/RandomForest,1641,1.515521160972288,1.5832538219206003,0.11355643121402537,False,False,False
arabica_LUIS EDUARDO MAGALHAES,5,E1 vs E2/E3/E4,E1_own/RandomForest,E3_financial/RandomForest,1641,-2.0402672341691597,-1.2528207568058929,0.210449548336898,False,False,False
arabica_LUIS EDUARDO MAGALHAES,5,E1 vs E2/E3/E4,E1_own/RandomForest,E4_full/RandomForest,1641,-0.6261416691351289,-0.454379713157993,0.6496156820133803,False,False,False
arabica_LUIS EDUARDO MAGALHAES,5,E1 vs E2/E3/E4,E1_own/LightGBM,E2_cross_commodity/LightGBM,1641,-9118.784038805348,-3.1690811339851734,0.0015574336986976522,True,False,True
arabica_LUIS EDUARDO MAGALHAES,5,E1 vs E2/E3/E4,E1_own/LightGBM,E3_financial/LightGBM,1641,-6927.163076426092,-2.4260534891643766,0.01537125974722131,True,False,True
arabica_LUIS EDUARDO MAGALHAES,5,E1 vs E2/E3/E4,E1_own/LightGBM,E4_full/LightGBM,1641,-12469.12597765905,-2.8460324742916963,0.004481818638715662,True,False,True
arabica_LUIS EDUARDO MAGALHAES,5,E1 vs E2/E3/E4,E1_own/XGBoost,E2_cross_commodity/XGBoost,1641,1770.2704781424702,0.9418838916829283,0.34639080656210597,False,False,False
arabica_LUIS EDUARDO MAGALHAES,5,E1 vs E2/E3/E4,E1_own/XGBoost,E3_financial/XGBoost,1641,846.6713005009761,0.4122205319468789,0.6802316643318334,False,False,False
arabica_LUIS EDUARDO MAGALHAES,5,E1 vs E2/E3/E4,E1_own/XGBoost,E4_full/XGBoost,1641,-4709.910162853398,-1.3976086229176032,0.16241964893184258,False,False,False
arabica_LUIS EDUARDO MAGALHAES,5,ML vs HAR-RV,E0/HAR-RV,E1_own/LightGBM,1641,-640.7170518530528,-1.4714290106594878,0.14136698215851284,False,False,False
arabica_LUIS EDUARDO MAGALHAES,5,ML vs HAR-RV,E0/HAR-RV,E1_own/RandomForest,1641,-1.2958781755829778,-0.874297722766558,0.3820841495751863,False,False,False
arabica_LUIS EDUARDO MAGALHAES,5,ML vs HAR-RV,E0/HAR-RV,E1_own/XGBoost,1641,-2950.2487700068586,-1.6283764539733696,0.10363715592977574,False,False,False
arabica_LUIS EDUARDO MAGALHAES,5,ML vs HAR-RV,E0/HAR-RV,E2_cross_commodity/LightGBM,1641,-9759.501090658403,-3.284601231681064,0.001042794322078322,True,False,True
arabica_LUIS EDUARDO MAGALHAES,5,ML vs HAR-RV,E0/HAR-RV,E2_cross_commodity/RandomForest,1641,0.2196429853893102,0.2026009247698208,0.8394720976028855,False,False,False
arabica_LUIS EDUARDO MAGALHAES,5,ML vs HAR-RV,E0/HAR-RV,E2_cross_commodity/XGBoost,1641,-1179.9782918643878,-2.4599469210422544,0.013998271649600325,True,False,True
arabica_LUIS EDUARDO MAGALHAES,5,ML vs HAR-RV,E0/HAR-RV,E3_financial/LightGBM,1641,-7567.8801282791455,-2.686846466888351,0.007285864917171647,True,False,True
arabica_LUIS EDUARDO MAGALHAES,5,ML vs HAR-RV,E0/HAR-RV,E3_financial/RandomForest,1641,-3.336145409752137,-2.687860651248311,0.007263872621886991,True,False,True
arabica_LUIS EDUARDO MAGALHAES,5,ML vs HAR-RV,E0/HAR-RV,E3_financial/XGBoost,1641,-2103.577469505883,-2.2019861424962115,0.02780506032148855,True,False,True
arabica_LUIS EDUARDO MAGALHAES,5,ML vs HAR-RV,E0/HAR-RV,E4_full/LightGBM,1641,-13109.8430295121,-3.011166175337955,0.002642232350448248,True,False,True
arabica_LUIS EDUARDO MAGALHAES,5,ML vs HAR-RV,E0/HAR-RV,E4_full/RandomForest,1641,-1.9220198447181065,-1.975402761679855,0.0483898919574095,True,False,True
arabica_LUIS EDUARDO MAGALHAES,5,ML vs HAR-RV,E0/HAR-RV,E4_full/XGBoost,1641,-7660.158932860256,-2.5968722712930825,0.009491801546570144,True,False,True
arabica_LUIS EDUARDO MAGALHAES,5,"ML vs GARCH(1,1)","E0/GARCH(1,1)",E1_own/LightGBM,1641,-643.8134659460329,-1.478546647774855,0.1394535511272288,False,False,False
arabica_LUIS EDUARDO MAGALHAES,5,"ML vs GARCH(1,1)","E0/GARCH(1,1)",E1_own/RandomForest,1641,-4.392292268563001,-3.3653869756410693,0.0007820059283363268,True,False,True
arabica_LUIS EDUARDO MAGALHAES,5,"ML vs GARCH(1,1)","E0/GARCH(1,1)",E1_own/XGBoost,1641,-2953.345184099838,-1.630096446053834,0.10327314278917643,False,False,False
arabica_LUIS EDUARDO MAGALHAES,5,"ML vs GARCH(1,1)","E0/GARCH(1,1)",E2_cross_commodity/LightGBM,1641,-9762.59750475138,-3.285592053051974,0.0010391576912127665,True,False,True
arabica_LUIS EDUARDO MAGALHAES,5,"ML vs GARCH(1,1)","E0/GARCH(1,1)",E2_cross_commodity/RandomForest,1641,-2.8767711075907116,-3.810159628612313,0.00014400349335508267,True,False,True
arabica_LUIS EDUARDO MAGALHAES,5,"ML vs GARCH(1,1)","E0/GARCH(1,1)",E2_cross_commodity/XGBoost,1641,-1183.0747059573678,-2.466414874598399,0.013748935661930695,True,False,True
arabica_LUIS EDUARDO MAGALHAES,5,"ML vs GARCH(1,1)","E0/GARCH(1,1)",E3_financial/LightGBM,1641,-7570.976542372125,-2.6879456271565507,0.007262032653795991,True,False,True
arabica_LUIS EDUARDO MAGALHAES,5,"ML vs GARCH(1,1)","E0/GARCH(1,1)",E3_financial/RandomForest,1641,-6.4325595027321585,-5.19893817689527,2.255811277773745e-07,True,False,True
arabica_LUIS EDUARDO MAGALHAES,5,"ML vs GARCH(1,1)","E0/GARCH(1,1)",E3_financial/XGBoost,1641,-2106.6738835988626,-2.205233462938605,0.027576041453475364,True,False,True
arabica_LUIS EDUARDO MAGALHAES,5,"ML vs GARCH(1,1)","E0/GARCH(1,1)",E4_full/LightGBM,1641,-13112.939443605082,-3.0118552991716716,0.002636275072621874,True,False,True
arabica_LUIS EDUARDO MAGALHAES,5,"ML vs GARCH(1,1)","E0/GARCH(1,1)",E4_full/RandomForest,1641,-5.018433937698129,-5.726514147469408,1.2170070284867052e-08,True,False,True
arabica_LUIS EDUARDO MAGALHAES,5,"ML vs GARCH(1,1)","E0/GARCH(1,1)",E4_full/XGBoost,1641,-7663.255346953237,-2.5978924919179454,0.009463765262560875,True,False,True
arabica_LUIS EDUARDO MAGALHAES,20,E1 vs E2/E3/E4,E1_own/RandomForest,E2_cross_commodity/RandomForest,3132,0.07306909880732082,0.4240230618657339,0.6715781238718539,False,False,False
arabica_LUIS EDUARDO MAGALHAES,20,E1 vs E2/E3/E4,E1_own/RandomForest,E3_financial/RandomForest,3132,-0.9847577376529814,-1.890419570809517,0.0587941334607649,False,False,False
arabica_LUIS EDUARDO MAGALHAES,20,E1 vs E2/E3/E4,E1_own/RandomForest,E4_full/RandomForest,3132,-0.8967093400550717,-1.7324317749349458,0.08329519009738529,False,False,False
arabica_LUIS EDUARDO MAGALHAES,20,E1 vs E2/E3/E4,E1_own/LightGBM,E2_cross_commodity/LightGBM,3132,-5967.628966109896,-1.9233538727438253,0.054526204791989885,False,False,False
arabica_LUIS EDUARDO MAGALHAES,20,E1 vs E2/E3/E4,E1_own/LightGBM,E3_financial/LightGBM,3132,-281.4928869752988,-1.5704973260200505,0.11640050074173369,False,False,False
arabica_LUIS EDUARDO MAGALHAES,20,E1 vs E2/E3/E4,E1_own/LightGBM,E4_full/LightGBM,3132,-246.22409073257504,-1.3505830880770768,0.17692662501551637,False,False,False
arabica_LUIS EDUARDO MAGALHAES,20,E1 vs E2/E3/E4,E1_own/XGBoost,E2_cross_commodity/XGBoost,3132,-2625.5511099632345,-1.6772755779621438,0.09358842148957991,False,False,False
arabica_LUIS EDUARDO MAGALHAES,20,E1 vs E2/E3/E4,E1_own/XGBoost,E3_financial/XGBoost,3132,-1.1253892470428652,-2.956345467055124,0.0031363354801423604,True,False,True
arabica_LUIS EDUARDO MAGALHAES,20,E1 vs E2/E3/E4,E1_own/XGBoost,E4_full/XGBoost,3132,-2581.6195870101074,-1.16051558332078,0.24592743039471765,False,False,False
arabica_LUIS EDUARDO MAGALHAES,20,ML vs HAR-RV,E0/HAR-RV,E1_own/LightGBM,3132,-0.39541712892218894,-1.0446562466802178,0.29626251864298725,False,False,False
arabica_LUIS EDUARDO MAGALHAES,20,ML vs HAR-RV,E0/HAR-RV,E1_own/RandomForest,3132,-0.23051278365208566,-0.9263941407529983,0.3543125877281885,False,False,False
arabica_LUIS EDUARDO MAGALHAES,20,ML vs HAR-RV,E0/HAR-RV,E1_own/XGBoost,3132,-0.17737185022668914,-0.7032878343244019,0.48192868193022664,False,False,False
arabica_LUIS EDUARDO MAGALHAES,20,ML vs HAR-RV,E0/HAR-RV,E2_cross_commodity/LightGBM,3132,-5968.024383238818,-1.9234734994399134,0.05451118684061429,False,False,False
arabica_LUIS EDUARDO MAGALHAES,20,ML vs HAR-RV,E0/HAR-RV,E2_cross_commodity/RandomForest,3132,-0.15744368484476481,-0.9771148449441441,0.32858778733763816,False,False,False
arabica_LUIS EDUARDO MAGALHAES,20,ML vs HAR-RV,E0/HAR-RV,E2_cross_commodity/XGBoost,3132,-2625.7284818134617,-1.6773836677695146,0.09356729439210354,False,False,False
arabica_LUIS EDUARDO MAGALHAES,20,ML vs HAR-RV,E0/HAR-RV,E3_financial/LightGBM,3132,-281.88830410422105,-1.5731912913717507,0.11577556787423982,False,False,False
arabica_LUIS EDUARDO MAGALHAES,20,ML vs HAR-RV,E0/HAR-RV,E3_financial/RandomForest,3132,-1.215270521305067,-3.294340839405759,0.0009975076574544328,True,False,True
arabica_LUIS EDUARDO MAGALHAES,20,ML vs HAR-RV,E0/HAR-RV,E3_financial/XGBoost,3132,-1.3027610972695542,-4.674647887860364,3.068961373475787e-06,True,False,True
arabica_LUIS EDUARDO MAGALHAES,20,ML vs HAR-RV,E0/HAR-RV,E4_full/LightGBM,3132,-246.6195078614971,-1.3530201277037628,0.17614688596065298,False,False,False
arabica_LUIS EDUARDO MAGALHAES,20,ML vs HAR-RV,E0/HAR-RV,E4_full/RandomForest,3132,-1.1272221237071574,-3.088392218218773,0.002030069162616721,True,False,True
arabica_LUIS EDUARDO MAGALHAES,20,ML vs HAR-RV,E0/HAR-RV,E4_full/XGBoost,3132,-2581.7969588603332,-1.1605966112647346,0.245894466679365,False,False,False
arabica_LUIS EDUARDO MAGALHAES,20,"ML vs GARCH(1,1)","E0/GARCH(1,1)",E1_own/LightGBM,3132,-0.3040754457576518,-0.7705544010361273,0.44102923616130285,False,False,False
arabica_LUIS EDUARDO MAGALHAES,20,"ML vs GARCH(1,1)","E0/GARCH(1,1)",E1_own/RandomForest,3132,-0.13917110048754847,-0.4977225025939974,0.6187145986173779,False,False,False
arabica_LUIS EDUARDO MAGALHAES,20,"ML vs GARCH(1,1)","E0/GARCH(1,1)",E1_own/XGBoost,3132,-0.08603016706215194,-0.30748045924856743,0.758498144638915,False,False,False
arabica_LUIS EDUARDO MAGALHAES,20,"ML vs GARCH(1,1)","E0/GARCH(1,1)",E2_cross_commodity/LightGBM,3132,-5967.933041555653,-1.9234398142224993,0.054515415338088236,False,False,False
arabica_LUIS EDUARDO MAGALHAES,20,"ML vs GARCH(1,1)","E0/GARCH(1,1)",E2_cross_commodity/RandomForest,3132,-0.06610200168022759,-0.3420545716989405,0.7323327814011997,False,False,False
arabica_LUIS EDUARDO MAGALHAES,20,"ML vs GARCH(1,1)","E0/GARCH(1,1)",E2_cross_commodity/XGBoost,3132,-2625.6371401302968,-1.6773174747083641,0.09358023195003828,False,False,False
arabica_LUIS EDUARDO MAGALHAES,20,"ML vs GARCH(1,1)","E0/GARCH(1,1)",E3_financial/LightGBM,3132,-281.7969624210565,-1.5727550299046815,0.11587659023435015,False,False,False
arabica_LUIS EDUARDO MAGALHAES,20,"ML vs GARCH(1,1)","E0/GARCH(1,1)",E3_financial/RandomForest,3132,-1.12392883814053,-2.956239357245984,0.0031374117106508503,True,False,True
arabica_LUIS EDUARDO MAGALHAES,20,"ML vs GARCH(1,1)","E0/GARCH(1,1)",E3_financial/XGBoost,3132,-1.2114194141050172,-4.102688520196147,4.187855187764988e-05,True,False,True
arabica_LUIS EDUARDO MAGALHAES,20,"ML vs GARCH(1,1)","E0/GARCH(1,1)",E4_full/LightGBM,3132,-246.52816617833273,-1.3524734150192825,0.17632158512532903,False,False,False
arabica_LUIS EDUARDO MAGALHAES,20,"ML vs GARCH(1,1)","E0/GARCH(1,1)",E4_full/RandomForest,3132,-1.03588044054262,-2.7582663989664655,0.005844631041205917,True,False,True
arabica_LUIS EDUARDO MAGALHAES,20,"ML vs GARCH(1,1)","E0/GARCH(1,1)",E4_full/XGBoost,3132,-2581.7056171771687,-1.160554855939989,0.2459114531559876,False,False,False
arabica_VITORIA DA CONQUISTA,1,E1 vs E2/E3/E4,E1_own/RandomForest,E2_cross_commodity/RandomForest,932,4.705070930137707,0.5729301411686597,0.5668303379468973,False,False,False
arabica_VITORIA DA CONQUISTA,1,E1 vs E2/E3/E4,E1_own/RandomForest,E3_financial/RandomForest,932,-13.119667277055914,-1.4064818280159153,0.1599147898270774,False,False,False
arabica_VITORIA DA CONQUISTA,1,E1 vs E2/E3/E4,E1_own/RandomForest,E4_full/RandomForest,932,-16.73451423522699,-1.2405673257231988,0.2150781633936425,False,False,False
arabica_VITORIA DA CONQUISTA,1,E1 vs E2/E3/E4,E1_own/LightGBM,E2_cross_commodity/LightGBM,932,-5899.510140447225,-1.579499324146267,0.11456124525112665,False,False,False
arabica_VITORIA DA CONQUISTA,1,E1 vs E2/E3/E4,E1_own/LightGBM,E3_financial/LightGBM,932,-19361.08077571758,-1.159211307611958,0.24666728950328043,False,False,False
arabica_VITORIA DA CONQUISTA,1,E1 vs E2/E3/E4,E1_own/LightGBM,E4_full/LightGBM,932,-16491.342976259642,-1.7491575340462726,0.08059330630746397,False,False,False
arabica_VITORIA DA CONQUISTA,1,E1 vs E2/E3/E4,E1_own/XGBoost,E2_cross_commodity/XGBoost,932,6151.270376545981,0.8764015026931781,0.3810378718801284,False,False,False
arabica_VITORIA DA CONQUISTA,1,E1 vs E2/E3/E4,E1_own/XGBoost,E3_financial/XGBoost,932,3645.5137936790034,0.5376542570852253,0.5909442533408362,False,False,False
arabica_VITORIA DA CONQUISTA,1,E1 vs E2/E3/E4,E1_own/XGBoost,E4_full/XGBoost,932,1401.2320704897732,0.32417418330889614,0.7458789816707807,False,False,False
arabica_VITORIA DA CONQUISTA,1,ML vs HAR-RV,E0/HAR-RV,E1_own/LightGBM,932,-8935.558721877738,-3.5733512860202397,0.0003705243087601673,True,False,True
arabica_VITORIA DA CONQUISTA,1,ML vs HAR-RV,E0/HAR-RV,E1_own/RandomForest,932,193.82638579160098,0.9910386840795012,0.3219241872740699,False,False,False
arabica_VITORIA DA CONQUISTA,1,ML vs HAR-RV,E0/HAR-RV,E1_own/XGBoost,932,-12059.691668586009,-1.8542731661007716,0.06401615863136345,False,False,False
arabica_VITORIA DA CONQUISTA,1,ML vs HAR-RV,E0/HAR-RV,E2_cross_commodity/LightGBM,932,-14835.068862324964,-4.7994861003926514,1.8522376674656726e-06,True,False,True
arabica_VITORIA DA CONQUISTA,1,ML vs HAR-RV,E0/HAR-RV,E2_cross_commodity/RandomForest,932,198.53145672173872,1.013703903634187,0.3109874304054774,False,False,False
arabica_VITORIA DA CONQUISTA,1,ML vs HAR-RV,E0/HAR-RV,E2_cross_commodity/XGBoost,932,-5908.421292040029,-2.242985078553365,0.02513233369780199,True,False,True
arabica_VITORIA DA CONQUISTA,1,ML vs HAR-RV,E0/HAR-RV,E3_financial/LightGBM,932,-28296.63949759531,-1.713158342452342,0.08701633633543748,False,False,False
arabica_VITORIA DA CONQUISTA,1,ML vs HAR-RV,E0/HAR-RV,E3_financial/RandomForest,932,180.706718514545,0.9235382432780475,0.3559660691582873,False,False,False
arabica_VITORIA DA CONQUISTA,1,ML vs HAR-RV,E0/HAR-RV,E3_financial/XGBoost,932,-8414.177874907005,-4.132380206057157,3.913734448945938e-05,True,False,True
arabica_VITORIA DA CONQUISTA,1,ML vs HAR-RV,E0/HAR-RV,E4_full/LightGBM,932,-25426.90169813738,-2.7837872177964407,0.005481679541472717,True,False,True
arabica_VITORIA DA CONQUISTA,1,ML vs HAR-RV,E0/HAR-RV,E4_full/RandomForest,932,177.091871556374,0.905492395580649,0.3654388561098654,False,False,False
arabica_VITORIA DA CONQUISTA,1,ML vs HAR-RV,E0/HAR-RV,E4_full/XGBoost,932,-10658.459598096235,-2.0758001157450194,0.03818644781680236,True,False,True
arabica_VITORIA DA CONQUISTA,1,"ML vs GARCH(1,1)","E0/GARCH(1,1)",E1_own/LightGBM,932,-9186.30020128528,-3.685817224037792,0.00024113893795640884,True,False,True
arabica_VITORIA DA CONQUISTA,1,"ML vs GARCH(1,1)","E0/GARCH(1,1)",E1_own/RandomForest,932,-56.915093615941,-5.516820344342286,4.473805104154849e-08,True,False,True
arabica_VITORIA DA CONQUISTA,1,"ML vs GARCH(1,1)","E0/GARCH(1,1)",E1_own/XGBoost,932,-12310.433147993554,-1.8935924616580342,0.05858894815122673,False,False,False
arabica_VITORIA DA CONQUISTA,1,"ML vs GARCH(1,1)","E0/GARCH(1,1)",E2_cross_commodity/LightGBM,932,-15085.810341732504,-4.891734306016337,1.1772438595070156e-06,True,False,True
arabica_VITORIA DA CONQUISTA,1,"ML vs GARCH(1,1)","E0/GARCH(1,1)",E2_cross_commodity/RandomForest,932,-52.21002268580329,-4.537256454093718,6.444347078859991e-06,True,False,True
arabica_VITORIA DA CONQUISTA,1,"ML vs GARCH(1,1)","E0/GARCH(1,1)",E2_cross_commodity/XGBoost,932,-6159.162771447572,-2.3446795167861616,0.019252733373184894,True,False,True
arabica_VITORIA DA CONQUISTA,1,"ML vs GARCH(1,1)","E0/GARCH(1,1)",E3_financial/LightGBM,932,-28547.38097700286,-1.7282292573785245,0.08427870462647014,False,False,False
arabica_VITORIA DA CONQUISTA,1,"ML vs GARCH(1,1)","E0/GARCH(1,1)",E3_financial/RandomForest,932,-70.0347608929969,-4.14083325488363,3.7747654339392867e-05,True,False,True
arabica_VITORIA DA CONQUISTA,1,"ML vs GARCH(1,1)","E0/GARCH(1,1)",E3_financial/XGBoost,932,-8664.919354314547,-4.276183345860948,2.0973583060746037e-05,True,False,True
arabica_VITORIA DA CONQUISTA,1,"ML vs GARCH(1,1)","E0/GARCH(1,1)",E4_full/LightGBM,932,-25677.643177544924,-2.8116569890820875,0.005032238147649748,True,False,True
arabica_VITORIA DA CONQUISTA,1,"ML vs GARCH(1,1)","E0/GARCH(1,1)",E4_full/RandomForest,932,-73.64960785116797,-3.4621567040914383,0.0005602452189008567,True,False,True
arabica_VITORIA DA CONQUISTA,1,"ML vs GARCH(1,1)","E0/GARCH(1,1)",E4_full/XGBoost,932,-10909.201077503778,-2.1261184060596383,0.03375599241172411,True,False,True
arabica_VITORIA DA CONQUISTA,5,E1 vs E2/E3/E4,E1_own/RandomForest,E2_cross_commodity/RandomForest,2559,0.186861937908814,0.6422797325410268,0.5207491273457272,False,False,False
arabica_VITORIA DA CONQUISTA,5,E1 vs E2/E3/E4,E1_own/RandomForest,E3_financial/RandomForest,2559,-2.777831091736891,-2.3844794633043334,0.01717577786893898,True,False,True
arabica_VITORIA DA CONQUISTA,5,E1 vs E2/E3/E4,E1_own/RandomForest,E4_full/RandomForest,2559,-2.2978395450635665,-2.0183635952523127,0.043657588563731586,True,False,True
arabica_VITORIA DA CONQUISTA,5,E1 vs E2/E3/E4,E1_own/LightGBM,E2_cross_commodity/LightGBM,2559,8552.013374712773,1.2510668924691812,0.21102448186135803,False,False,False
arabica_VITORIA DA CONQUISTA,5,E1 vs E2/E3/E4,E1_own/LightGBM,E3_financial/LightGBM,2559,-16307.938507394423,-1.203270906237882,0.22898285242188887,False,False,False
arabica_VITORIA DA CONQUISTA,5,E1 vs E2/E3/E4,E1_own/LightGBM,E4_full/LightGBM,2559,9158.800181985396,1.301721735305533,0.19312873984050904,False,False,False
arabica_VITORIA DA CONQUISTA,5,E1 vs E2/E3/E4,E1_own/XGBoost,E2_cross_commodity/XGBoost,2559,5125.015102290349,1.8704830309784262,0.061530880676465616,False,False,False
arabica_VITORIA DA CONQUISTA,5,E1 vs E2/E3/E4,E1_own/XGBoost,E3_financial/XGBoost,2559,3003.2593074721253,1.0267155063920999,0.304651521714693,False,False,False
arabica_VITORIA DA CONQUISTA,5,E1 vs E2/E3/E4,E1_own/XGBoost,E4_full/XGBoost,2559,4594.373205973297,1.6734440681788991,0.09436217535113944,False,False,False
arabica_VITORIA DA CONQUISTA,5,ML vs HAR-RV,E0/HAR-RV,E1_own/LightGBM,2559,-13007.108065636523,-1.8716491757038214,0.06136919757403292,False,False,False
arabica_VITORIA DA CONQUISTA,5,ML vs HAR-RV,E0/HAR-RV,E1_own/RandomForest,2559,-0.2889823742607216,-0.5368290616170128,0.5914323814839904,False,False,False
arabica_VITORIA DA CONQUISTA,5,ML vs HAR-RV,E0/HAR-RV,E1_own/XGBoost,2559,-5170.7785197529065,-1.8864405154222865,0.05934879124226611,False,False,False
arabica_VITORIA DA CONQUISTA,5,ML vs HAR-RV,E0/HAR-RV,E2_cross_commodity/LightGBM,2559,-4455.094690923747,-2.1293554485201223,0.03332010806424002,True,False,True
arabica_VITORIA DA CONQUISTA,5,ML vs HAR-RV,E0/HAR-RV,E2_cross_commodity/RandomForest,2559,-0.1021204363519075,-0.2009785805563442,0.8407313009874278,False,False,False
arabica_VITORIA DA CONQUISTA,5,ML vs HAR-RV,E0/HAR-RV,E2_cross_commodity/XGBoost,2559,-45.76341746255604,-1.1064698887551514,0.26862723355076445,False,False,False
arabica_VITORIA DA CONQUISTA,5,ML vs HAR-RV,E0/HAR-RV,E3_financial/LightGBM,2559,-29315.046573030944,-2.5268871706160474,0.011567666671185028,True,False,True
arabica_VITORIA DA CONQUISTA,5,ML vs HAR-RV,E0/HAR-RV,E3_financial/RandomForest,2559,-3.0668134659976127,-3.2839134675810127,0.0010375567234033323,True,False,True
arabica_VITORIA DA CONQUISTA,5,ML vs HAR-RV,E0/HAR-RV,E3_financial/XGBoost,2559,-2167.519212280779,-2.1674455607856844,0.030292873395465048,True,False,True
arabica_VITORIA DA CONQUISTA,5,ML vs HAR-RV,E0/HAR-RV,E4_full/LightGBM,2559,-3848.307883651125,-3.2741195458684342,0.0010740402837718932,True,False,True
arabica_VITORIA DA CONQUISTA,5,ML vs HAR-RV,E0/HAR-RV,E4_full/RandomForest,2559,-2.5868219193242883,-2.8302899345519177,0.004686884830710003,True,False,True
arabica_VITORIA DA CONQUISTA,5,ML vs HAR-RV,E0/HAR-RV,E4_full/XGBoost,2559,-576.4053137796088,-2.746045089235994,0.006074058631983625,True,False,True
arabica_VITORIA DA CONQUISTA,5,"ML vs GARCH(1,1)","E0/GARCH(1,1)",E1_own/LightGBM,2559,-13009.691685476024,-1.8719855488776,0.06132262572468172,False,False,False
arabica_VITORIA DA CONQUISTA,5,"ML vs GARCH(1,1)","E0/GARCH(1,1)",E1_own/RandomForest,2559,-2.872602213763047,-3.832161004856995,0.0001300815545548506,True,False,True
arabica_VITORIA DA CONQUISTA,5,"ML vs GARCH(1,1)","E0/GARCH(1,1)",E1_own/XGBoost,2559,-5173.362139592408,-1.8873515001937482,0.05922618337353547,False,False,False
arabica_VITORIA DA CONQUISTA,5,"ML vs GARCH(1,1)","E0/GARCH(1,1)",E2_cross_commodity/LightGBM,2559,-4457.678310763251,-2.130553105053024,0.03322111956272855,True,False,True
arabica_VITORIA DA CONQUISTA,5,"ML vs GARCH(1,1)","E0/GARCH(1,1)",E2_cross_commodity/RandomForest,2559,-2.685740275854233,-4.122612179637769,3.8653063394455955e-05,True,False,True
arabica_VITORIA DA CONQUISTA,5,"ML vs GARCH(1,1)","E0/GARCH(1,1)",E2_cross_commodity/XGBoost,2559,-48.34703730205836,-1.1690203038909492,0.24250437596789287,False,False,False
arabica_VITORIA DA CONQUISTA,5,"ML vs GARCH(1,1)","E0/GARCH(1,1)",E3_financial/LightGBM,2559,-29317.63019287044,-2.5270590886990285,0.011562020010600582,True,False,True
arabica_VITORIA DA CONQUISTA,5,"ML vs GARCH(1,1)","E0/GARCH(1,1)",E3_financial/RandomForest,2559,-5.650433305499938,-3.6733826268488543,0.00024427011953931377,True,False,True
arabica_VITORIA DA CONQUISTA,5,"ML vs GARCH(1,1)","E0/GARCH(1,1)",E3_financial/XGBoost,2559,-2170.102832120281,-2.1700292308937725,0.030096384073980298,True,False,True
arabica_VITORIA DA CONQUISTA,5,"ML vs GARCH(1,1)","E0/GARCH(1,1)",E4_full/LightGBM,2559,-3850.891503490627,-3.2761804370011247,0.0010662659781985884,True,False,True
arabica_VITORIA DA CONQUISTA,5,"ML vs GARCH(1,1)","E0/GARCH(1,1)",E4_full/RandomForest,2559,-5.170441758826613,-3.407782839252678,0.0006650599600737106,True,False,True
arabica_VITORIA DA CONQUISTA,5,"ML vs GARCH(1,1)","E0/GARCH(1,1)",E4_full/XGBoost,2559,-578.9889336191111,-2.7583492519352473,0.005850724633623017,True,False,True
arabica_VITORIA DA CONQUISTA,20,E1 vs E2/E3/E4,E1_own/RandomForest,E2_cross_commodity/RandomForest,3700,-0.4559366043268434,-0.9053399496332184,0.3653442817254713,False,False,False
arabica_VITORIA DA CONQUISTA,20,E1 vs E2/E3/E4,E1_own/RandomForest,E3_financial/RandomForest,3700,0.38181948423110335,0.23962573272558507,0.8106336908413598,False,False,False
arabica_VITORIA DA CONQUISTA,20,E1 vs E2/E3/E4,E1_own/RandomForest,E4_full/RandomForest,3700,0.3763593127795068,0.23796851518624132,0.8119186943477681,False,False,False
arabica_VITORIA DA CONQUISTA,20,E1 vs E2/E3/E4,E1_own/LightGBM,E2_cross_commodity/LightGBM,3700,-4788.82541404741,-0.8840936991467493,0.37670309294267756,False,False,False
arabica_VITORIA DA CONQUISTA,20,E1 vs E2/E3/E4,E1_own/LightGBM,E3_financial/LightGBM,3700,630.0673100668763,1.270029452474484,0.20415402327287624,False,False,False
arabica_VITORIA DA CONQUISTA,20,E1 vs E2/E3/E4,E1_own/LightGBM,E4_full/LightGBM,3700,-511.95998925614424,-0.46198626322902236,0.6441183405529269,False,False,False
arabica_VITORIA DA CONQUISTA,20,E1 vs E2/E3/E4,E1_own/XGBoost,E2_cross_commodity/XGBoost,3700,161.47725439263826,0.7324117786090993,0.4639636758106609,False,False,False
arabica_VITORIA DA CONQUISTA,20,E1 vs E2/E3/E4,E1_own/XGBoost,E3_financial/XGBoost,3700,-220.38077940810004,-0.4563693873096016,0.648151169149294,False,False,False
arabica_VITORIA DA CONQUISTA,20,E1 vs E2/E3/E4,E1_own/XGBoost,E4_full/XGBoost,3700,-445.32833294697053,-0.8338466517277167,0.4044212446430322,False,False,False
arabica_VITORIA DA CONQUISTA,20,ML vs HAR-RV,E0/HAR-RV,E1_own/LightGBM,3700,-950.0840468513148,-1.8043677559176972,0.07125498213327752,False,False,False
arabica_VITORIA DA CONQUISTA,20,ML vs HAR-RV,E0/HAR-RV,E1_own/RandomForest,3700,-2.026501670805273,-1.285671583389775,0.19863818300446723,False,False,False
arabica_VITORIA DA CONQUISTA,20,ML vs HAR-RV,E0/HAR-RV,E1_own/XGBoost,3700,-217.01838220520398,-1.0058087119024413,0.31457338530321577,False,False,False
arabica_VITORIA DA CONQUISTA,20,ML vs HAR-RV,E0/HAR-RV,E2_cross_commodity/LightGBM,3700,-5738.909460898727,-1.0651342974594853,0.28688468100160014,False,False,False
arabica_VITORIA DA CONQUISTA,20,ML vs HAR-RV,E0/HAR-RV,E2_cross_commodity/RandomForest,3700,-2.4824382751321172,-1.2486640052112143,0.2118670119108228,False,False,False
arabica_VITORIA DA CONQUISTA,20,ML vs HAR-RV,E0/HAR-RV,E2_cross_commodity/XGBoost,3700,-55.5411278125657,-1.2646693881376811,0.20606954060683136,False,False,False
arabica_VITORIA DA CONQUISTA,20,ML vs HAR-RV,E0/HAR-RV,E3_financial/LightGBM,3700,-320.0167367844384,-1.3697871475851209,0.17083649698012549,False,False,False
arabica_VITORIA DA CONQUISTA,20,ML vs HAR-RV,E0/HAR-RV,E3_financial/RandomForest,3700,-1.64468218657417,-3.4847762170198124,0.0004982677086002862,True,False,True
arabica_VITORIA DA CONQUISTA,20,ML vs HAR-RV,E0/HAR-RV,E3_financial/XGBoost,3700,-437.399161613304,-1.015239330154598,0.3100581565503453,False,False,False
arabica_VITORIA DA CONQUISTA,20,ML vs HAR-RV,E0/HAR-RV,E4_full/LightGBM,3700,-1462.0440361074595,-1.4432988417513692,0.14902098437345757,False,False,False
arabica_VITORIA DA CONQUISTA,20,ML vs HAR-RV,E0/HAR-RV,E4_full/RandomForest,3700,-1.6501423580257668,-3.4260046154953727,0.0006192036988121874,True,False,True
arabica_VITORIA DA CONQUISTA,20,ML vs HAR-RV,E0/HAR-RV,E4_full/XGBoost,3700,-662.3467151521745,-1.3602711753503853,0.17382701450974092,False,False,False
arabica_VITORIA DA CONQUISTA,20,"ML vs GARCH(1,1)","E0/GARCH(1,1)",E1_own/LightGBM,3700,-950.2046630494794,-1.8045974401604372,0.07121899922458153,False,False,False
arabica_VITORIA DA CONQUISTA,20,"ML vs GARCH(1,1)","E0/GARCH(1,1)",E1_own/RandomForest,3700,-2.147117868969942,-1.3022005970672104,0.19292889789233136,False,False,False
arabica_VITORIA DA CONQUISTA,20,"ML vs GARCH(1,1)","E0/GARCH(1,1)",E1_own/XGBoost,3700,-217.1389984033686,-1.0063410805284132,0.3143173497540106,False,False,False
arabica_VITORIA DA CONQUISTA,20,"ML vs GARCH(1,1)","E0/GARCH(1,1)",E2_cross_commodity/LightGBM,3700,-5739.030077096892,-1.0651415726013755,0.28688138971480726,False,False,False
arabica_VITORIA DA CONQUISTA,20,"ML vs GARCH(1,1)","E0/GARCH(1,1)",E2_cross_commodity/RandomForest,3700,-2.6030544732967864,-1.2696010892849263,0.20430662856908666,False,False,False
arabica_VITORIA DA CONQUISTA,20,"ML vs GARCH(1,1)","E0/GARCH(1,1)",E2_cross_commodity/XGBoost,3700,-55.66174401073036,-1.2673126900506004,0.20512328220397857,False,False,False
arabica_VITORIA DA CONQUISTA,20,"ML vs GARCH(1,1)","E0/GARCH(1,1)",E3_financial/LightGBM,3700,-320.13735298260303,-1.3702684245131218,0.17068628008481412,False,False,False
arabica_VITORIA DA CONQUISTA,20,"ML vs GARCH(1,1)","E0/GARCH(1,1)",E3_financial/RandomForest,3700,-1.765298384738839,-2.883390737347206,0.003956895460270005,True,False,True
arabica_VITORIA DA CONQUISTA,20,"ML vs GARCH(1,1)","E0/GARCH(1,1)",E3_financial/XGBoost,3700,-437.5197778114687,-1.0155310524195504,0.3099191706897353,False,False,False
arabica_VITORIA DA CONQUISTA,20,"ML vs GARCH(1,1)","E0/GARCH(1,1)",E4_full/LightGBM,3700,-1462.1646523056238,-1.4433789099300143,0.14899844152895492,False,False,False
arabica_VITORIA DA CONQUISTA,20,"ML vs GARCH(1,1)","E0/GARCH(1,1)",E4_full/RandomForest,3700,-1.7707585561904353,-2.8865796279977407,0.003917107913713247,True,False,True
arabica_VITORIA DA CONQUISTA,20,"ML vs GARCH(1,1)","E0/GARCH(1,1)",E4_full/XGBoost,3700,-662.4673313503392,-1.3606300944093253,0.17371351411363167,False,False,False
conilon_EUNAPOLIS,1,E1 vs E2/E3/E4,E1_own/RandomForest,E2_cross_commodity/RandomForest,792,10.969337330370346,2.038320452905924,0.04185002166365659,True,True,False
conilon_EUNAPOLIS,1,E1 vs E2/E3/E4,E1_own/RandomForest,E3_financial/RandomForest,792,16.302897831799967,1.0999485556748883,0.27168917685754224,False,False,False
conilon_EUNAPOLIS,1,E1 vs E2/E3/E4,E1_own/RandomForest,E4_full/RandomForest,792,24.28226855229758,1.8156711502058822,0.06979933901227042,False,False,False
conilon_EUNAPOLIS,1,E1 vs E2/E3/E4,E1_own/LightGBM,E2_cross_commodity/LightGBM,792,-3095.8310555567473,-1.2597186141213952,0.20814244007165672,False,False,False
conilon_EUNAPOLIS,1,E1 vs E2/E3/E4,E1_own/LightGBM,E3_financial/LightGBM,792,-5763.755803800384,-2.433456145339115,0.015175938961298652,True,False,True
conilon_EUNAPOLIS,1,E1 vs E2/E3/E4,E1_own/LightGBM,E4_full/LightGBM,792,-5860.762429061395,-1.9512732617050248,0.05137720796319445,False,False,False
conilon_EUNAPOLIS,1,E1 vs E2/E3/E4,E1_own/XGBoost,E2_cross_commodity/XGBoost,792,44630.98830955013,1.1707713258532433,0.2420432890706139,False,False,False
conilon_EUNAPOLIS,1,E1 vs E2/E3/E4,E1_own/XGBoost,E3_financial/XGBoost,792,41762.40040329652,1.0951355164888046,0.27379060998194116,False,False,False
conilon_EUNAPOLIS,1,E1 vs E2/E3/E4,E1_own/XGBoost,E4_full/XGBoost,792,44361.38514598314,1.1636929594948227,0.2448993591606985,False,False,False
conilon_EUNAPOLIS,1,ML vs HAR-RV,E0/HAR-RV,E1_own/LightGBM,792,-5696.993104086686,-2.545656927049242,0.011095908077057848,True,False,True
conilon_EUNAPOLIS,1,ML vs HAR-RV,E0/HAR-RV,E1_own/RandomForest,792,218.47136372056738,1.200290564751205,0.23038585875126683,False,False,False
conilon_EUNAPOLIS,1,ML vs HAR-RV,E0/HAR-RV,E1_own/XGBoost,792,-47836.50768196967,-1.255390452727218,0.20970778299155923,False,False,False
conilon_EUNAPOLIS,1,ML vs HAR-RV,E0/HAR-RV,E2_cross_commodity/LightGBM,792,-8792.82415964343,-4.614865659126527,4.587855805038288e-06,True,False,True
conilon_EUNAPOLIS,1,ML vs HAR-RV,E0/HAR-RV,E2_cross_commodity/RandomForest,792,229.44070105093772,1.2610388489261362,0.20766665148538221,False,False,False
conilon_EUNAPOLIS,1,ML vs HAR-RV,E0/HAR-RV,E2_cross_commodity/XGBoost,792,-3205.519372419533,-3.656988936558736,0.0002720854391522476,True,False,True
conilon_EUNAPOLIS,1,ML vs HAR-RV,E0/HAR-RV,E3_financial/LightGBM,792,-11460.748907887066,-4.340439083956433,1.6064498848500364e-05,True,False,True
conilon_EUNAPOLIS,1,ML vs HAR-RV,E0/HAR-RV,E3_financial/RandomForest,792,234.7742615523673,1.2871759620578884,0.19840948053138696,False,False,False
conilon_EUNAPOLIS,1,ML vs HAR-RV,E0/HAR-RV,E3_financial/XGBoost,792,-6074.107278673139,-4.56081538176859,5.9033353319026816e-06,True,False,True
conilon_EUNAPOLIS,1,ML vs HAR-RV,E0/HAR-RV,E4_full/LightGBM,792,-11557.75553314808,-4.513161104665739,7.356942278713419e-06,True,False,True
conilon_EUNAPOLIS,1,ML vs HAR-RV,E0/HAR-RV,E4_full/RandomForest,792,242.7536322728649,1.3314299499038305,0.18343115130069898,False,False,False
conilon_EUNAPOLIS,1,ML vs HAR-RV,E0/HAR-RV,E4_full/XGBoost,792,-3475.122535986521,-4.1236250723301415,4.123938742428557e-05,True,False,True
conilon_EUNAPOLIS,1,"ML vs GARCH(1,1)","E0/GARCH(1,1)",E1_own/LightGBM,792,-6032.11063086378,-2.67281178525629,0.007676787749984371,True,False,True
conilon_EUNAPOLIS,1,"ML vs GARCH(1,1)","E0/GARCH(1,1)",E1_own/RandomForest,792,-116.64616305652886,-4.0468130876876875,5.701683311243322e-05,True,False,True
conilon_EUNAPOLIS,1,"ML vs GARCH(1,1)","E0/GARCH(1,1)",E1_own/XGBoost,792,-48171.62520874677,-1.264136464461751,0.20655343104427404,False,False,False
conilon_EUNAPOLIS,1,"ML vs GARCH(1,1)","E0/GARCH(1,1)",E2_cross_commodity/LightGBM,792,-9127.941686420527,-4.582064913750332,5.347945366107609e-06,True,False,True
conilon_EUNAPOLIS,1,"ML vs GARCH(1,1)","E0/GARCH(1,1)",E2_cross_commodity/RandomForest,792,-105.67682572615854,-3.6245694145081857,0.0003079554970053522,True,False,True
conilon_EUNAPOLIS,1,"ML vs GARCH(1,1)","E0/GARCH(1,1)",E2_cross_commodity/XGBoost,792,-3540.6368991966297,-4.129726054547998,4.0182732819804556e-05,True,False,True
conilon_EUNAPOLIS,1,"ML vs GARCH(1,1)","E0/GARCH(1,1)",E3_financial/LightGBM,792,-11795.866434664165,-4.476182664102637,8.715215869203874e-06,True,False,True
conilon_EUNAPOLIS,1,"ML vs GARCH(1,1)","E0/GARCH(1,1)",E3_financial/RandomForest,792,-100.34326522472891,-4.402582598457874,1.2166403261959502e-05,True,False,True
conilon_EUNAPOLIS,1,"ML vs GARCH(1,1)","E0/GARCH(1,1)",E3_financial/XGBoost,792,-6409.224805450236,-4.837226128836197,1.5826871095914186e-06,True,False,True
conilon_EUNAPOLIS,1,"ML vs GARCH(1,1)","E0/GARCH(1,1)",E4_full/LightGBM,792,-11892.873059925176,-4.531165995088359,6.771426487306442e-06,True,False,True
conilon_EUNAPOLIS,1,"ML vs GARCH(1,1)","E0/GARCH(1,1)",E4_full/RandomForest,792,-92.3638945042313,-3.980073441537221,7.522941399451533e-05,True,False,True
conilon_EUNAPOLIS,1,"ML vs GARCH(1,1)","E0/GARCH(1,1)",E4_full/XGBoost,792,-3810.240062763618,-4.63282258080236,4.216836153592141e-06,True,False,True
conilon_EUNAPOLIS,5,E1 vs E2/E3/E4,E1_own/RandomForest,E2_cross_commodity/RandomForest,2833,-0.20825696466293475,-0.30375672672314963,0.7613355513324329,False,False,False
conilon_EUNAPOLIS,5,E1 vs E2/E3/E4,E1_own/RandomForest,E3_financial/RandomForest,2833,0.08152736719781462,0.08513904726934998,0.9321568658504213,False,False,False
conilon_EUNAPOLIS,5,E1 vs E2/E3/E4,E1_own/RandomForest,E4_full/RandomForest,2833,-0.09711546995170574,-0.1449608708778676,0.8847520813271199,False,False,False
conilon_EUNAPOLIS,5,E1 vs E2/E3/E4,E1_own/LightGBM,E2_cross_commodity/LightGBM,2833,1625.202244239478,1.0625182111978062,0.2880910892863975,False,False,False
conilon_EUNAPOLIS,5,E1 vs E2/E3/E4,E1_own/LightGBM,E3_financial/LightGBM,2833,-750.045217540433,-0.4596296381106754,0.64581736221142,False,False,False
conilon_EUNAPOLIS,5,E1 vs E2/E3/E4,E1_own/LightGBM,E4_full/LightGBM,2833,-1999.5840839808075,-2.5327523214304337,0.0113706585453337,True,False,True
conilon_EUNAPOLIS,5,E1 vs E2/E3/E4,E1_own/XGBoost,E2_cross_commodity/XGBoost,2833,3775.4918031275765,1.2642423904991082,0.20624707965985256,False,False,False
conilon_EUNAPOLIS,5,E1 vs E2/E3/E4,E1_own/XGBoost,E3_financial/XGBoost,2833,1373.146038489266,0.4504005173361729,0.6524561488659963,False,False,False
conilon_EUNAPOLIS,5,E1 vs E2/E3/E4,E1_own/XGBoost,E4_full/XGBoost,2833,1526.056234960947,0.4829348797815447,0.6291793041628762,False,False,False
conilon_EUNAPOLIS,5,ML vs HAR-RV,E0/HAR-RV,E1_own/LightGBM,2833,-1872.074722025933,-1.2273150819666958,0.21980619985635697,False,False,False
conilon_EUNAPOLIS,5,ML vs HAR-RV,E0/HAR-RV,E1_own/RandomForest,2833,-0.36561114955007906,-0.6900531058860746,0.4902173345323315,False,False,False
conilon_EUNAPOLIS,5,ML vs HAR-RV,E0/HAR-RV,E1_own/XGBoost,2833,-3889.821755996138,-1.3030817908183312,0.19265277538810044,False,False,False
conilon_EUNAPOLIS,5,ML vs HAR-RV,E0/HAR-RV,E2_cross_commodity/LightGBM,2833,-246.8724777864547,-2.142057737006486,0.03227388705806988,True,False,True
conilon_EUNAPOLIS,5,ML vs HAR-RV,E0/HAR-RV,E2_cross_commodity/RandomForest,2833,-0.573868114213014,-0.864504868270238,0.38738382474860744,False,False,False
conilon_EUNAPOLIS,5,ML vs HAR-RV,E0/HAR-RV,E2_cross_commodity/XGBoost,2833,-114.32995286856224,-1.4546816348569938,0.14586824144929866,False,False,False
conilon_EUNAPOLIS,5,ML vs HAR-RV,E0/HAR-RV,E3_financial/LightGBM,2833,-2622.119939566366,-4.562285313220988,5.275217063616111e-06,True,False,True
conilon_EUNAPOLIS,5,ML vs HAR-RV,E0/HAR-RV,E3_financial/RandomForest,2833,-0.2840837823522647,-0.2612117111033927,0.7939482410483512,False,False,False
conilon_EUNAPOLIS,5,ML vs HAR-RV,E0/HAR-RV,E3_financial/XGBoost,2833,-2516.6757175068738,-4.247315504481006,2.233199042489531e-05,True,False,True
conilon_EUNAPOLIS,5,ML vs HAR-RV,E0/HAR-RV,E4_full/LightGBM,2833,-3871.6588060067415,-2.268282111799257,0.023387001755247994,True,False,True
conilon_EUNAPOLIS,5,ML vs HAR-RV,E0/HAR-RV,E4_full/RandomForest,2833,-0.4627266195017847,-0.5056296923975042,0.6131559838589213,False,False,False
conilon_EUNAPOLIS,5,ML vs HAR-RV,E0/HAR-RV,E4_full/XGBoost,2833,-2363.7655210351923,-2.314668111079835,0.020702288962642035,True,False,True
conilon_EUNAPOLIS,5,"ML vs GARCH(1,1)","E0/GARCH(1,1)",E1_own/LightGBM,2833,-1875.6706439613401,-1.2296292332401568,0.2189381219638371,False,False,False
conilon_EUNAPOLIS,5,"ML vs GARCH(1,1)","E0/GARCH(1,1)",E1_own/RandomForest,2833,-3.9615330849573933,-3.872775805432727,0.00011003726933012103,True,False,True
conilon_EUNAPOLIS,5,"ML vs GARCH(1,1)","E0/GARCH(1,1)",E1_own/XGBoost,2833,-3893.4176779315453,-1.3042752966863558,0.1922457250671692,False,False,False
conilon_EUNAPOLIS,5,"ML vs GARCH(1,1)","E0/GARCH(1,1)",E2_cross_commodity/LightGBM,2833,-250.46839972186197,-2.1727390443374768,0.029882622641679735,True,False,True
conilon_EUNAPOLIS,5,"ML vs GARCH(1,1)","E0/GARCH(1,1)",E2_cross_commodity/RandomForest,2833,-4.169790049620328,-2.732634390163916,0.006322018025746168,True,False,True
conilon_EUNAPOLIS,5,"ML vs GARCH(1,1)","E0/GARCH(1,1)",E2_cross_commodity/XGBoost,2833,-117.92587480396953,-1.5002466617804169,0.1336619905949048,False,False,False
conilon_EUNAPOLIS,5,"ML vs GARCH(1,1)","E0/GARCH(1,1)",E3_financial/LightGBM,2833,-2625.715861501773,-4.568733106594641,5.116683668981992e-06,True,False,True
conilon_EUNAPOLIS,5,"ML vs GARCH(1,1)","E0/GARCH(1,1)",E3_financial/RandomForest,2833,-3.880005717759578,-4.424444392133465,1.0034093124833277e-05,True,False,True
conilon_EUNAPOLIS,5,"ML vs GARCH(1,1)","E0/GARCH(1,1)",E3_financial/XGBoost,2833,-2520.2716394422805,-4.253569978800789,2.1720844994854716e-05,True,False,True
conilon_EUNAPOLIS,5,"ML vs GARCH(1,1)","E0/GARCH(1,1)",E4_full/LightGBM,2833,-3875.254727942147,-2.270338616615134,0.023261862224783325,True,False,True
conilon_EUNAPOLIS,5,"ML vs GARCH(1,1)","E0/GARCH(1,1)",E4_full/RandomForest,2833,-4.0586485549091,-3.3153361598446494,0.0009268659609602548,True,False,True
conilon_EUNAPOLIS,5,"ML vs GARCH(1,1)","E0/GARCH(1,1)",E4_full/XGBoost,2833,-2367.361442970599,-2.318210223202011,0.020508794678913977,True,False,True
conilon_EUNAPOLIS,20,E1 vs E2/E3/E4,E1_own/RandomForest,E2_cross_commodity/RandomForest,4693,-0.06900732592298203,-0.5941956221093161,0.5524099281137003,False,False,False
conilon_EUNAPOLIS,20,E1 vs E2/E3/E4,E1_own/RandomForest,E3_financial/RandomForest,4693,-0.4380661001307247,-1.1113188299568133,0.26648807952472553,False,False,False
conilon_EUNAPOLIS,20,E1 vs E2/E3/E4,E1_own/RandomForest,E4_full/RandomForest,4693,-0.23891422885448535,-0.54451858702143,0.5861105380939176,False,False,False
conilon_EUNAPOLIS,20,E1 vs E2/E3/E4,E1_own/LightGBM,E2_cross_commodity/LightGBM,4693,296.76319004910164,1.1809842091782439,0.23766885631758394,False,False,False
conilon_EUNAPOLIS,20,E1 vs E2/E3/E4,E1_own/LightGBM,E3_financial/LightGBM,4693,372.03525631207594,1.3317960486511737,0.1829919075533375,False,False,False
conilon_EUNAPOLIS,20,E1 vs E2/E3/E4,E1_own/LightGBM,E4_full/LightGBM,4693,122.16607305519108,0.3894990222785183,0.6969247110317387,False,False,False
conilon_EUNAPOLIS,20,E1 vs E2/E3/E4,E1_own/XGBoost,E2_cross_commodity/XGBoost,4693,62.13386074481946,1.0006500391744837,0.3170476308823087,False,False,False
conilon_EUNAPOLIS,20,E1 vs E2/E3/E4,E1_own/XGBoost,E3_financial/XGBoost,4693,61.04528612020931,0.9829849249077958,0.32566554164941475,False,False,False
conilon_EUNAPOLIS,20,E1 vs E2/E3/E4,E1_own/XGBoost,E4_full/XGBoost,4693,1.314193117799663,0.015133448387333296,0.9879263594850198,False,False,False
conilon_EUNAPOLIS,20,ML vs HAR-RV,E0/HAR-RV,E1_own/LightGBM,4693,-372.9530874948796,-1.3350389227986592,0.18192837752362712,False,False,False
conilon_EUNAPOLIS,20,ML vs HAR-RV,E0/HAR-RV,E1_own/RandomForest,4693,-0.11127446894585778,-1.852288525724299,0.06404716781136588,False,False,False
conilon_EUNAPOLIS,20,ML vs HAR-RV,E0/HAR-RV,E1_own/XGBoost,4693,-62.37015890746092,-1.0044848578240504,0.3151967651507148,False,False,False
conilon_EUNAPOLIS,20,ML vs HAR-RV,E0/HAR-RV,E2_cross_commodity/LightGBM,4693,-76.189897445778,-1.7858574007148404,0.0741869109801161,False,False,False
conilon_EUNAPOLIS,20,ML vs HAR-RV,E0/HAR-RV,E2_cross_commodity/RandomForest,4693,-0.1802817948688398,-1.6750688103186895,0.09398736890908999,False,False,False
conilon_EUNAPOLIS,20,ML vs HAR-RV,E0/HAR-RV,E2_cross_commodity/XGBoost,4693,-0.23629816264146353,-3.1288777767662364,0.0017655132513390015,True,False,True
conilon_EUNAPOLIS,20,ML vs HAR-RV,E0/HAR-RV,E3_financial/LightGBM,4693,-0.9178311828037354,-1.4834393496903828,0.13802488538648383,False,False,False
conilon_EUNAPOLIS,20,ML vs HAR-RV,E0/HAR-RV,E3_financial/RandomForest,4693,-0.5493405690765824,-1.2744767236793588,0.2025576314301636,False,False,False
conilon_EUNAPOLIS,20,ML vs HAR-RV,E0/HAR-RV,E3_financial/XGBoost,4693,-1.324872787251646,-1.711460078014859,0.08706230457335096,False,False,False
conilon_EUNAPOLIS,20,ML vs HAR-RV,E0/HAR-RV,E4_full/LightGBM,4693,-250.78701443968853,-1.7461079918107538,0.08085763275332081,False,False,False
conilon_EUNAPOLIS,20,ML vs HAR-RV,E0/HAR-RV,E4_full/RandomForest,4693,-0.35018869780034306,-0.7394067670463776,0.45969702402909896,False,False,False
conilon_EUNAPOLIS,20,ML vs HAR-RV,E0/HAR-RV,E4_full/XGBoost,4693,-61.05596578966128,-1.0101775378623268,0.3124623291656614,False,False,False
conilon_EUNAPOLIS,20,"ML vs GARCH(1,1)","E0/GARCH(1,1)",E1_own/LightGBM,4693,-373.20053373267734,-1.335938111480124,0.18163429426627764,False,False,False
conilon_EUNAPOLIS,20,"ML vs GARCH(1,1)","E0/GARCH(1,1)",E1_own/RandomForest,4693,-0.35872070674358725,-1.700894705195586,0.08902902374843569,False,False,False
conilon_EUNAPOLIS,20,"ML vs GARCH(1,1)","E0/GARCH(1,1)",E1_own/XGBoost,4693,-62.617605145258665,-1.0084790544658715,0.3132765416060359,False,False,False
conilon_EUNAPOLIS,20,"ML vs GARCH(1,1)","E0/GARCH(1,1)",E2_cross_commodity/LightGBM,4693,-76.43734368357572,-1.7917685877857021,0.07323445967019637,False,False,False
conilon_EUNAPOLIS,20,"ML vs GARCH(1,1)","E0/GARCH(1,1)",E2_cross_commodity/RandomForest,4693,-0.4277280326665692,-1.4441200329809674,0.14877198223906474,False,False,False
conilon_EUNAPOLIS,20,"ML vs GARCH(1,1)","E0/GARCH(1,1)",E2_cross_commodity/XGBoost,4693,-0.483744400439193,-2.1788564431706408,0.029391928084293806,True,False,True
conilon_EUNAPOLIS,20,"ML vs GARCH(1,1)","E0/GARCH(1,1)",E3_financial/LightGBM,4693,-1.1652774206014647,-2.412175820141659,0.01589576680001792,True,False,True
conilon_EUNAPOLIS,20,"ML vs GARCH(1,1)","E0/GARCH(1,1)",E3_financial/RandomForest,4693,-0.7967868068743121,-2.4737865680462434,0.013404085114856024,True,False,True
conilon_EUNAPOLIS,20,"ML vs GARCH(1,1)","E0/GARCH(1,1)",E3_financial/XGBoost,4693,-1.5723190250493753,-2.199394919029827,0.02789846338982671,True,False,True
conilon_EUNAPOLIS,20,"ML vs GARCH(1,1)","E0/GARCH(1,1)",E4_full/LightGBM,4693,-251.0344606774863,-1.7478719074031133,0.08055161869822913,False,False,False
conilon_EUNAPOLIS,20,"ML vs GARCH(1,1)","E0/GARCH(1,1)",E4_full/RandomForest,4693,-0.5976349355980726,-1.7424363020333167,0.08149764672388993,False,False,False
conilon_EUNAPOLIS,20,"ML vs GARCH(1,1)","E0/GARCH(1,1)",E4_full/XGBoost,4693,-61.30341202745902,-1.014316853614781,0.3104838856321561,False,False,False
