regime,experiment,model,qlike,qlike_nz,mae,rmse,qlike_e1,qlike_nz_e1,mae_e1,rmse_e1,qlike_gain_pct,qlike_nz_gain_pct,mae_gain_pct,rmse_gain_pct
1_Low,E2_cross_commodity,LightGBM,1734.996486424923,3419.2959400779755,3.2058590932121436,6.210162154176722,851.9105578860845,1674.5801768468866,3.1529969948450285,6.388590399572311,-103.65946522955558,-104.18824893271234,-1.6765667221865899,2.7929204133596452
1_Low,E2_cross_commodity,RandomForest,10.62884737545002,12.72852778701425,2.8259759134963836,5.614712351112855,10.841201628176362,13.165333951209767,2.858113145338823,5.769988617217743,1.9587704390114147,3.317851000318739,1.1244212600488135,2.6911017751671262
1_Low,E2_cross_commodity,XGBoost,375.81703081944977,734.4778742160638,3.22102881517256,6.396921197373024,543.6141449441416,1065.604395390776,3.290545732113519,7.205966725013344,30.866951437022227,31.074057371289488,2.1126257648547586,11.227439128076488
1_Low,E3_financial,LightGBM,1973.8547416600427,3890.7130333786045,4.012809858813167,8.06035718446697,851.9105578860845,1674.5801768468866,3.1529969948450285,6.388590399572311,-131.69741510868587,-132.33960888660081,-27.269701346810148,-26.16800703026094
1_Low,E3_financial,RandomForest,10.395223331960514,12.185103601408949,3.639867431493346,7.634045997699324,10.841201628176362,13.165333951209767,2.858113145338823,5.769988617217743,4.1137349116056265,7.445541096287533,-27.352111214682083,-32.306084190863075
1_Low,E3_financial,XGBoost,502.9469577926219,985.1553408578235,4.038034645376798,7.925381242137253,543.6141449441416,1065.604395390776,3.290545732113519,7.205966725013344,7.480892013157304,7.549617370285944,-22.716259675964643,-9.98359477052091
1_Low,E4_full,LightGBM,1449.9471000460862,2855.9843623776856,3.8802772645266437,7.837384573941415,851.9105578860845,1674.5801768468866,3.1529969948450285,6.388590399572311,-70.19945188189224,-70.5492756850435,-23.066316614658277,-22.67783789153386
1_Low,E4_full,RandomForest,9.799151440601499,11.019305814234304,3.599084702933957,7.562507820067294,10.841201628176362,13.165333951209767,2.858113145338823,5.769988617217743,9.61194361394928,16.300597804268115,-25.925200295291084,-31.06625197666151
1_Low,E4_full,XGBoost,613.6668608652174,1203.9314423720143,3.953739310103629,7.913547991923298,543.6141449441416,1065.604395390776,3.290545732113519,7.205966725013344,-12.886477766003313,-12.981088251847094,-20.15451636237071,-9.819380159691814
2_Medium,E2_cross_commodity,LightGBM,2602.3558968600782,4589.899053669832,3.2540857756529085,6.423922296660014,758.7964866812106,1333.8066181618565,3.33575277328886,6.554943332232033,-242.95834819190367,-244.12027884486406,2.4482329233120104,1.9988126354618663
2_Medium,E2_cross_commodity,RandomForest,10.865065145166808,12.771124593525538,3.063005458364509,6.036223641083551,10.722272489389374,12.525621769799287,3.094789365501605,6.179161208361884,-1.3317387327988595,-1.960005085880745,1.0270135826172644,2.3132195852877846
2_Medium,E2_cross_commodity,XGBoost,729.8556737160231,1282.9040439139674,3.238996690908209,6.529046091806583,210.7909654282901,365.98731276816346,3.30614458881309,6.847688827276938,-246.24618385948614,-250.5323816311167,2.0310030641759402,4.653288773886466
2_Medium,E3_financial,LightGBM,2009.0184577712694,3542.04239553828,3.492140623085715,7.266531273397315,758.7964866812106,1333.8066181618565,3.33575277328886,6.554943332232033,-164.76380597888937,-165.55891591088624,-4.688232624705746,-10.855745123931971
2_Medium,E3_financial,RandomForest,11.696891081534035,14.298353845806162,3.3312170090943676,7.044549175938538,10.722272489389374,12.525621769799287,3.094789365501605,6.179161208361884,-9.089664463472014,-14.15284692917309,-7.639539098469217,-14.004942392594932
2_Medium,E3_financial,XGBoost,1042.6996751498266,1835.370800791787,3.513271292015899,7.132434368519949,210.7909654282901,365.98731276816346,3.30614458881309,6.847688827276938,-394.6605149946747,-401.4848156647473,-6.26490153829502,-4.158272205780755
2_Medium,E4_full,LightGBM,2635.3179164689222,4648.183203507885,3.4081144728015538,7.036150092700294,758.7964866812106,1333.8066181618565,3.33575277328886,6.554943332232033,-247.30233504310957,-248.490038976837,-2.1692764551417776,-7.341127696742489
2_Medium,E4_full,RandomForest,11.82057281957661,14.482275271233231,3.3343813205017794,7.047804274202408,10.722272489389374,12.525621769799287,3.094789365501605,6.179161208361884,-10.243167493403105,-15.621208570672795,-7.741785520881206,-14.057621035441548
2_Medium,E4_full,XGBoost,1391.9841290789418,2452.1639238602547,3.5057783597096868,7.084011374531792,210.7909654282901,365.98731276816346,3.30614458881309,6.847688827276938,-560.3623292159014,-570.0133688551085,-6.038264980064456,-3.4511285955852955
3_High,E2_cross_commodity,LightGBM,4522.0779299692795,7378.50078199943,4.150574754254936,7.964608609887532,4699.754238262929,7668.402428627104,4.251107761604956,8.2267020028638,3.780544668636121,3.7804699130738806,2.364866124025644,3.1858865543571424
3_High,E2_cross_commodity,RandomForest,10.19005081170248,11.140331217720279,3.8681478282794344,7.568337721625945,11.579462553190805,13.423604344630691,3.8471764969110938,7.679726767047856,11.998931168920802,17.009389343508918,-0.5451096768026797,1.4504297978394032
3_High,E2_cross_commodity,XGBoost,1362.5742202500883,2219.6069630672628,3.9477268204636995,7.704328752140157,7978.579130107271,13021.994923626238,3.9823983072680216,7.832614545231612,82.92209429736184,82.95493911581737,0.8706182588779532,1.6378412642500617
3_High,E3_financial,LightGBM,11036.647744283951,18015.578425605683,3.9287803486067716,8.169725035528051,4699.754238262929,7668.402428627104,4.251107761604956,8.2267020028638,-134.83457186823443,-134.9326159299006,7.582198125142181,0.6925857690714188
3_High,E3_financial,RandomForest,13.59731573804607,16.86512183977093,3.7175245005413755,7.807903282552686,11.579462553190805,13.423604344630691,3.8471764969110938,7.679726767047856,-17.4261385240132,-25.63780492023224,3.370055844170816,-1.6690244248637631
3_High,E3_financial,XGBoost,1454.3643597841499,2369.7925321060734,3.9091513384953793,8.159516665136437,7978.579130107271,13021.994923626238,3.9823983072680216,7.832614545231612,81.7716370788868,81.80161683363522,1.8392677758767628,-4.17360152241677
3_High,E4_full,LightGBM,5807.641140289607,9477.803162018941,3.9361925719388178,8.095939753209645,4699.754238262929,7668.402428627104,4.251107761604956,8.2267020028638,-23.573294386477617,-23.59553701351298,7.4078383171177435,1.5894856724922635
3_High,E4_full,RandomForest,13.13026341721112,16.078835406284938,3.7484831988767247,7.798094085214464,11.579462553190805,13.423604344630691,3.8471764969110938,7.679726767047856,-13.392684305481705,-19.7803137926686,2.5653436517303008,-1.5412959569668372
3_High,E4_full,XGBoost,2834.1296777697426,4622.49119751723,3.954925840983428,8.127386930382034,7978.579130107271,13021.994923626238,3.9823983072680216,7.832614545231612,64.47826572183615,64.50243434567395,0.6898472770655584,-3.7633970553277774
