horizon,experiment,model,n,qlike,mae,rmse,scenario
1,E0,"GARCH(1,1)",12541,9.373757096389324,2.3254590998738016,3.145607646136713,all_eps=0.0001
1,E0,HAR-RV,12541,49.98999518662809,1.0736363412312766,2.4423440444509126,all_eps=0.0001
1,E1_own,LightGBM,12541,1902.2328964833546,1.1623682376153657,2.6501890164900503,all_eps=0.0001
1,E1_own,RandomForest,12541,21.647567364153947,1.1090930501951364,2.489505403645976,all_eps=0.0001
1,E1_own,XGBoost,12541,4767.185333051558,1.3191455411903874,4.064789261082792,all_eps=0.0001
1,E2_cross_commodity,LightGBM,12541,2646.602629571413,1.1973914553919713,2.6962936874118313,all_eps=0.0001
1,E2_cross_commodity,RandomForest,12541,20.436967867774985,1.1160929768784569,2.477714126927241,all_eps=0.0001
1,E2_cross_commodity,XGBoost,12541,1324.9537714199284,1.243151531977151,3.234237010264804,all_eps=0.0001
1,E3_financial,LightGBM,12541,5314.313850163825,1.217833695744621,2.738429838960903,all_eps=0.0001
1,E3_financial,RandomForest,12541,22.38706535720739,1.1917922160373458,2.5900240701319657,all_eps=0.0001
1,E3_financial,XGBoost,12541,1279.5500086753266,1.400633118157701,3.181462870594847,all_eps=0.0001
1,E4_full,LightGBM,12541,4784.548033681248,1.2168182340591176,2.7216175794497253,all_eps=0.0001
1,E4_full,RandomForest,12541,21.64450340827164,1.1731628929384645,2.5518905158744793,all_eps=0.0001
1,E4_full,XGBoost,12541,1706.2945140768245,1.3541865764982755,3.081262616992411,all_eps=0.0001
5,E0,"GARCH(1,1)",12529,6.361751275899512,4.179123524830501,5.924200858801728,all_eps=0.0001
5,E0,HAR-RV,12529,7.636333801632839,2.7827270865291207,4.991848775667036,all_eps=0.0001
5,E1_own,LightGBM,12529,3171.457982227655,3.2390208484058998,5.711336688538635,all_eps=0.0001
5,E1_own,RandomForest,12529,7.946101821667984,2.9337029198922524,5.194378308335477,all_eps=0.0001
5,E1_own,XGBoost,12529,2329.678436197919,3.224287801367948,5.981724569271133,all_eps=0.0001
5,E2_cross_commodity,LightGBM,12529,2251.5058054673896,3.3413528542928344,5.964323147628465,all_eps=0.0001
5,E2_cross_commodity,RandomForest,12529,7.7537571004505965,2.9509841410336617,5.263397029590728,all_eps=0.0001
5,E2_cross_commodity,XGBoost,12529,197.27624257993023,3.2033870026671694,5.871531052392108,all_eps=0.0001
5,E3_financial,LightGBM,12529,7579.137290883425,3.8070065995540086,6.72895808657071,all_eps=0.0001
5,E3_financial,RandomForest,12529,8.722212819193045,3.191142413200965,5.715711080287011,all_eps=0.0001
5,E3_financial,XGBoost,12529,1294.8272939546034,3.648025173536954,6.541452223004308,all_eps=0.0001
5,E4_full,LightGBM,12529,3386.026571164051,3.6314639810566254,6.524636297917249,all_eps=0.0001
5,E4_full,RandomForest,12529,8.470640904672189,3.089683453055367,5.624442819681135,all_eps=0.0001
5,E4_full,XGBoost,12529,1663.0599720779567,3.516831262818317,6.318470480094397,all_eps=0.0001
20,E0,"GARCH(1,1)",12484,2.6062475892100707,6.734676840357377,9.86559376360233,all_eps=0.0001
20,E0,HAR-RV,12484,2.68794421583673,5.254474914185275,8.697412802712881,all_eps=0.0001
20,E1_own,LightGBM,12484,424.5564272092564,6.0862776388987685,10.294714281057841,all_eps=0.0001
20,E1_own,RandomForest,12484,3.372952572316991,5.518604189620061,9.550882752037866,all_eps=0.0001
20,E1_own,XGBoost,12484,90.48131013682149,5.896134656414919,10.338385045614208,all_eps=0.0001
20,E2_cross_commodity,LightGBM,12484,3229.457622963314,5.873090507815228,9.741380959715798,all_eps=0.0001
20,E2_cross_commodity,RandomForest,12484,3.514450108957729,5.439729915935336,9.236288029855194,all_eps=0.0001
20,E2_cross_commodity,XGBoost,12484,677.9588097372241,5.813806009522022,9.693580350796102,all_eps=0.0001
20,E3_financial,LightGBM,12484,168.56588170763766,6.522075978484432,11.559000120792014,all_eps=0.0001
20,E3_financial,RandomForest,12484,3.6495008269030165,6.350604436883485,11.428536502186327,all_eps=0.0001
20,E3_financial,XGBoost,12484,133.12189362319947,6.535058313691341,11.346517350816503,all_eps=0.0001
20,E4_full,LightGBM,12484,592.118769268284,6.451816758831883,11.305591738356638,all_eps=0.0001
20,E4_full,RandomForest,12484,3.5631027929461294,6.442065549598202,11.41350740273649,all_eps=0.0001
20,E4_full,XGBoost,12484,869.6460295535663,6.627092623818695,11.445562398584354,all_eps=0.0001
1,E0,"GARCH(1,1)",12541,5.553871740417616,2.3254590998738016,3.145607646136713,all_eps=0.01
1,E0,HAR-RV,12541,20.988609410539954,1.0736363412312766,2.4423440444509126,all_eps=0.01
1,E1_own,LightGBM,12541,54.36514968884277,1.1623682376153657,2.6501890164900503,all_eps=0.01
1,E1_own,RandomForest,12541,17.86052621746356,1.1090930501951364,2.489505403645976,all_eps=0.01
1,E1_own,XGBoost,12541,73.41643146143895,1.3191455411903874,4.064789261082792,all_eps=0.01
1,E2_cross_commodity,LightGBM,12541,81.71759632954293,1.1973914553919713,2.6962936874118313,all_eps=0.01
1,E2_cross_commodity,RandomForest,12541,16.64703375619472,1.1160929768784569,2.477714126927241,all_eps=0.01
1,E2_cross_commodity,XGBoost,12541,54.12592754704478,1.243151531977151,3.234237010264804,all_eps=0.01
1,E3_financial,LightGBM,12541,93.26844881005795,1.217833695744621,2.738429838960903,all_eps=0.01
1,E3_financial,RandomForest,12541,18.599826887211464,1.1917922160373458,2.5900240701319657,all_eps=0.01
1,E3_financial,XGBoost,12541,75.3468923713199,1.400633118157701,3.181462870594847,all_eps=0.01
1,E4_full,LightGBM,12541,88.00575706132852,1.2168182340591176,2.7216175794497253,all_eps=0.01
1,E4_full,RandomForest,12541,17.854956919003378,1.1731628929384645,2.5518905158744793,all_eps=0.01
1,E4_full,XGBoost,12541,54.691485608634544,1.3541865764982755,3.081262616992411,all_eps=0.01
5,E0,"GARCH(1,1)",12529,4.341933382316274,4.179123524830501,5.924200858801728,all_eps=0.01
5,E0,HAR-RV,12529,5.61699784167596,2.7827270865291207,4.991848775667036,all_eps=0.01
5,E1_own,LightGBM,12529,49.751578279043486,3.2390208484058998,5.711336688538635,all_eps=0.01
5,E1_own,RandomForest,12529,5.926852549627064,2.9337029198922524,5.194378308335477,all_eps=0.01
5,E1_own,XGBoost,12529,35.34216171952245,3.224287801367948,5.981724569271133,all_eps=0.01
5,E2_cross_commodity,LightGBM,12529,53.54117216067007,3.3413528542928344,5.964323147628465,all_eps=0.01
5,E2_cross_commodity,RandomForest,12529,5.734480120996336,2.9509841410336617,5.263397029590728,all_eps=0.01
5,E2_cross_commodity,XGBoost,12529,12.853911150403913,3.2033870026671694,5.871531052392108,all_eps=0.01
5,E3_financial,LightGBM,12529,96.31170890332257,3.8070065995540086,6.72895808657071,all_eps=0.01
5,E3_financial,RandomForest,12529,6.703176289002125,3.191142413200965,5.715711080287011,all_eps=0.01
5,E3_financial,XGBoost,12529,31.862328843865875,3.648025173536954,6.541452223004308,all_eps=0.01
5,E4_full,LightGBM,12529,53.18329958998431,3.6314639810566254,6.524636297917249,all_eps=0.01
5,E4_full,RandomForest,12529,6.451519066567668,3.089683453055367,5.624442819681135,all_eps=0.01
5,E4_full,XGBoost,12529,30.33663017976568,3.516831262818317,6.318470480094397,all_eps=0.01
20,E0,"GARCH(1,1)",12484,2.252498206091474,6.734676840357377,9.86559376360233,all_eps=0.01
20,E0,HAR-RV,12484,2.334196508253541,5.254474914185275,8.697412802712881,all_eps=0.01
20,E1_own,LightGBM,12484,7.776541786467962,6.0862776388987685,10.294714281057841,all_eps=0.01
20,E1_own,RandomForest,12484,3.0192102499829603,5.518604189620061,9.550882752037866,all_eps=0.01
20,E1_own,XGBoost,12484,3.9324225835003532,5.896134656414919,10.338385045614208,all_eps=0.01
20,E2_cross_commodity,LightGBM,12484,43.83214663822684,5.873090507815228,9.741380959715798,all_eps=0.01
20,E2_cross_commodity,RandomForest,12484,3.1607072621872883,5.439729915935336,9.236288029855194,all_eps=0.01
20,E2_cross_commodity,XGBoost,12484,10.492396498930228,5.813806009522022,9.693580350796102,all_eps=0.01
20,E3_financial,LightGBM,12484,10.297779317814951,6.522075978484432,11.559000120792014,all_eps=0.01
20,E3_financial,RandomForest,12484,3.2957720797151784,6.350604436883485,11.428536502186327,all_eps=0.01
20,E3_financial,XGBoost,12484,6.683674886193338,6.535058313691341,11.346517350816503,all_eps=0.01
20,E4_full,LightGBM,12484,75.95634693539756,6.451816758831883,11.305591738356638,all_eps=0.01
20,E4_full,RandomForest,12484,3.2093712866852915,6.442065549598202,11.41350740273649,all_eps=0.01
20,E4_full,XGBoost,12484,13.45891434687977,6.627092623818695,11.445562398584354,all_eps=0.01
1,E0,"GARCH(1,1)",12541,3.6676011100933366,2.3254590998738016,3.145607646136713,all_eps=0.1
1,E0,HAR-RV,12541,15.629235748629556,1.0736363412312766,2.4423440444509126,all_eps=0.1
1,E1_own,LightGBM,12541,18.828804618172438,1.1623682376153657,2.6501890164900503,all_eps=0.1
1,E1_own,RandomForest,12541,15.43096041595987,1.1090930501951364,2.489505403645976,all_eps=0.1
1,E1_own,XGBoost,12541,20.665958638342666,1.3191455411903874,4.064789261082792,all_eps=0.1
1,E2_cross_commodity,LightGBM,12541,22.419545960915446,1.1973914553919713,2.6962936874118313,all_eps=0.1
1,E2_cross_commodity,RandomForest,12541,14.5132053069787,1.1160929768784569,2.477714126927241,all_eps=0.1
1,E2_cross_commodity,XGBoost,12541,19.60803050492873,1.243151531977151,3.234237010264804,all_eps=0.1
1,E3_financial,LightGBM,12541,25.875355791772986,1.217833695744621,2.738429838960903,all_eps=0.1
1,E3_financial,RandomForest,12541,16.38055143566658,1.1917922160373458,2.5900240701319657,all_eps=0.1
1,E3_financial,XGBoost,12541,22.016630778971795,1.400633118157701,3.181462870594847,all_eps=0.1
1,E4_full,LightGBM,12541,22.07755177324148,1.2168182340591176,2.7216175794497253,all_eps=0.1
1,E4_full,RandomForest,12541,15.88641162924791,1.1731628929384645,2.5518905158744793,all_eps=0.1
1,E4_full,XGBoost,12541,18.60760443789468,1.3541865764982755,3.081262616992411,all_eps=0.1
5,E0,"GARCH(1,1)",12529,3.3343877635510326,4.179123524830501,5.924200858801728,all_eps=0.1
5,E0,HAR-RV,12529,4.61384118740153,2.7827270865291207,4.991848775667036,all_eps=0.1
5,E1_own,LightGBM,12529,12.443119349162902,3.2390208484058998,5.711336688538635,all_eps=0.1
5,E1_own,RandomForest,12529,4.924479942220674,2.9337029198922524,5.194378308335477,all_eps=0.1
5,E1_own,XGBoost,12529,12.352887905004456,3.224287801367948,5.981724569271133,all_eps=0.1
5,E2_cross_commodity,LightGBM,12529,15.641254708665619,3.3413528542928344,5.964323147628465,all_eps=0.1
5,E2_cross_commodity,RandomForest,12529,4.731856841381193,2.9509841410336617,5.263397029590728,all_eps=0.1
5,E2_cross_commodity,XGBoost,12529,8.077255312225297,3.2033870026671694,5.871531052392108,all_eps=0.1
5,E3_financial,LightGBM,12529,20.640510348087343,3.8070065995540086,6.72895808657071,all_eps=0.1
5,E3_financial,RandomForest,12529,5.70273579748235,3.191142413200965,5.715711080287011,all_eps=0.1
5,E3_financial,XGBoost,12529,11.484282767619417,3.648025173536954,6.541452223004308,all_eps=0.1
5,E4_full,LightGBM,12529,16.270091381548777,3.6314639810566254,6.524636297917249,all_eps=0.1
5,E4_full,RandomForest,12529,5.450305630499005,3.089683453055367,5.624442819681135,all_eps=0.1
5,E4_full,XGBoost,12529,11.913251002138065,3.516831262818317,6.318470480094397,all_eps=0.1
20,E0,"GARCH(1,1)",12484,2.075054356555628,6.734676840357377,9.86559376360233,all_eps=0.1
20,E0,HAR-RV,12484,2.156769280974651,5.254474914185275,8.697412802712881,all_eps=0.1
20,E1_own,LightGBM,12484,3.7607215281193804,6.0862776388987685,10.294714281057841,all_eps=0.1
20,E1_own,RandomForest,12484,2.8418319726689836,5.518604189620061,9.550882752037866,all_eps=0.1
20,E1_own,XGBoost,12484,2.9718204767473084,5.896134656414919,10.338385045614208,all_eps=0.1
20,E2_cross_commodity,LightGBM,12484,11.675811112098447,5.873090507815228,9.741380959715798,all_eps=0.1
20,E2_cross_commodity,RandomForest,12484,2.9833248755331243,5.439729915935336,9.236288029855194,all_eps=0.1
20,E2_cross_commodity,XGBoost,12484,4.235683260984888,5.813806009522022,9.693580350796102,all_eps=0.1
20,E3_financial,LightGBM,12484,7.476134495488315,6.522075978484432,11.559000120792014,all_eps=0.1
20,E3_financial,RandomForest,12484,3.1185166598446554,6.350604436883485,11.428536502186327,all_eps=0.1
20,E3_financial,XGBoost,12484,5.348306114101478,6.535058313691341,11.346517350816503,all_eps=0.1
20,E4_full,LightGBM,12484,13.483534547321392,6.451816758831883,11.305591738356638,all_eps=0.1
20,E4_full,RandomForest,12484,3.032091076508749,6.442065549598202,11.41350740273649,all_eps=0.1
20,E4_full,XGBoost,12484,4.908898999494582,6.627092623818695,11.445562398584354,all_eps=0.1
1,E0,"GARCH(1,1)",12541,1.9555738220346586,2.3254590998738016,3.145607646136713,all_eps=1
1,E0,HAR-RV,12541,5.382023198151061,1.0736363412312766,2.4423440444509126,all_eps=1
1,E1_own,LightGBM,12541,4.801005859721524,1.1623682376153657,2.6501890164900503,all_eps=1
1,E1_own,RandomForest,12541,5.268245042664767,1.1090930501951364,2.489505403645976,all_eps=1
1,E1_own,XGBoost,12541,4.4574304531669044,1.3191455411903874,4.064789261082792,all_eps=1
1,E2_cross_commodity,LightGBM,12541,4.124555971396363,1.1973914553919713,2.6962936874118313,all_eps=1
1,E2_cross_commodity,RandomForest,12541,4.443864868047104,1.1160929768784569,2.477714126927241,all_eps=1
1,E2_cross_commodity,XGBoost,12541,4.4923873490141935,1.243151531977151,3.234237010264804,all_eps=1
1,E3_financial,LightGBM,12541,5.022132775270763,1.217833695744621,2.738429838960903,all_eps=1
1,E3_financial,RandomForest,12541,5.294146733819416,1.1917922160373458,2.5900240701319657,all_eps=1
1,E3_financial,XGBoost,12541,4.639531776507913,1.400633118157701,3.181462870594847,all_eps=1
1,E4_full,LightGBM,12541,4.550849529204688,1.2168182340591176,2.7216175794497253,all_eps=1
1,E4_full,RandomForest,12541,4.977921684199559,1.1731628929384645,2.5518905158744793,all_eps=1
1,E4_full,XGBoost,12541,3.9500121949418383,1.3541865764982755,3.081262616992411,all_eps=1
5,E0,"GARCH(1,1)",12529,2.331936496596146,4.179123524830501,5.924200858801728,all_eps=1
5,E0,HAR-RV,12529,3.6580154957474167,2.7827270865291207,4.991848775667036,all_eps=1
5,E1_own,LightGBM,12529,5.808281720754406,3.2390208484058998,5.711336688538635,all_eps=1
5,E1_own,RandomForest,12529,3.849246196368786,2.9337029198922524,5.194378308335477,all_eps=1
5,E1_own,XGBoost,12529,5.7715259115027715,3.224287801367948,5.981724569271133,all_eps=1
5,E2_cross_commodity,LightGBM,12529,6.387268331173507,3.3413528542928344,5.964323147628465,all_eps=1
5,E2_cross_commodity,RandomForest,12529,3.7812618783334253,2.9509841410336617,5.263397029590728,all_eps=1
5,E2_cross_commodity,XGBoost,12529,5.386423444326479,3.2033870026671694,5.871531052392108,all_eps=1
5,E3_financial,LightGBM,12529,7.529619926072885,3.8070065995540086,6.72895808657071,all_eps=1
5,E3_financial,RandomForest,12529,4.626089585077338,3.191142413200965,5.715711080287011,all_eps=1
5,E3_financial,XGBoost,12529,6.246959539663018,3.648025173536954,6.541452223004308,all_eps=1
5,E4_full,LightGBM,12529,7.724654904933804,3.6314639810566254,6.524636297917249,all_eps=1
5,E4_full,RandomForest,12529,4.508875187541364,3.089683453055367,5.624442819681135,all_eps=1
5,E4_full,XGBoost,12529,6.68128496583066,3.516831262818317,6.318470480094397,all_eps=1
20,E0,"GARCH(1,1)",12484,1.8883283659975476,6.734676840357377,9.86559376360233,all_eps=1
20,E0,HAR-RV,12484,1.9703126629167327,5.254474914185275,8.697412802712881,all_eps=1
20,E1_own,LightGBM,12484,3.0218085003348745,6.0862776388987685,10.294714281057841,all_eps=1
20,E1_own,RandomForest,12484,2.6558715049754094,5.518604189620061,9.550882752037866,all_eps=1
20,E1_own,XGBoost,12484,2.702632196073082,5.896134656414919,10.338385045614208,all_eps=1
20,E2_cross_commodity,LightGBM,12484,5.458669930432392,5.873090507815228,9.741380959715798,all_eps=1
20,E2_cross_commodity,RandomForest,12484,2.7973573873536455,5.439729915935336,9.236288029855194,all_eps=1
20,E2_cross_commodity,XGBoost,12484,3.4162553512742924,5.813806009522022,9.693580350796102,all_eps=1
20,E3_financial,LightGBM,12484,5.457148796485774,6.522075978484432,11.559000120792014,all_eps=1
20,E3_financial,RandomForest,12484,2.931253482478811,6.350604436883485,11.428536502186327,all_eps=1
20,E3_financial,XGBoost,12484,4.980215551648942,6.535058313691341,11.346517350816503,all_eps=1
20,E4_full,LightGBM,12484,6.574884410019936,6.451816758831883,11.305591738356638,all_eps=1
20,E4_full,RandomForest,12484,2.8471239845182783,6.442065549598202,11.41350740273649,all_eps=1
20,E4_full,XGBoost,12484,3.7657652198194502,6.627092623818695,11.445562398584354,all_eps=1
1,E0,"GARCH(1,1)",2131,7.810065863369074,2.3049262564297743,5.002073295508082,nonzero_target
1,E0,HAR-RV,2131,258.7587368121399,2.9946152645674546,5.683547933482399,nonzero_target
1,E1_own,LightGBM,2131,11160.908764913249,3.031098844649207,5.699009875533535,nonzero_target
1,E1_own,RandomForest,2131,92.08497911598384,2.9861605925038175,5.657737762096517,nonzero_target
1,E1_own,XGBoost,2131,28021.130865410403,3.157290916937926,6.299498560659813,nonzero_target
1,E2_cross_commodity,LightGBM,2131,15544.439582094194,2.9892278205567653,5.635833717704306,nonzero_target
1,E2_cross_commodity,RandomForest,2131,84.80589705876825,2.929098108634755,5.594155267559037,nonzero_target
1,E2_cross_commodity,XGBoost,2131,7765.106272458054,3.088117091713998,5.915101922652777,nonzero_target
1,E3_financial,LightGBM,2131,31243.403506815896,3.054974435710507,5.810718076429531,nonzero_target
1,E3_financial,RandomForest,2131,96.22630929257441,2.973529964853719,5.639551553296995,nonzero_target
1,E3_financial,XGBoost,2131,7497.078271273925,3.0727457159690617,5.9771535498414945,nonzero_target
1,E4_full,LightGBM,2131,28126.178948897566,3.0215172228627107,5.763127127197162,nonzero_target
1,E4_full,RandomForest,2131,91.74115153721053,2.9259650878125356,5.601780884221382,nonzero_target
1,E4_full,XGBoost,2131,10008.358597842169,3.0057276067197827,5.906991485058352,nonzero_target
5,E0,"GARCH(1,1)",7033,2.517891867109952,3.436719753066239,6.0809787961380435,nonzero_target
5,E0,HAR-RV,7033,5.628932040418012,2.6626142356190012,6.010107245622295,nonzero_target
5,E1_own,LightGBM,7033,5641.942583334913,3.229383611137963,6.673243202867477,nonzero_target
5,E1_own,RandomForest,7033,6.183719239129832,2.8297317724918187,6.135975623424996,nonzero_target
5,E1_own,XGBoost,7033,4142.305385668457,3.1501958196345594,6.747037626846051,nonzero_target
5,E2_cross_commodity,LightGBM,7033,4003.25701869097,3.375543471267481,6.785895097268607,nonzero_target
5,E2_cross_commodity,RandomForest,7033,5.846003052100956,2.8436089405862566,6.183469671471146,nonzero_target
5,E2_cross_commodity,XGBoost,7033,343.6567606644445,3.196597355712494,6.664815999153519,nonzero_target
5,E3_financial,LightGBM,7033,13494.120508847438,3.8866708391936324,7.518646895517645,nonzero_target
5,E3_financial,RandomForest,7033,7.63766225971207,3.1919992378370297,6.543137492795223,nonzero_target
5,E3_financial,XGBoost,7033,2298.874289552524,3.659491951852305,7.243046073707403,nonzero_target
5,E4_full,LightGBM,7033,6024.323896224931,3.7286151657732054,7.385406378589361,nonzero_target
5,E4_full,RandomForest,7033,7.205018542590886,3.1003102588508007,6.494932090676079,nonzero_target
5,E4_full,XGBoost,7033,2954.8525532374033,3.523507690696014,7.02385901672686,nonzero_target
20,E0,"GARCH(1,1)",11525,1.7646036156378526,6.427393483963987,9.729316229657677,nonzero_target
20,E0,HAR-RV,11525,1.8792641775053307,4.981695322528928,8.67827903921077,nonzero_target
20,E1_own,LightGBM,11525,458.87000252120333,5.886253076767055,10.260194381890878,nonzero_target
20,E1_own,RandomForest,11525,2.6378093664980207,5.288452273652774,9.513657534369306,nonzero_target
20,E1_own,XGBoost,11525,96.99654821628006,5.718540920196819,10.445212695271126,nonzero_target
20,E2_cross_commodity,LightGBM,11525,3497.183087374234,5.72464105324224,9.818370473134296,nonzero_target
20,E2_cross_commodity,RandomForest,11525,2.792426667938485,5.233062291521332,9.278137542584767,nonzero_target
20,E2_cross_commodity,XGBoost,11525,733.366702374775,5.651493074438066,9.775428602585032,nonzero_target
20,E3_financial,LightGBM,11525,181.59670246798174,6.417032637256556,11.708559773298887,nonzero_target
20,E3_financial,RandomForest,11525,2.96122570928219,6.258596857503251,11.586624058238202,nonzero_target
20,E3_financial,XGBoost,11525,143.19594736331402,6.394483671819414,11.441183425183066,nonzero_target
20,E4_full,LightGBM,11525,640.3971549354461,6.333821049910065,11.44600255736832,nonzero_target
20,E4_full,RandomForest,11525,2.8579558889954098,6.323813988108118,11.552791487696469,nonzero_target
20,E4_full,XGBoost,11525,941.0034783783289,6.501883977112353,11.577576182480813,nonzero_target
