series,variety,location,horizon,experiment,feature,feature_group,rf_importance,lgbm_importance,xgb_importance,shap_importance,mean_importance
arabica_LUIS EDUARDO MAGALHAES,arabica,LUIS EDUARDO MAGALHAES,1,E2_cross_commodity,return_1d,1_Own_History,0.11934896981107586,0.03029568589432865,0.030201638117432594,0.02766364294487052,0.059948764607612365
arabica_LUIS EDUARDO MAGALHAES,arabica,LUIS EDUARDO MAGALHAES,1,E2_cross_commodity,return_lag1,1_Own_History,0.07329456070594477,0.02932622394571013,0.06796224415302277,0.027953866556185498,0.05686100960155923
arabica_LUIS EDUARDO MAGALHAES,arabica,LUIS EDUARDO MAGALHAES,1,E2_cross_commodity,return_lag2,1_Own_History,0.004843661114729242,0.009694619486185167,0.021351462230086327,0.018376522189828264,0.011963247610333579
arabica_LUIS EDUARDO MAGALHAES,arabica,LUIS EDUARDO MAGALHAES,1,E2_cross_commodity,return_lag3,1_Own_History,0.017946622868140215,0.020601066408143482,0.025604400783777237,0.03162666749011584,0.021384030020020314
arabica_LUIS EDUARDO MAGALHAES,arabica,LUIS EDUARDO MAGALHAES,1,E2_cross_commodity,return_lag4,1_Own_History,0.21942549006479098,0.055259331071255455,0.053671058267354965,0.08836100746871972,0.1094519598011338
arabica_LUIS EDUARDO MAGALHAES,arabica,LUIS EDUARDO MAGALHAES,1,E2_cross_commodity,return_lag5,1_Own_History,0.030929154502628314,0.045807077072224915,0.05185313895344734,0.023198405184621993,0.042863123509433526
arabica_LUIS EDUARDO MAGALHAES,arabica,LUIS EDUARDO MAGALHAES,1,E2_cross_commodity,hist_vol_5,1_Own_History,0.01781647020655954,0.054774600096946194,0.10859636217355728,0.07317482158750395,0.06039581082568767
arabica_LUIS EDUARDO MAGALHAES,arabica,LUIS EDUARDO MAGALHAES,1,E2_cross_commodity,hist_vol_10,1_Own_History,0.031252338852365245,0.07440620455647116,0.05850858986377716,0.0674290960697276,0.054722377757537854
arabica_LUIS EDUARDO MAGALHAES,arabica,LUIS EDUARDO MAGALHAES,1,E2_cross_commodity,hist_vol_20,1_Own_History,0.04744124349007437,0.07925351429956375,0.033371731638908386,0.0757559175939343,0.05335549647618217
arabica_LUIS EDUARDO MAGALHAES,arabica,LUIS EDUARDO MAGALHAES,1,E2_cross_commodity,other_variety_return,2_Cross_Commodity,0.006017972323881766,0.029083858458555503,0.051339659839868546,0.025759137131177556,0.028813830207435272
arabica_LUIS EDUARDO MAGALHAES,arabica,LUIS EDUARDO MAGALHAES,1,E2_cross_commodity,other_variety_vol_5,2_Cross_Commodity,0.010487310360105518,0.047988366456616575,0.06034209206700325,0.032925303508521644,0.03960592296124178
arabica_LUIS EDUARDO MAGALHAES,arabica,LUIS EDUARDO MAGALHAES,1,E2_cross_commodity,soy_return,2_Cross_Commodity,0.023044943667674015,0.06422685409597673,0.09380494803190231,0.03872175858242456,0.06035891526518435
arabica_LUIS EDUARDO MAGALHAES,arabica,LUIS EDUARDO MAGALHAES,1,E2_cross_commodity,soy_vol_5,2_Cross_Commodity,0.018189013240483446,0.06277266117304896,0.023186804726719856,0.05760550287712252,0.03471615971341742
arabica_LUIS EDUARDO MAGALHAES,arabica,LUIS EDUARDO MAGALHAES,1,E2_cross_commodity,cotton_return,2_Cross_Commodity,0.020111481004179824,0.0622879301987397,0.06801434606313705,0.07153745670496611,0.05013791908868553
arabica_LUIS EDUARDO MAGALHAES,arabica,LUIS EDUARDO MAGALHAES,1,E2_cross_commodity,cotton_vol_5,2_Cross_Commodity,0.03465616029358943,0.06446921958313136,0.08123265206813812,0.05811391986224675,0.06011934398161964
arabica_LUIS EDUARDO MAGALHAES,arabica,LUIS EDUARDO MAGALHAES,1,E2_cross_commodity,cocoa_return,2_Cross_Commodity,0.025542600245752188,0.06131846825012118,0.04875672981142998,0.052322911466269835,0.04520593276910112
arabica_LUIS EDUARDO MAGALHAES,arabica,LUIS EDUARDO MAGALHAES,1,E2_cross_commodity,cocoa_vol_5,2_Cross_Commodity,0.11054092534765589,0.08119243819680078,0.06209443882107735,0.08526499290283954,0.08460926745517801
arabica_LUIS EDUARDO MAGALHAES,arabica,LUIS EDUARDO MAGALHAES,1,E2_cross_commodity,ice_coffee_c_return,2_Cross_Commodity,0.08830642337737152,0.08725157537566651,0.03485710918903351,0.07646745194902095,0.07013836931402384
arabica_LUIS EDUARDO MAGALHAES,arabica,LUIS EDUARDO MAGALHAES,1,E2_cross_commodity,cepea_return,2_Cross_Commodity,0.10080465852299786,0.03999030538051381,0.025250619277358055,0.06774161792990292,0.05534852772695658
arabica_LUIS EDUARDO MAGALHAES,arabica,LUIS EDUARDO MAGALHAES,1,E4_full,return_1d,1_Own_History,0.08515993128384657,0.032413793103448274,0.021913232281804085,0.02005614399985945,0.04649565222303298
arabica_LUIS EDUARDO MAGALHAES,arabica,LUIS EDUARDO MAGALHAES,1,E4_full,return_lag1,1_Own_History,0.049653606280843504,0.029425287356321838,0.028990818187594414,0.019610225240640128,0.03602323727491992
arabica_LUIS EDUARDO MAGALHAES,arabica,LUIS EDUARDO MAGALHAES,1,E4_full,return_lag2,1_Own_History,0.002520285178643841,0.014942528735632184,0.016083059832453728,0.015004139380481767,0.011181957915576584
arabica_LUIS EDUARDO MAGALHAES,arabica,LUIS EDUARDO MAGALHAES,1,E4_full,return_lag3,1_Own_History,0.002784705638185513,0.015632183908045976,0.01419714093208313,0.015068522824204428,0.01087134349277154
arabica_LUIS EDUARDO MAGALHAES,arabica,LUIS EDUARDO MAGALHAES,1,E4_full,return_lag4,1_Own_History,0.18175698424648473,0.04574712643678161,0.050639159977436066,0.050820978740154295,0.09271442355356747
arabica_LUIS EDUARDO MAGALHAES,arabica,LUIS EDUARDO MAGALHAES,1,E4_full,return_lag5,1_Own_History,0.026611989858024477,0.02160919540229885,0.0353248305618763,0.011490710171909274,0.02784867194073321
arabica_LUIS EDUARDO MAGALHAES,arabica,LUIS EDUARDO MAGALHAES,1,E4_full,hist_vol_5,1_Own_History,0.017090014239923304,0.044367816091954025,0.05000850558280945,0.044732252471345955,0.03715544530489559
arabica_LUIS EDUARDO MAGALHAES,arabica,LUIS EDUARDO MAGALHAES,1,E4_full,hist_vol_10,1_Own_History,0.012852236660121492,0.042298850574712644,0.03304002061486244,0.03189907855173887,0.02939703594989886
arabica_LUIS EDUARDO MAGALHAES,arabica,LUIS EDUARDO MAGALHAES,1,E4_full,hist_vol_20,1_Own_History,0.011117425043766824,0.030804597701149426,0.017317192628979683,0.02330159232853586,0.019746405124631976
arabica_LUIS EDUARDO MAGALHAES,arabica,LUIS EDUARDO MAGALHAES,1,E4_full,other_variety_return,2_Cross_Commodity,0.015364262295415546,0.015402298850574713,0.042306698858737946,0.012329240048777258,0.0243577533349094
arabica_LUIS EDUARDO MAGALHAES,arabica,LUIS EDUARDO MAGALHAES,1,E4_full,other_variety_vol_5,2_Cross_Commodity,0.008210018943923357,0.02735632183908046,0.021039603278040886,0.01407222127674423,0.018868648020348235
arabica_LUIS EDUARDO MAGALHAES,arabica,LUIS EDUARDO MAGALHAES,1,E4_full,soy_return,2_Cross_Commodity,0.015760507329641904,0.02735632183908046,0.04663113132119179,0.012082977080722281,0.029915986829971385
arabica_LUIS EDUARDO MAGALHAES,arabica,LUIS EDUARDO MAGALHAES,1,E4_full,soy_vol_5,2_Cross_Commodity,0.014709648473655329,0.03885057471264368,0.02674495428800583,0.03167932807811368,0.026768392491434947
arabica_LUIS EDUARDO MAGALHAES,arabica,LUIS EDUARDO MAGALHAES,1,E4_full,cotton_return,2_Cross_Commodity,0.014898020494109305,0.027126436781609194,0.02980891801416874,0.032799309919700204,0.02394445842996241
arabica_LUIS EDUARDO MAGALHAES,arabica,LUIS EDUARDO MAGALHAES,1,E4_full,cotton_vol_5,2_Cross_Commodity,0.019902701502836705,0.03195402298850575,0.031535934656858444,0.021019103298572785,0.027797553049400302
arabica_LUIS EDUARDO MAGALHAES,arabica,LUIS EDUARDO MAGALHAES,1,E4_full,cocoa_return,2_Cross_Commodity,0.017731566340191275,0.03379310344827586,0.0172802172601223,0.024231544541848813,0.02293496234952981
arabica_LUIS EDUARDO MAGALHAES,arabica,LUIS EDUARDO MAGALHAES,1,E4_full,cocoa_vol_5,2_Cross_Commodity,0.0967797019719608,0.05103448275862069,0.11805819720029831,0.044552274946269045,0.08862412731029327
arabica_LUIS EDUARDO MAGALHAES,arabica,LUIS EDUARDO MAGALHAES,1,E4_full,ice_coffee_c_return,2_Cross_Commodity,0.027989194335376263,0.04528735632183908,0.028877299278974533,0.036810421532007115,0.03405128331206329
arabica_LUIS EDUARDO MAGALHAES,arabica,LUIS EDUARDO MAGALHAES,1,E4_full,cepea_return,2_Cross_Commodity,0.08179631068618738,0.02574712643678161,0.026780102401971817,0.018062462977449945,0.04477451317498027
arabica_LUIS EDUARDO MAGALHAES,arabica,LUIS EDUARDO MAGALHAES,1,E4_full,usd_brl_return,3_Financial_Macro,0.034789885772037316,0.03310344827586207,0.03173316270112991,0.02680501267665745,0.03320883224967643
arabica_LUIS EDUARDO MAGALHAES,arabica,LUIS EDUARDO MAGALHAES,1,E4_full,usd_brl_vol_5,3_Financial_Macro,0.011701215918770463,0.029195402298850575,0.010009982623159885,0.017804496688682125,0.016968866946926977
arabica_LUIS EDUARDO MAGALHAES,arabica,LUIS EDUARDO MAGALHAES,1,E4_full,selic,3_Financial_Macro,0.08735591066675848,0.0464367816091954,0.03909128159284592,0.11788762121990161,0.057627991289599924
arabica_LUIS EDUARDO MAGALHAES,arabica,LUIS EDUARDO MAGALHAES,1,E4_full,vix,3_Financial_Macro,0.013199244667056995,0.03770114942528736,0.04139402136206627,0.04755630743821726,0.030764805151470207
arabica_LUIS EDUARDO MAGALHAES,arabica,LUIS EDUARDO MAGALHAES,1,E4_full,vix_change,3_Financial_Macro,0.014958996888920804,0.03218390804597701,0.02476644702255726,0.021125761618457858,0.023969783985818355
arabica_LUIS EDUARDO MAGALHAES,arabica,LUIS EDUARDO MAGALHAES,1,E4_full,brent_return,3_Financial_Macro,0.02830802967483291,0.04183908045977011,0.05386548116803169,0.03185419032495195,0.041337530434211574
arabica_LUIS EDUARDO MAGALHAES,arabica,LUIS EDUARDO MAGALHAES,1,E4_full,dollar_index_return,3_Financial_Macro,0.00824663640734335,0.017701149425287357,0.017833003774285316,0.019951228483918563,0.014593596535638674
arabica_LUIS EDUARDO MAGALHAES,arabica,LUIS EDUARDO MAGALHAES,1,E4_full,sp500_return,3_Financial_Macro,0.02086883191344907,0.028735632183908046,0.03006422333419323,0.022090638885449303,0.026556229143850113
arabica_LUIS EDUARDO MAGALHAES,arabica,LUIS EDUARDO MAGALHAES,1,E4_full,ibovespa_return,3_Financial_Macro,0.00990647528135098,0.04,0.01931520737707615,0.04382884967493381,0.02307389421947571
arabica_LUIS EDUARDO MAGALHAES,arabica,LUIS EDUARDO MAGALHAES,1,E4_full,us_treasury_10y,3_Financial_Macro,0.039207935199542576,0.05747126436781609,0.018874192610383034,0.09739124332284561,0.038517797392580565
arabica_LUIS EDUARDO MAGALHAES,arabica,LUIS EDUARDO MAGALHAES,1,E4_full,fed_funds,3_Financial_Macro,0.028767726806799,0.034482758620689655,0.05647590756416321,0.07408212225690905,0.03990879766388395
arabica_LUIS EDUARDO MAGALHAES,arabica,LUIS EDUARDO MAGALHAES,5,E2_cross_commodity,return_1d,1_Own_History,0.0063322272296428795,0.0224390243902439,0.03219279274344444,0.01307017198676412,0.020321348121110406
arabica_LUIS EDUARDO MAGALHAES,arabica,LUIS EDUARDO MAGALHAES,5,E2_cross_commodity,return_lag1,1_Own_History,0.003199748173084034,0.00975609756097561,0.01859728805720806,0.00520980322362126,0.0105177112637559
arabica_LUIS EDUARDO MAGALHAES,arabica,LUIS EDUARDO MAGALHAES,5,E2_cross_commodity,return_lag2,1_Own_History,0.0016213516041778898,0.008195121951219513,0.02165943756699562,0.006934734228180081,0.010491970374131007
arabica_LUIS EDUARDO MAGALHAES,arabica,LUIS EDUARDO MAGALHAES,5,E2_cross_commodity,return_lag3,1_Own_History,0.0013054985882658395,0.006048780487804878,0.01460239663720131,0.004578574810449392,0.007318891904424009
arabica_LUIS EDUARDO MAGALHAES,arabica,LUIS EDUARDO MAGALHAES,5,E2_cross_commodity,return_lag4,1_Own_History,0.0014566116857850095,0.011121951219512195,0.019269542768597603,0.007900514892652132,0.010616035224631601
arabica_LUIS EDUARDO MAGALHAES,arabica,LUIS EDUARDO MAGALHAES,5,E2_cross_commodity,return_lag5,1_Own_History,0.0027501308392310565,0.015024390243902438,0.0261650662869215,0.008830232824951583,0.014646529123351666
arabica_LUIS EDUARDO MAGALHAES,arabica,LUIS EDUARDO MAGALHAES,5,E2_cross_commodity,hist_vol_5,1_Own_History,0.10422947896190908,0.07317073170731707,0.06010083481669426,0.0762559953516637,0.07916701516197347
arabica_LUIS EDUARDO MAGALHAES,arabica,LUIS EDUARDO MAGALHAES,5,E2_cross_commodity,hist_vol_10,1_Own_History,0.19561604122321935,0.088,0.12639588117599487,0.1565638243789265,0.1366706407997381
arabica_LUIS EDUARDO MAGALHAES,arabica,LUIS EDUARDO MAGALHAES,5,E2_cross_commodity,hist_vol_20,1_Own_History,0.15305256765592393,0.13190243902439025,0.07516421377658844,0.16417290093844084,0.12003974015230086
arabica_LUIS EDUARDO MAGALHAES,arabica,LUIS EDUARDO MAGALHAES,5,E2_cross_commodity,other_variety_return,2_Cross_Commodity,0.0027194053945550196,0.013268292682926829,0.03856745362281799,0.007854577260267805,0.018185050566766614
arabica_LUIS EDUARDO MAGALHAES,arabica,LUIS EDUARDO MAGALHAES,5,E2_cross_commodity,other_variety_vol_5,2_Cross_Commodity,0.033817539140894484,0.07785365853658537,0.0527559258043766,0.047585935282439255,0.05480904116061882
arabica_LUIS EDUARDO MAGALHAES,arabica,LUIS EDUARDO MAGALHAES,5,E2_cross_commodity,soy_return,2_Cross_Commodity,0.01785108124262828,0.04721951219512195,0.030829105526208878,0.027900105106812536,0.0319665663213197
arabica_LUIS EDUARDO MAGALHAES,arabica,LUIS EDUARDO MAGALHAES,5,E2_cross_commodity,soy_vol_5,2_Cross_Commodity,0.052383929192563655,0.08409756097560976,0.08219767361879349,0.06450583471722207,0.07289305459565563
arabica_LUIS EDUARDO MAGALHAES,arabica,LUIS EDUARDO MAGALHAES,5,E2_cross_commodity,cotton_return,2_Cross_Commodity,0.028883794150424996,0.05424390243902439,0.04774064943194389,0.04060562791686861,0.04362278200713109
arabica_LUIS EDUARDO MAGALHAES,arabica,LUIS EDUARDO MAGALHAES,5,E2_cross_commodity,cotton_vol_5,2_Cross_Commodity,0.23104239021680778,0.11473170731707318,0.13867048919200897,0.0955961173323069,0.16148152890862996
arabica_LUIS EDUARDO MAGALHAES,arabica,LUIS EDUARDO MAGALHAES,5,E2_cross_commodity,cocoa_return,2_Cross_Commodity,0.014437801493550643,0.04370731707317073,0.03568536788225174,0.03188221180712653,0.03127682881632437
arabica_LUIS EDUARDO MAGALHAES,arabica,LUIS EDUARDO MAGALHAES,5,E2_cross_commodity,cocoa_vol_5,2_Cross_Commodity,0.06434780050875416,0.10126829268292684,0.07198435068130493,0.06922981459421407,0.07920014795766198
arabica_LUIS EDUARDO MAGALHAES,arabica,LUIS EDUARDO MAGALHAES,5,E2_cross_commodity,ice_coffee_c_return,2_Cross_Commodity,0.009574325693584728,0.048390243902439026,0.02683350443840027,0.03987624051482922,0.02826602467814134
arabica_LUIS EDUARDO MAGALHAES,arabica,LUIS EDUARDO MAGALHAES,5,E2_cross_commodity,cepea_return,2_Cross_Commodity,0.07537827700499711,0.0495609756097561,0.08058810979127884,0.13144678283226333,0.06850912080201067
arabica_LUIS EDUARDO MAGALHAES,arabica,LUIS EDUARDO MAGALHAES,5,E4_full,return_1d,1_Own_History,0.0028269619115112578,0.026404605916219973,0.01894257217645645,0.011165866579601296,0.01605804666806256
arabica_LUIS EDUARDO MAGALHAES,arabica,LUIS EDUARDO MAGALHAES,5,E4_full,return_lag1,1_Own_History,0.0004407784169034247,0.008735358348223149,0.011043520644307137,0.0034438477232557486,0.00673988580314457
arabica_LUIS EDUARDO MAGALHAES,arabica,LUIS EDUARDO MAGALHAES,5,E4_full,return_lag2,1_Own_History,0.00046585610775059323,0.002183839587055787,0.010030494071543217,0.0015871386144128783,0.004226729922116532
arabica_LUIS EDUARDO MAGALHAES,arabica,LUIS EDUARDO MAGALHAES,5,E4_full,return_lag3,1_Own_History,0.0,0.0025809013301568394,0.011644386686384678,0.0011849225901328507,0.004741762672180506
arabica_LUIS EDUARDO MAGALHAES,arabica,LUIS EDUARDO MAGALHAES,5,E4_full,return_lag4,1_Own_History,0.00032461533100278377,0.007544173118919992,0.010380971245467663,0.0038593883799161854,0.006083253231796812
arabica_LUIS EDUARDO MAGALHAES,arabica,LUIS EDUARDO MAGALHAES,5,E4_full,return_lag5,1_Own_History,0.0008318526558647176,0.008536827476672622,0.012359010055661201,0.004704445751592173,0.00724256339606618
arabica_LUIS EDUARDO MAGALHAES,arabica,LUIS EDUARDO MAGALHAES,5,E4_full,hist_vol_5,1_Own_History,0.11936705967575643,0.04844153265832837,0.0719294399023056,0.03317916196602178,0.07991267741213014
arabica_LUIS EDUARDO MAGALHAES,arabica,LUIS EDUARDO MAGALHAES,5,E4_full,hist_vol_10,1_Own_History,0.058084404099773945,0.0639269406392694,0.049881041049957275,0.08030688719812429,0.05729746192966687
arabica_LUIS EDUARDO MAGALHAES,arabica,LUIS EDUARDO MAGALHAES,5,E4_full,hist_vol_20,1_Own_History,0.04104469524736717,0.08477268215207465,0.042924992740154266,0.06387101220254987,0.056247456713198696
arabica_LUIS EDUARDO MAGALHAES,arabica,LUIS EDUARDO MAGALHAES,5,E4_full,other_variety_return,2_Cross_Commodity,0.0005559030226208178,0.00714711137581894,0.006869149394333363,0.0029975715851325697,0.0048573879309243735
arabica_LUIS EDUARDO MAGALHAES,arabica,LUIS EDUARDO MAGALHAES,5,E4_full,other_variety_vol_5,2_Cross_Commodity,0.02350937037099755,0.04466944609886837,0.041743699461221695,0.025239080968776285,0.036640838643695876
arabica_LUIS EDUARDO MAGALHAES,arabica,LUIS EDUARDO MAGALHAES,5,E4_full,soy_return,2_Cross_Commodity,0.002492107425124304,0.024617828072265237,0.014257004484534264,0.01650591610091628,0.013788979993974602
arabica_LUIS EDUARDO MAGALHAES,arabica,LUIS EDUARDO MAGALHAES,5,E4_full,soy_vol_5,2_Cross_Commodity,0.01686276609888769,0.04208854476871154,0.03979824483394623,0.029060602865563966,0.032916518567181814
arabica_LUIS EDUARDO MAGALHAES,arabica,LUIS EDUARDO MAGALHAES,5,E4_full,cotton_return,2_Cross_Commodity,0.0023828364933874,0.0182648401826484,0.014141307212412357,0.00756294909896081,0.011596327962816053
arabica_LUIS EDUARDO MAGALHAES,arabica,LUIS EDUARDO MAGALHAES,5,E4_full,cotton_vol_5,2_Cross_Commodity,0.11428608189045275,0.07405201508834623,0.06628415733575821,0.05369751028509871,0.08487408477151907
arabica_LUIS EDUARDO MAGALHAES,arabica,LUIS EDUARDO MAGALHAES,5,E4_full,cocoa_return,2_Cross_Commodity,0.005475006191480136,0.0182648401826484,0.014075136743485928,0.009977781504790648,0.012604994372538154
arabica_LUIS EDUARDO MAGALHAES,arabica,LUIS EDUARDO MAGALHAES,5,E4_full,cocoa_vol_5,2_Cross_Commodity,0.041824132592604125,0.054198927933293624,0.07656045258045197,0.03437325179545234,0.05752783770211658
arabica_LUIS EDUARDO MAGALHAES,arabica,LUIS EDUARDO MAGALHAES,5,E4_full,ice_coffee_c_return,2_Cross_Commodity,0.0038932799186500175,0.022235457613658922,0.011834870092570782,0.010784087653991303,0.012654535874959906
arabica_LUIS EDUARDO MAGALHAES,arabica,LUIS EDUARDO MAGALHAES,5,E4_full,cepea_return,2_Cross_Commodity,0.03400899758891144,0.019654556283502083,0.045544564723968506,0.019754799198417102,0.033069372865460675
arabica_LUIS EDUARDO MAGALHAES,arabica,LUIS EDUARDO MAGALHAES,5,E4_full,usd_brl_return,3_Financial_Macro,0.006899941250060419,0.017669247567996822,0.011931146495044231,0.008362413265191191,0.01216677843770049
arabica_LUIS EDUARDO MAGALHAES,arabica,LUIS EDUARDO MAGALHAES,5,E4_full,usd_brl_vol_5,3_Financial_Macro,0.01924292143346676,0.043081199126464166,0.02732381969690323,0.039933011476246665,0.029882646752278048
arabica_LUIS EDUARDO MAGALHAES,arabica,LUIS EDUARDO MAGALHAES,5,E4_full,selic,3_Financial_Macro,0.24938150944454818,0.0859638673813778,0.10584692656993866,0.18085886297884007,0.14706410113195487
arabica_LUIS EDUARDO MAGALHAES,arabica,LUIS EDUARDO MAGALHAES,5,E4_full,vix,3_Financial_Macro,0.039434829181975294,0.047845940043676795,0.10627048462629318,0.05510763623694599,0.06451708461731509
arabica_LUIS EDUARDO MAGALHAES,arabica,LUIS EDUARDO MAGALHAES,5,E4_full,vix_change,3_Financial_Macro,0.004854608377661041,0.01647806233869367,0.012921246699988842,0.009683548492048957,0.011417972472114518
arabica_LUIS EDUARDO MAGALHAES,arabica,LUIS EDUARDO MAGALHAES,5,E4_full,brent_return,3_Financial_Macro,0.0035491665615556686,0.01647806233869367,0.014466204680502415,0.006027894961440266,0.011497811193583918
arabica_LUIS EDUARDO MAGALHAES,arabica,LUIS EDUARDO MAGALHAES,5,E4_full,dollar_index_return,3_Financial_Macro,0.0021463552867730376,0.013500099265435776,0.014430191367864609,0.01740239544819748,0.010025548640024475
arabica_LUIS EDUARDO MAGALHAES,arabica,LUIS EDUARDO MAGALHAES,5,E4_full,sp500_return,3_Financial_Macro,0.0054030165334413,0.01171332142148104,0.010503713972866535,0.00567979611385747,0.009206683975929624
arabica_LUIS EDUARDO MAGALHAES,arabica,LUIS EDUARDO MAGALHAES,5,E4_full,ibovespa_return,3_Financial_Macro,0.004192177940800652,0.020647210641254715,0.015034627169370651,0.009464223726998951,0.013291338583808673
arabica_LUIS EDUARDO MAGALHAES,arabica,LUIS EDUARDO MAGALHAES,5,E4_full,us_treasury_10y,3_Financial_Macro,0.08857306818663899,0.0867579908675799,0.050439849495887756,0.16355104120781305,0.07525696951670222
arabica_LUIS EDUARDO MAGALHAES,arabica,LUIS EDUARDO MAGALHAES,5,E4_full,fed_funds,3_Financial_Macro,0.10764570076403202,0.061544570180663095,0.060586798936128616,0.09067295402971266,0.07659235662694124
arabica_LUIS EDUARDO MAGALHAES,arabica,LUIS EDUARDO MAGALHAES,20,E2_cross_commodity,return_1d,1_Own_History,0.0021209488357768,0.009760425909494233,0.017053063958883286,0.004334231376300967,0.009644812901384773
arabica_LUIS EDUARDO MAGALHAES,arabica,LUIS EDUARDO MAGALHAES,20,E2_cross_commodity,return_lag1,1_Own_History,0.0007729398362974375,0.0037267080745341614,0.013585349544882774,0.0014545867900810352,0.006028332485238125
arabica_LUIS EDUARDO MAGALHAES,arabica,LUIS EDUARDO MAGALHAES,20,E2_cross_commodity,return_lag2,1_Own_History,0.0006245397752620122,0.004259094942324756,0.020697560161352158,0.005315591696886001,0.00852706495964631
arabica_LUIS EDUARDO MAGALHAES,arabica,LUIS EDUARDO MAGALHAES,20,E2_cross_commodity,return_lag3,1_Own_History,0.0017953478950254128,0.007808340727595386,0.033263735473155975,0.007447625633003159,0.014289141365258926
arabica_LUIS EDUARDO MAGALHAES,arabica,LUIS EDUARDO MAGALHAES,20,E2_cross_commodity,return_lag4,1_Own_History,0.0008544902426063692,0.0072759538598047915,0.015263649635016918,0.005668137923267319,0.007798031245809359
arabica_LUIS EDUARDO MAGALHAES,arabica,LUIS EDUARDO MAGALHAES,20,E2_cross_commodity,return_lag5,1_Own_History,0.0005253057891590729,0.009050576752440106,0.03067697398364544,0.005818819259578832,0.013417618841748205
arabica_LUIS EDUARDO MAGALHAES,arabica,LUIS EDUARDO MAGALHAES,20,E2_cross_commodity,hist_vol_5,1_Own_History,0.02077966323273005,0.0551907719609583,0.05279640853404999,0.10123710520848729,0.04292228124257944
arabica_LUIS EDUARDO MAGALHAES,arabica,LUIS EDUARDO MAGALHAES,20,E2_cross_commodity,hist_vol_10,1_Own_History,0.22254187451103788,0.11357586512866016,0.1417529284954071,0.17745657037157989,0.1592902227117017
arabica_LUIS EDUARDO MAGALHAES,arabica,LUIS EDUARDO MAGALHAES,20,E2_cross_commodity,hist_vol_20,1_Own_History,0.35225421058957057,0.1893522626441881,0.11897779256105423,0.1804419238975805,0.22019475526493762
arabica_LUIS EDUARDO MAGALHAES,arabica,LUIS EDUARDO MAGALHAES,20,E2_cross_commodity,other_variety_return,2_Cross_Commodity,0.001291469696749612,0.01064773735581189,0.03595405071973801,0.0071906631322554955,0.01596441925743317
arabica_LUIS EDUARDO MAGALHAES,arabica,LUIS EDUARDO MAGALHAES,20,E2_cross_commodity,other_variety_vol_5,2_Cross_Commodity,0.04622940649944058,0.10150842945874002,0.06781323999166489,0.06165044670214021,0.0718503586499485
arabica_LUIS EDUARDO MAGALHAES,arabica,LUIS EDUARDO MAGALHAES,20,E2_cross_commodity,soy_return,2_Cross_Commodity,0.0052979604902036416,0.0321206743566992,0.029562676325440407,0.014247464348665506,0.02232710372411441
arabica_LUIS EDUARDO MAGALHAES,arabica,LUIS EDUARDO MAGALHAES,20,E2_cross_commodity,soy_vol_5,2_Cross_Commodity,0.046753769586627726,0.09334516415261757,0.060216743499040604,0.06355508956862026,0.06677189241276196
arabica_LUIS EDUARDO MAGALHAES,arabica,LUIS EDUARDO MAGALHAES,20,E2_cross_commodity,cotton_return,2_Cross_Commodity,0.003590628528346057,0.04720496894409938,0.02602243237197399,0.02547145698114321,0.025606009948139812
arabica_LUIS EDUARDO MAGALHAES,arabica,LUIS EDUARDO MAGALHAES,20,E2_cross_commodity,cotton_vol_5,2_Cross_Commodity,0.05561751269310457,0.08287488908606921,0.05459117516875267,0.042833225179255786,0.06436119231597548
arabica_LUIS EDUARDO MAGALHAES,arabica,LUIS EDUARDO MAGALHAES,20,E2_cross_commodity,cocoa_return,2_Cross_Commodity,0.006368747484879329,0.03833185448092281,0.02171674557030201,0.02477483413258886,0.02213911584536805
arabica_LUIS EDUARDO MAGALHAES,arabica,LUIS EDUARDO MAGALHAES,20,E2_cross_commodity,cocoa_vol_5,2_Cross_Commodity,0.09889207319620641,0.09511978704525288,0.09206598997116089,0.05967812770872543,0.09535928340420673
arabica_LUIS EDUARDO MAGALHAES,arabica,LUIS EDUARDO MAGALHAES,20,E2_cross_commodity,ice_coffee_c_return,2_Cross_Commodity,0.008167778149256863,0.04809228039041703,0.022083895280957222,0.027664752589451128,0.026114651273543704
arabica_LUIS EDUARDO MAGALHAES,arabica,LUIS EDUARDO MAGALHAES,20,E2_cross_commodity,cepea_return,2_Cross_Commodity,0.1255213329677196,0.05075421472937001,0.14590558409690857,0.1837593475003892,0.1073937105979994
arabica_LUIS EDUARDO MAGALHAES,arabica,LUIS EDUARDO MAGALHAES,20,E4_full,return_1d,1_Own_History,0.0001464286692795037,0.008788449466415568,0.005620033014565706,0.0029506081676392974,0.004851637050086926
arabica_LUIS EDUARDO MAGALHAES,arabica,LUIS EDUARDO MAGALHAES,20,E4_full,return_lag1,1_Own_History,0.0,0.0023540489642184556,0.003914385102689266,0.0007142957304529398,0.002089478022302574
arabica_LUIS EDUARDO MAGALHAES,arabica,LUIS EDUARDO MAGALHAES,20,E4_full,return_lag2,1_Own_History,0.0,0.002197112366603892,0.005148645956069231,0.000819164899963516,0.002448586107557708
arabica_LUIS EDUARDO MAGALHAES,arabica,LUIS EDUARDO MAGALHAES,20,E4_full,return_lag3,1_Own_History,7.717817899929825e-05,0.003923414940364093,0.007717188913375139,0.0013752977506066616,0.0039059273442461767
arabica_LUIS EDUARDO MAGALHAES,arabica,LUIS EDUARDO MAGALHAES,20,E4_full,return_lag4,1_Own_History,7.79130903665434e-05,0.003452605147520402,0.0060050287283957005,0.002452126592807958,0.003178515655427549
arabica_LUIS EDUARDO MAGALHAES,arabica,LUIS EDUARDO MAGALHAES,20,E4_full,return_lag5,1_Own_History,0.00013613723322598856,0.0025109855618330196,0.006874263286590576,0.0005261749809379971,0.0031737953605498613
arabica_LUIS EDUARDO MAGALHAES,arabica,LUIS EDUARDO MAGALHAES,20,E4_full,hist_vol_5,1_Own_History,0.012129149245643478,0.03232893910860012,0.03073062188923359,0.018794822083895844,0.025062903414492396
arabica_LUIS EDUARDO MAGALHAES,arabica,LUIS EDUARDO MAGALHAES,20,E4_full,hist_vol_10,1_Own_History,0.01618762558733952,0.05759573132454488,0.05350411310791969,0.05165860811186167,0.04242915667326803
arabica_LUIS EDUARDO MAGALHAES,arabica,LUIS EDUARDO MAGALHAES,20,E4_full,hist_vol_20,1_Own_History,0.07500216521741257,0.11534839924670433,0.07178064435720444,0.08452817261786101,0.08737706960710712
arabica_LUIS EDUARDO MAGALHAES,arabica,LUIS EDUARDO MAGALHAES,20,E4_full,other_variety_return,2_Cross_Commodity,0.0007866303758284308,0.0026679221594475833,0.006219951435923576,0.0011087697204211662,0.0032248346570665303
arabica_LUIS EDUARDO MAGALHAES,arabica,LUIS EDUARDO MAGALHAES,20,E4_full,other_variety_vol_5,2_Cross_Commodity,0.013564500434232575,0.05508474576271186,0.032525938004255295,0.019362037920528725,0.033725061400399915
arabica_LUIS EDUARDO MAGALHAES,arabica,LUIS EDUARDO MAGALHAES,20,E4_full,soy_return,2_Cross_Commodity,0.0005422303698935298,0.014908976773383553,0.007406893186271191,0.007775242776467238,0.007619366776516091
arabica_LUIS EDUARDO MAGALHAES,arabica,LUIS EDUARDO MAGALHAES,20,E4_full,soy_vol_5,2_Cross_Commodity,0.02846163119599499,0.03970495919648462,0.05275772511959076,0.02535412813815829,0.04030810517069012
arabica_LUIS EDUARDO MAGALHAES,arabica,LUIS EDUARDO MAGALHAES,20,E4_full,cotton_return,2_Cross_Commodity,0.0013543028781498317,0.017576898932831136,0.0073836371302604675,0.004327993041148684,0.008771612980413812
arabica_LUIS EDUARDO MAGALHAES,arabica,LUIS EDUARDO MAGALHAES,20,E4_full,cotton_vol_5,2_Cross_Commodity,0.009456778543151636,0.04362837413684871,0.02757611684501171,0.017762686393101253,0.026887089841670684
arabica_LUIS EDUARDO MAGALHAES,arabica,LUIS EDUARDO MAGALHAES,20,E4_full,cocoa_return,2_Cross_Commodity,0.000651938388531075,0.012397991211550533,0.010184050537645817,0.00537578809344513,0.0077446600459091415
arabica_LUIS EDUARDO MAGALHAES,arabica,LUIS EDUARDO MAGALHAES,20,E4_full,cocoa_vol_5,2_Cross_Commodity,0.01859551314841081,0.05037664783427495,0.061879318207502365,0.025273718779996932,0.043617159730062714
arabica_LUIS EDUARDO MAGALHAES,arabica,LUIS EDUARDO MAGALHAES,20,E4_full,ice_coffee_c_return,2_Cross_Commodity,0.0005443302949887986,0.013339610797237916,0.00789246428757906,0.005451593178493204,0.007258801793268592
arabica_LUIS EDUARDO MAGALHAES,arabica,LUIS EDUARDO MAGALHAES,20,E4_full,cepea_return,2_Cross_Commodity,0.0008985237664993519,0.010043942247332079,0.01852712593972683,0.006488735613005816,0.009823197317852753
arabica_LUIS EDUARDO MAGALHAES,arabica,LUIS EDUARDO MAGALHAES,20,E4_full,usd_brl_return,3_Financial_Macro,0.0012639964153649897,0.01647834274952919,0.007858105935156345,0.00495927664036711,0.00853348170001684
arabica_LUIS EDUARDO MAGALHAES,arabica,LUIS EDUARDO MAGALHAES,20,E4_full,usd_brl_vol_5,3_Financial_Macro,0.02022005909212998,0.04598242310106717,0.04074200987815857,0.022317598748378444,0.03564816402378524
arabica_LUIS EDUARDO MAGALHAES,arabica,LUIS EDUARDO MAGALHAES,20,E4_full,selic,3_Financial_Macro,0.4010680919853316,0.12994350282485875,0.21931779384613037,0.2667132111101311,0.25010979621877355
arabica_LUIS EDUARDO MAGALHAES,arabica,LUIS EDUARDO MAGALHAES,20,E4_full,vix,3_Financial_Macro,0.0406112279735686,0.06858129315756434,0.04551681876182556,0.040101633474533264,0.051569779964319495
arabica_LUIS EDUARDO MAGALHAES,arabica,LUIS EDUARDO MAGALHAES,20,E4_full,vix_change,3_Financial_Macro,7.888235757340651e-05,0.010200878844946642,0.007442309055477381,0.002743338387951031,0.00590735675266581
arabica_LUIS EDUARDO MAGALHAES,arabica,LUIS EDUARDO MAGALHAES,20,E4_full,brent_return,3_Financial_Macro,0.0006651870592771964,0.016792215944758316,0.00729222921654582,0.006281063282506012,0.008249877406860444
arabica_LUIS EDUARDO MAGALHAES,arabica,LUIS EDUARDO MAGALHAES,20,E4_full,dollar_index_return,3_Financial_Macro,0.0005010341608665533,0.011142498430634024,0.009587377309799194,0.00509604422773614,0.007076969967099923
arabica_LUIS EDUARDO MAGALHAES,arabica,LUIS EDUARDO MAGALHAES,20,E4_full,sp500_return,3_Financial_Macro,0.0008127106164862156,0.009887005649717515,0.0069044907577335835,0.0027879774800653547,0.005868069007979104
arabica_LUIS EDUARDO MAGALHAES,arabica,LUIS EDUARDO MAGALHAES,20,E4_full,ibovespa_return,3_Financial_Macro,0.000977576310686032,0.01349654739485248,0.005759263411164284,0.005468661985118614,0.006744462372234265
arabica_LUIS EDUARDO MAGALHAES,arabica,LUIS EDUARDO MAGALHAES,20,E4_full,us_treasury_10y,3_Financial_Macro,0.17558430001697004,0.09761456371625864,0.11685674637556076,0.19005125648215368,0.13001853670292982
arabica_LUIS EDUARDO MAGALHAES,arabica,LUIS EDUARDO MAGALHAES,20,E4_full,fed_funds,3_Financial_Macro,0.17960395739379742,0.09165097300690521,0.1090746745467186,0.17137997359026594,0.12677653498247374
arabica_VITORIA DA CONQUISTA,arabica,VITORIA DA CONQUISTA,1,E2_cross_commodity,return_1d,1_Own_History,0.03684505284625925,0.03307785397337636,0.03136014938354492,0.03514372582302517,0.033761018734393515
arabica_VITORIA DA CONQUISTA,arabica,VITORIA DA CONQUISTA,1,E2_cross_commodity,return_lag1,1_Own_History,0.05179988453726989,0.040742234772085516,0.03129500150680542,0.031256888376583795,0.04127904027205361
arabica_VITORIA DA CONQUISTA,arabica,VITORIA DA CONQUISTA,1,E2_cross_commodity,return_lag2,1_Own_History,0.005913367967299048,0.026220250100847116,0.012389151379466057,0.014327744403231975,0.014840923149204073
arabica_VITORIA DA CONQUISTA,arabica,VITORIA DA CONQUISTA,1,E2_cross_commodity,return_lag3,1_Own_History,0.06099285156279697,0.06696248487293263,0.15295369923114777,0.0610884062726061,0.09363634522229246
arabica_VITORIA DA CONQUISTA,arabica,VITORIA DA CONQUISTA,1,E2_cross_commodity,return_lag4,1_Own_History,0.04560652341538135,0.04477611940298507,0.05956551060080528,0.04578045276015057,0.04998271780639057
arabica_VITORIA DA CONQUISTA,arabica,VITORIA DA CONQUISTA,1,E2_cross_commodity,return_lag5,1_Own_History,0.1338018444438006,0.25332795482049214,0.07975266873836517,0.06489907274818797,0.1556274893342193
arabica_VITORIA DA CONQUISTA,arabica,VITORIA DA CONQUISTA,1,E2_cross_commodity,hist_vol_5,1_Own_History,0.0459342471202807,0.04921339249697459,0.06450693309307098,0.03784132387697346,0.05321819090344209
arabica_VITORIA DA CONQUISTA,arabica,VITORIA DA CONQUISTA,1,E2_cross_commodity,hist_vol_10,1_Own_History,0.05472579581119793,0.033884630899556276,0.07502195239067078,0.0841547956729236,0.054544126367141656
arabica_VITORIA DA CONQUISTA,arabica,VITORIA DA CONQUISTA,1,E2_cross_commodity,hist_vol_20,1_Own_History,0.07417007473546414,0.043162565550625254,0.035448070615530014,0.06787629451412654,0.05092690363387314
arabica_VITORIA DA CONQUISTA,arabica,VITORIA DA CONQUISTA,1,E2_cross_commodity,other_variety_return,2_Cross_Commodity,0.003426462574628844,0.010488100040338847,0.019160233438014984,0.009083837974089607,0.011024932017660893
arabica_VITORIA DA CONQUISTA,arabica,VITORIA DA CONQUISTA,1,E2_cross_commodity,other_variety_vol_5,2_Cross_Commodity,0.019138969683563253,0.024203307785397338,0.0623636320233345,0.038015656804525504,0.03523530316409836
arabica_VITORIA DA CONQUISTA,arabica,VITORIA DA CONQUISTA,1,E2_cross_commodity,soy_return,2_Cross_Commodity,0.042603122719614105,0.0536506655909641,0.06469027698040009,0.0804662719958161,0.05364802176365943
arabica_VITORIA DA CONQUISTA,arabica,VITORIA DA CONQUISTA,1,E2_cross_commodity,soy_vol_5,2_Cross_Commodity,0.03261863945943335,0.02864058087938685,0.0479632169008255,0.022922981065393703,0.0364074790798819
arabica_VITORIA DA CONQUISTA,arabica,VITORIA DA CONQUISTA,1,E2_cross_commodity,cotton_return,2_Cross_Commodity,0.049832402668301856,0.058491327148043566,0.050661224871873856,0.08986681941135367,0.05299498489607309
arabica_VITORIA DA CONQUISTA,arabica,VITORIA DA CONQUISTA,1,E2_cross_commodity,cotton_vol_5,2_Cross_Commodity,0.04352464140644978,0.03307785397337636,0.03173976391553879,0.03327343435772397,0.03611408643178831
arabica_VITORIA DA CONQUISTA,arabica,VITORIA DA CONQUISTA,1,E2_cross_commodity,cocoa_return,2_Cross_Commodity,0.017238542013864138,0.035901573215006054,0.06764807552099228,0.03304273955360201,0.04026273024995416
arabica_VITORIA DA CONQUISTA,arabica,VITORIA DA CONQUISTA,1,E2_cross_commodity,cocoa_vol_5,2_Cross_Commodity,0.043128320597661425,0.0609116579265833,0.03472849726676941,0.06407347030886235,0.046256158597004715
arabica_VITORIA DA CONQUISTA,arabica,VITORIA DA CONQUISTA,1,E2_cross_commodity,ice_coffee_c_return,2_Cross_Commodity,0.11966589406883538,0.05647438483259379,0.03338083624839783,0.09801502301717878,0.06984037171660899
arabica_VITORIA DA CONQUISTA,arabica,VITORIA DA CONQUISTA,1,E2_cross_commodity,cepea_return,2_Cross_Commodity,0.11903336236789805,0.04679306171843485,0.04537108540534973,0.08887106106364509,0.07039916983056088
arabica_VITORIA DA CONQUISTA,arabica,VITORIA DA CONQUISTA,1,E4_full,return_1d,1_Own_History,0.03033725379672358,0.014711729622266401,0.018464287742972374,0.014666114659294679,0.021171090387320787
arabica_VITORIA DA CONQUISTA,arabica,VITORIA DA CONQUISTA,1,E4_full,return_lag1,1_Own_History,0.04346073350411274,0.025049701789264415,0.015008457005023956,0.017763764407269584,0.027839630766133702
arabica_VITORIA DA CONQUISTA,arabica,VITORIA DA CONQUISTA,1,E4_full,return_lag2,1_Own_History,0.005487960641134026,0.01073558648111332,0.009161915630102158,0.005766258448022159,0.008461820917449835
arabica_VITORIA DA CONQUISTA,arabica,VITORIA DA CONQUISTA,1,E4_full,return_lag3,1_Own_History,0.05771967267345439,0.039761431411530816,0.12928003072738647,0.04601251720919736,0.07558704493745723
arabica_VITORIA DA CONQUISTA,arabica,VITORIA DA CONQUISTA,1,E4_full,return_lag4,1_Own_History,0.04260906271640605,0.017892644135188866,0.04109961912035942,0.01987237229907154,0.03386710865731812
arabica_VITORIA DA CONQUISTA,arabica,VITORIA DA CONQUISTA,1,E4_full,return_lag5,1_Own_History,0.11752016529930227,0.24135188866799204,0.054817333817481995,0.052101002528320374,0.13789646259492544
arabica_VITORIA DA CONQUISTA,arabica,VITORIA DA CONQUISTA,1,E4_full,hist_vol_5,1_Own_History,0.04105250568197032,0.033797216699801194,0.03678533062338829,0.03348756056568911,0.037211684335053265
arabica_VITORIA DA CONQUISTA,arabica,VITORIA DA CONQUISTA,1,E4_full,hist_vol_10,1_Own_History,0.05126713572758634,0.01709741550695825,0.04981246963143349,0.05847868291554302,0.03939234028865936
arabica_VITORIA DA CONQUISTA,arabica,VITORIA DA CONQUISTA,1,E4_full,hist_vol_20,1_Own_History,0.030275414659474607,0.027037773359840953,0.03079717420041561,0.03975186624977534,0.029370120739910393
arabica_VITORIA DA CONQUISTA,arabica,VITORIA DA CONQUISTA,1,E4_full,other_variety_return,2_Cross_Commodity,0.002275013080215674,0.0075546719681908545,0.01356289442628622,0.006907165202677129,0.007797526491564249
arabica_VITORIA DA CONQUISTA,arabica,VITORIA DA CONQUISTA,1,E4_full,other_variety_vol_5,2_Cross_Commodity,0.020662309582393356,0.011928429423459244,0.049039144068956375,0.02313717089990827,0.027209961024936325
arabica_VITORIA DA CONQUISTA,arabica,VITORIA DA CONQUISTA,1,E4_full,soy_return,2_Cross_Commodity,0.0256719597189082,0.03220675944333996,0.04973488301038742,0.06198657032964793,0.03587120072421186
arabica_VITORIA DA CONQUISTA,arabica,VITORIA DA CONQUISTA,1,E4_full,soy_vol_5,2_Cross_Commodity,0.028550574893160912,0.015109343936381709,0.03077298402786255,0.011545316917929054,0.024810967619135055
arabica_VITORIA DA CONQUISTA,arabica,VITORIA DA CONQUISTA,1,E4_full,cotton_return,2_Cross_Commodity,0.03296537381751836,0.031013916500994037,0.02673916518688202,0.07505096748693506,0.030239485168464805
arabica_VITORIA DA CONQUISTA,arabica,VITORIA DA CONQUISTA,1,E4_full,cotton_vol_5,2_Cross_Commodity,0.009019150086394222,0.005964214711729622,0.013254194520413876,0.0034683315303336484,0.009412519772845906
arabica_VITORIA DA CONQUISTA,arabica,VITORIA DA CONQUISTA,1,E4_full,cocoa_return,2_Cross_Commodity,0.009279002111571198,0.013518886679920477,0.02535339444875717,0.024388241404453483,0.016050427746749616
arabica_VITORIA DA CONQUISTA,arabica,VITORIA DA CONQUISTA,1,E4_full,cocoa_vol_5,2_Cross_Commodity,0.010589250587218588,0.03220675944333996,0.025309639051556587,0.041181471470082075,0.02270188302737171
arabica_VITORIA DA CONQUISTA,arabica,VITORIA DA CONQUISTA,1,E4_full,ice_coffee_c_return,2_Cross_Commodity,0.08696000036073082,0.036978131212723656,0.028467651456594467,0.07681227530611819,0.05080192767668298
arabica_VITORIA DA CONQUISTA,arabica,VITORIA DA CONQUISTA,1,E4_full,cepea_return,2_Cross_Commodity,0.09559952539544193,0.031013916500994037,0.027799904346466064,0.06319101897435238,0.05147111541430068
arabica_VITORIA DA CONQUISTA,arabica,VITORIA DA CONQUISTA,1,E4_full,usd_brl_return,3_Financial_Macro,0.03659443203156775,0.08667992047713717,0.06265848875045776,0.03849144969451222,0.061977613753054224
arabica_VITORIA DA CONQUISTA,arabica,VITORIA DA CONQUISTA,1,E4_full,usd_brl_vol_5,3_Financial_Macro,0.09641379980874255,0.09065606361829026,0.024213118478655815,0.032957580396811965,0.07042766063522954
arabica_VITORIA DA CONQUISTA,arabica,VITORIA DA CONQUISTA,1,E4_full,selic,3_Financial_Macro,0.03772031656039966,0.026242544731610338,0.03889143466949463,0.049684547513911666,0.034284765320501544
arabica_VITORIA DA CONQUISTA,arabica,VITORIA DA CONQUISTA,1,E4_full,vix,3_Financial_Macro,0.008499293007692279,0.01868787276341948,0.02899845503270626,0.023886108173163844,0.01872854026793934
arabica_VITORIA DA CONQUISTA,arabica,VITORIA DA CONQUISTA,1,E4_full,vix_change,3_Financial_Macro,0.013122091608597437,0.013121272365805169,0.02209492214024067,0.016983904716963736,0.016112762038214424
arabica_VITORIA DA CONQUISTA,arabica,VITORIA DA CONQUISTA,1,E4_full,brent_return,3_Financial_Macro,0.007218298548036968,0.015109343936381709,0.012994702905416489,0.018381136702724087,0.011774115129945056
arabica_VITORIA DA CONQUISTA,arabica,VITORIA DA CONQUISTA,1,E4_full,dollar_index_return,3_Financial_Macro,0.005205199663943136,0.013121272365805169,0.029059074819087982,0.01540414831309841,0.01579518228294543
arabica_VITORIA DA CONQUISTA,arabica,VITORIA DA CONQUISTA,1,E4_full,sp500_return,3_Financial_Macro,0.004936506222200156,0.02345924453280318,0.011548385955393314,0.02052064425261462,0.013314712236798884
arabica_VITORIA DA CONQUISTA,arabica,VITORIA DA CONQUISTA,1,E4_full,ibovespa_return,3_Financial_Macro,0.006335678260561461,0.020278330019880716,0.028667384758591652,0.025492002336054146,0.018427131013011275
arabica_VITORIA DA CONQUISTA,arabica,VITORIA DA CONQUISTA,1,E4_full,us_treasury_10y,3_Financial_Macro,0.027801862627181633,0.019880715705765408,0.03672168403863907,0.01733694057094636,0.028134754123862033
arabica_VITORIA DA CONQUISTA,arabica,VITORIA DA CONQUISTA,1,E4_full,fed_funds,3_Financial_Macro,0.01485045732735933,0.027833001988071572,0.028891922906041145,0.06529286852457833,0.023858460740490684
arabica_VITORIA DA CONQUISTA,arabica,VITORIA DA CONQUISTA,5,E2_cross_commodity,return_1d,1_Own_History,0.02047960658482696,0.025468524747717443,0.0212672371417284,0.013742579831043393,0.0224051228247576
arabica_VITORIA DA CONQUISTA,arabica,VITORIA DA CONQUISTA,5,E2_cross_commodity,return_lag1,1_Own_History,0.02913055749927214,0.024987986544930323,0.023471210151910782,0.012376822890526553,0.025863251398704417
arabica_VITORIA DA CONQUISTA,arabica,VITORIA DA CONQUISTA,5,E2_cross_commodity,return_lag2,1_Own_History,0.008123731774844444,0.014416146083613647,0.058826200664043427,0.013992536982966824,0.027122026174167174
arabica_VITORIA DA CONQUISTA,arabica,VITORIA DA CONQUISTA,5,E2_cross_commodity,return_lag3,1_Own_History,0.0029909391964305985,0.023306102835175396,0.0391259491443634,0.01871163369001108,0.02180766372532313
arabica_VITORIA DA CONQUISTA,arabica,VITORIA DA CONQUISTA,5,E2_cross_commodity,return_lag4,1_Own_History,0.008704827131583086,0.02787121576165305,0.045752592384815216,0.01810536076963596,0.027442878426017118
arabica_VITORIA DA CONQUISTA,arabica,VITORIA DA CONQUISTA,5,E2_cross_commodity,return_lag5,1_Own_History,0.021258246875880946,0.08145122537241711,0.055345114320516586,0.017621187796735677,0.052684862189604886
arabica_VITORIA DA CONQUISTA,arabica,VITORIA DA CONQUISTA,5,E2_cross_commodity,hist_vol_5,1_Own_History,0.13905708645629328,0.07688611244593946,0.10990742594003677,0.16739188249995438,0.10861687494742317
arabica_VITORIA DA CONQUISTA,arabica,VITORIA DA CONQUISTA,5,E2_cross_commodity,hist_vol_10,1_Own_History,0.11100970681598588,0.07087938491110043,0.08087532222270966,0.14498568062985975,0.08758813798326533
arabica_VITORIA DA CONQUISTA,arabica,VITORIA DA CONQUISTA,5,E2_cross_commodity,hist_vol_20,1_Own_History,0.2382152225224993,0.10619894281595386,0.058291614055633545,0.1252476918704292,0.1342352597980289
arabica_VITORIA DA CONQUISTA,arabica,VITORIA DA CONQUISTA,5,E2_cross_commodity,other_variety_return,2_Cross_Commodity,0.0004233662516321932,0.002402691013935608,0.011291107162833214,0.0010610949923140704,0.004705721476133671
arabica_VITORIA DA CONQUISTA,arabica,VITORIA DA CONQUISTA,5,E2_cross_commodity,other_variety_vol_5,2_Cross_Commodity,0.031298826978328566,0.08169149447381067,0.05146993324160576,0.08734743551058835,0.054820084897915004
arabica_VITORIA DA CONQUISTA,arabica,VITORIA DA CONQUISTA,5,E2_cross_commodity,soy_return,2_Cross_Commodity,0.021524235624623418,0.05309947140797693,0.03505733609199524,0.030038445125699587,0.03656034770819853
arabica_VITORIA DA CONQUISTA,arabica,VITORIA DA CONQUISTA,5,E2_cross_commodity,soy_vol_5,2_Cross_Commodity,0.0381882732926545,0.06415185007208073,0.04309731349349022,0.03893243741859588,0.04847914561940848
arabica_VITORIA DA CONQUISTA,arabica,VITORIA DA CONQUISTA,5,E2_cross_commodity,cotton_return,2_Cross_Commodity,0.027911133353590148,0.05045651129264776,0.03428156301379204,0.028225258982368856,0.03754973588667665
arabica_VITORIA DA CONQUISTA,arabica,VITORIA DA CONQUISTA,5,E2_cross_commodity,cotton_vol_5,2_Cross_Commodity,0.10426283560528844,0.08241230177799135,0.13564921915531158,0.06839746613482146,0.10744145217953045
arabica_VITORIA DA CONQUISTA,arabica,VITORIA DA CONQUISTA,5,E2_cross_commodity,cocoa_return,2_Cross_Commodity,0.01829845925897293,0.037722248918789045,0.032680705189704895,0.023005002809873012,0.029567137789155623
arabica_VITORIA DA CONQUISTA,arabica,VITORIA DA CONQUISTA,5,E2_cross_commodity,cocoa_vol_5,2_Cross_Commodity,0.025362593672231874,0.07928880345987506,0.045184407383203506,0.077478903370042,0.04994526817177014
arabica_VITORIA DA CONQUISTA,arabica,VITORIA DA CONQUISTA,5,E2_cross_commodity,ice_coffee_c_return,2_Cross_Commodity,0.06320184416376341,0.0655934646804421,0.032208867371082306,0.06905388180475439,0.053668058738429274
arabica_VITORIA DA CONQUISTA,arabica,VITORIA DA CONQUISTA,5,E2_cross_commodity,cepea_return,2_Cross_Commodity,0.09055850694129786,0.03171552138395002,0.08621686697006226,0.04428469688977949,0.06949696509843671
arabica_VITORIA DA CONQUISTA,arabica,VITORIA DA CONQUISTA,5,E4_full,return_1d,1_Own_History,0.007532245443313291,0.007673755755316817,0.014833210967481136,0.004863579172681367,0.010013070722037082
arabica_VITORIA DA CONQUISTA,arabica,VITORIA DA CONQUISTA,5,E4_full,return_lag1,1_Own_History,0.020186995237698183,0.015786011839508878,0.014405425637960434,0.006605331337598651,0.01679281090505583
arabica_VITORIA DA CONQUISTA,arabica,VITORIA DA CONQUISTA,5,E4_full,return_lag2,1_Own_History,0.0044354884443765594,0.011620258715194036,0.015047510154545307,0.008184400259303302,0.010367752438038634
arabica_VITORIA DA CONQUISTA,arabica,VITORIA DA CONQUISTA,5,E4_full,return_lag3,1_Own_History,0.0029865788616201872,0.011401008550756413,0.01735598035156727,0.011832445970950123,0.010581189254647955
arabica_VITORIA DA CONQUISTA,arabica,VITORIA DA CONQUISTA,5,E4_full,return_lag4,1_Own_History,0.004994877631192959,0.014689761017320764,0.019704895094037056,0.006243761057146614,0.013129844580850258
arabica_VITORIA DA CONQUISTA,arabica,VITORIA DA CONQUISTA,5,E4_full,return_lag5,1_Own_History,0.012314515583772317,0.026748520061390047,0.018723104149103165,0.007344857546884529,0.01926204659808851
arabica_VITORIA DA CONQUISTA,arabica,VITORIA DA CONQUISTA,5,E4_full,hist_vol_5,1_Own_History,0.09041798296699471,0.05064678798509099,0.05094942823052406,0.07354675875641323,0.06400473306086991
arabica_VITORIA DA CONQUISTA,arabica,VITORIA DA CONQUISTA,5,E4_full,hist_vol_10,1_Own_History,0.11888982319987239,0.053058539793904846,0.06496627628803253,0.08973559386766926,0.07897154642726993
arabica_VITORIA DA CONQUISTA,arabica,VITORIA DA CONQUISTA,5,E4_full,hist_vol_20,1_Own_History,0.15584736262825238,0.06467879850909888,0.056719906628131866,0.07352845459159638,0.0924153559218277
arabica_VITORIA DA CONQUISTA,arabica,VITORIA DA CONQUISTA,5,E4_full,other_variety_return,2_Cross_Commodity,0.00036712577542774984,0.0024117518088138568,0.005272442940622568,0.0009133236790103458,0.002683773508288058
arabica_VITORIA DA CONQUISTA,arabica,VITORIA DA CONQUISTA,5,E4_full,other_variety_vol_5,2_Cross_Commodity,0.013988142149112093,0.03508002631001973,0.03036622516810894,0.0291033119015677,0.026478131209080255
arabica_VITORIA DA CONQUISTA,arabica,VITORIA DA CONQUISTA,5,E4_full,soy_return,2_Cross_Commodity,0.005377783566025003,0.022144266608199955,0.012536258436739445,0.013846132084264752,0.013352769536988135
arabica_VITORIA DA CONQUISTA,arabica,VITORIA DA CONQUISTA,5,E4_full,soy_vol_5,2_Cross_Commodity,0.022391737593058406,0.03814952861214646,0.019012045115232468,0.024217906777661644,0.026517770440145777
arabica_VITORIA DA CONQUISTA,arabica,VITORIA DA CONQUISTA,5,E4_full,cotton_return,2_Cross_Commodity,0.008756626169498039,0.023459767594825695,0.029042767360806465,0.014483211904957834,0.020419720375043398
arabica_VITORIA DA CONQUISTA,arabica,VITORIA DA CONQUISTA,5,E4_full,cotton_vol_5,2_Cross_Commodity,0.0727366904758458,0.04955053716290287,0.14492544531822205,0.029602558426140405,0.0890708909856569
arabica_VITORIA DA CONQUISTA,arabica,VITORIA DA CONQUISTA,5,E4_full,cocoa_return,2_Cross_Commodity,0.003418214299401633,0.01512826134619601,0.016844958066940308,0.006158035935451149,0.011797144570845984
arabica_VITORIA DA CONQUISTA,arabica,VITORIA DA CONQUISTA,5,E4_full,cocoa_vol_5,2_Cross_Commodity,0.01776537497894618,0.04341153255864942,0.040225010365247726,0.03882333078430956,0.03380063930094778
arabica_VITORIA DA CONQUISTA,arabica,VITORIA DA CONQUISTA,5,E4_full,ice_coffee_c_return,2_Cross_Commodity,0.028892857384668288,0.031133523350142512,0.02331191673874855,0.04625461868428999,0.02777943249118645
arabica_VITORIA DA CONQUISTA,arabica,VITORIA DA CONQUISTA,5,E4_full,cepea_return,2_Cross_Commodity,0.02652327620673034,0.016224512168384126,0.051141589879989624,0.023329769825777457,0.031296459418368026
arabica_VITORIA DA CONQUISTA,arabica,VITORIA DA CONQUISTA,5,E4_full,usd_brl_return,3_Financial_Macro,0.01109187408358611,0.028283271212453408,0.02096189744770527,0.021074189181339607,0.020112347581248264
arabica_VITORIA DA CONQUISTA,arabica,VITORIA DA CONQUISTA,5,E4_full,usd_brl_vol_5,3_Financial_Macro,0.10461331494532602,0.07257180442885332,0.0679917261004448,0.055285166269388286,0.08172561515820805
arabica_VITORIA DA CONQUISTA,arabica,VITORIA DA CONQUISTA,5,E4_full,selic,3_Financial_Macro,0.10482699202295045,0.08068406051304539,0.09223227202892303,0.12924380045573408,0.0925811081883063
arabica_VITORIA DA CONQUISTA,arabica,VITORIA DA CONQUISTA,5,E4_full,vix,3_Financial_Macro,0.030800871702005038,0.06467879850909888,0.03818823769688606,0.046060636765672264,0.04455596930266333
arabica_VITORIA DA CONQUISTA,arabica,VITORIA DA CONQUISTA,5,E4_full,vix_change,3_Financial_Macro,0.0031505134919237944,0.023459767594825695,0.012302115559577942,0.014233694742934863,0.012970798882109143
arabica_VITORIA DA CONQUISTA,arabica,VITORIA DA CONQUISTA,5,E4_full,brent_return,3_Financial_Macro,0.0017963858992348868,0.016224512168384126,0.010360629297792912,0.005544011134655594,0.009460509121803974
arabica_VITORIA DA CONQUISTA,arabica,VITORIA DA CONQUISTA,5,E4_full,dollar_index_return,3_Financial_Macro,0.006566825166561204,0.01644376233282175,0.01813780702650547,0.02051451674525318,0.013716131508629473
arabica_VITORIA DA CONQUISTA,arabica,VITORIA DA CONQUISTA,5,E4_full,sp500_return,3_Financial_Macro,0.003260984467326585,0.02039026529269897,0.013298538513481617,0.013305026330939962,0.012316596091169058
arabica_VITORIA DA CONQUISTA,arabica,VITORIA DA CONQUISTA,5,E4_full,ibovespa_return,3_Financial_Macro,0.002753177946543424,0.01447051085288314,0.008461466990411282,0.00879974146730087,0.008561718596612615
arabica_VITORIA DA CONQUISTA,arabica,VITORIA DA CONQUISTA,5,E4_full,us_treasury_10y,3_Financial_Macro,0.06510091473112695,0.06467879850909888,0.04017908498644829,0.06389629623850775,0.05665293274222471
arabica_VITORIA DA CONQUISTA,arabica,VITORIA DA CONQUISTA,5,E4_full,fed_funds,3_Financial_Macro,0.04821444694760908,0.06511729883797412,0.03250182792544365,0.11342553810459917,0.048611191237008945
arabica_VITORIA DA CONQUISTA,arabica,VITORIA DA CONQUISTA,20,E2_cross_commodity,return_1d,1_Own_History,0.007276827330421415,0.01813518959516395,0.021295759826898575,0.015525230598720536,0.015569258917494647
arabica_VITORIA DA CONQUISTA,arabica,VITORIA DA CONQUISTA,20,E2_cross_commodity,return_lag1,1_Own_History,0.008041943793468587,0.017036087195457045,0.018839776515960693,0.015292752446626545,0.014639269168295442
arabica_VITORIA DA CONQUISTA,arabica,VITORIA DA CONQUISTA,20,E2_cross_commodity,return_lag2,1_Own_History,0.002928979865098033,0.013189228796482872,0.02614554576575756,0.00982315693988583,0.014087918142446155
arabica_VITORIA DA CONQUISTA,arabica,VITORIA DA CONQUISTA,20,E2_cross_commodity,return_lag3,1_Own_History,0.0056430188105249315,0.010624656530500091,0.022549554705619812,0.01481550603845805,0.012939076682214945
arabica_VITORIA DA CONQUISTA,arabica,VITORIA DA CONQUISTA,20,E2_cross_commodity,return_lag4,1_Own_History,0.007134937919241795,0.013921963729620809,0.023490944877266884,0.011653042777340706,0.014849282175376496
arabica_VITORIA DA CONQUISTA,arabica,VITORIA DA CONQUISTA,20,E2_cross_commodity,return_lag5,1_Own_History,0.011978272795032545,0.022897966660560543,0.04478489235043526,0.018691232301512352,0.02655371060200945
arabica_VITORIA DA CONQUISTA,arabica,VITORIA DA CONQUISTA,20,E2_cross_commodity,hist_vol_5,1_Own_History,0.04950137707749454,0.06466385784942297,0.055987026542425156,0.07009567162004146,0.05671742048978088
arabica_VITORIA DA CONQUISTA,arabica,VITORIA DA CONQUISTA,20,E2_cross_commodity,hist_vol_10,1_Own_History,0.11726736557136846,0.08334859864444037,0.09122177958488464,0.12235244908045323,0.0972792479335645
arabica_VITORIA DA CONQUISTA,arabica,VITORIA DA CONQUISTA,20,E2_cross_commodity,hist_vol_20,1_Own_History,0.28346886396970156,0.16175123649019968,0.1397216022014618,0.19591111255536967,0.19498056755378768
arabica_VITORIA DA CONQUISTA,arabica,VITORIA DA CONQUISTA,20,E2_cross_commodity,other_variety_return,2_Cross_Commodity,0.0011530312975560595,0.008609635464370763,0.042507875710725784,0.010606418809853883,0.01742351415755087
arabica_VITORIA DA CONQUISTA,arabica,VITORIA DA CONQUISTA,20,E2_cross_commodity,other_variety_vol_5,2_Cross_Commodity,0.0660436572886725,0.08847774317640593,0.10600245743989944,0.101743162878061,0.08684128596832597
arabica_VITORIA DA CONQUISTA,arabica,VITORIA DA CONQUISTA,20,E2_cross_commodity,soy_return,2_Cross_Commodity,0.01348448717263709,0.03700311412346584,0.024222275242209435,0.026457925792806588,0.024903292179437455
arabica_VITORIA DA CONQUISTA,arabica,VITORIA DA CONQUISTA,20,E2_cross_commodity,soy_vol_5,2_Cross_Commodity,0.0705519062887779,0.0818831287781645,0.07139457762241364,0.05097654219699691,0.074609870896452
arabica_VITORIA DA CONQUISTA,arabica,VITORIA DA CONQUISTA,20,E2_cross_commodity,cotton_return,2_Cross_Commodity,0.010799990307411482,0.050375526653233194,0.04108363762497902,0.03809789779872731,0.03408638486187456
arabica_VITORIA DA CONQUISTA,arabica,VITORIA DA CONQUISTA,20,E2_cross_commodity,cotton_vol_5,2_Cross_Commodity,0.06880520624088338,0.07913537277889723,0.04627059027552605,0.0653804229858049,0.06473705643176889
arabica_VITORIA DA CONQUISTA,arabica,VITORIA DA CONQUISTA,20,E2_cross_commodity,cocoa_return,2_Cross_Commodity,0.022401190284119882,0.0397508701227331,0.02284279093146324,0.022466286486882443,0.028331617112772073
arabica_VITORIA DA CONQUISTA,arabica,VITORIA DA CONQUISTA,20,E2_cross_commodity,cocoa_vol_5,2_Cross_Commodity,0.11379348252100391,0.11485620076937168,0.04876744747161865,0.10996669367434994,0.09247237692066475
arabica_VITORIA DA CONQUISTA,arabica,VITORIA DA CONQUISTA,20,E2_cross_commodity,ice_coffee_c_return,2_Cross_Commodity,0.034216803570416086,0.048726873053672834,0.034080784767866135,0.0397270583682195,0.03900815379731835
arabica_VITORIA DA CONQUISTA,arabica,VITORIA DA CONQUISTA,20,E2_cross_commodity,cepea_return,2_Cross_Commodity,0.10550865789616988,0.0456127495878366,0.11879069358110428,0.060417436649889154,0.08997070035503692
arabica_VITORIA DA CONQUISTA,arabica,VITORIA DA CONQUISTA,20,E4_full,return_1d,1_Own_History,0.0007929355791201333,0.014556533513879486,0.0069711655378341675,0.0058471311747412815,0.007440211543611262
arabica_VITORIA DA CONQUISTA,arabica,VITORIA DA CONQUISTA,20,E4_full,return_lag1,1_Own_History,0.00035683450423547926,0.016079891672308735,0.009966808371245861,0.0047575922349719964,0.008801178182596693
arabica_VITORIA DA CONQUISTA,arabica,VITORIA DA CONQUISTA,20,E4_full,return_lag2,1_Own_History,0.0,0.005585646580907245,0.008051603101193905,0.00220692299224371,0.004545749894033717
arabica_VITORIA DA CONQUISTA,arabica,VITORIA DA CONQUISTA,20,E4_full,return_lag3,1_Own_History,7.943238066623865e-05,0.004739336492890996,0.012611283920705318,0.0044104255879244035,0.005810017598087518
arabica_VITORIA DA CONQUISTA,arabica,VITORIA DA CONQUISTA,20,E4_full,return_lag4,1_Own_History,0.00039484717944622495,0.004908598510494245,0.005251776427030563,0.0015245060032492042,0.003518407372323678
arabica_VITORIA DA CONQUISTA,arabica,VITORIA DA CONQUISTA,20,E4_full,return_lag5,1_Own_History,0.0006161714974764973,0.007955314827352742,0.012242690660059452,0.003189803967211469,0.006938058994962897
arabica_VITORIA DA CONQUISTA,arabica,VITORIA DA CONQUISTA,20,E4_full,hist_vol_5,1_Own_History,0.026375924330725567,0.02962085308056872,0.026281844824552536,0.02039179622487652,0.02742620741194894
arabica_VITORIA DA CONQUISTA,arabica,VITORIA DA CONQUISTA,20,E4_full,hist_vol_10,1_Own_History,0.0900942643425968,0.05822613405551794,0.10560049116611481,0.03463293417307311,0.08464029652140985
arabica_VITORIA DA CONQUISTA,arabica,VITORIA DA CONQUISTA,20,E4_full,hist_vol_20,1_Own_History,0.15617041721242636,0.0988490182802979,0.1039188876748085,0.10132904717591663,0.11964610772251093
arabica_VITORIA DA CONQUISTA,arabica,VITORIA DA CONQUISTA,20,E4_full,other_variety_return,2_Cross_Commodity,7.726940708564179e-05,0.002200406228842248,0.005614898633211851,0.0007550916226619697,0.002630858089713247
arabica_VITORIA DA CONQUISTA,arabica,VITORIA DA CONQUISTA,20,E4_full,other_variety_vol_5,2_Cross_Commodity,0.0038414851987094807,0.026066350710900472,0.01972290314733982,0.008641453261192616,0.016543579685649925
arabica_VITORIA DA CONQUISTA,arabica,VITORIA DA CONQUISTA,20,E4_full,soy_return,2_Cross_Commodity,0.001278384479936237,0.015741367637102235,0.008410993032157421,0.0074336366938675905,0.008476915049731965
arabica_VITORIA DA CONQUISTA,arabica,VITORIA DA CONQUISTA,20,E4_full,soy_vol_5,2_Cross_Commodity,0.024204601437383403,0.045192958700067704,0.025413062423467636,0.018333271647385987,0.03160354085363958
arabica_VITORIA DA CONQUISTA,arabica,VITORIA DA CONQUISTA,20,E4_full,cotton_return,2_Cross_Commodity,0.0013101358047227696,0.015741367637102235,0.01386959571391344,0.008769192845704746,0.010307033051912814
arabica_VITORIA DA CONQUISTA,arabica,VITORIA DA CONQUISTA,20,E4_full,cotton_vol_5,2_Cross_Commodity,0.04490954466339722,0.04705484089370345,0.043087996542453766,0.024203533861153887,0.045017460699851485
arabica_VITORIA DA CONQUISTA,arabica,VITORIA DA CONQUISTA,20,E4_full,cocoa_return,2_Cross_Commodity,0.0008151374328096721,0.01049424509140149,0.00680913683027029,0.002347747897869126,0.006039506451493817
arabica_VITORIA DA CONQUISTA,arabica,VITORIA DA CONQUISTA,20,E4_full,cocoa_vol_5,2_Cross_Commodity,0.028305613343468084,0.041638456330399455,0.01570921391248703,0.016632991989256777,0.02855109452878486
arabica_VITORIA DA CONQUISTA,arabica,VITORIA DA CONQUISTA,20,E4_full,ice_coffee_c_return,2_Cross_Commodity,0.0010588573648656972,0.01828029790115098,0.01455896720290184,0.014700632309116324,0.011299374156306172
arabica_VITORIA DA CONQUISTA,arabica,VITORIA DA CONQUISTA,20,E4_full,cepea_return,2_Cross_Commodity,0.0010687377426016002,0.013879485443466486,0.02421911060810089,0.015282499135304366,0.01305577793138966
arabica_VITORIA DA CONQUISTA,arabica,VITORIA DA CONQUISTA,20,E4_full,usd_brl_return,3_Financial_Macro,0.001243786142769053,0.02064996614759648,0.0072471508756279945,0.009219813305392646,0.009713634388664509
arabica_VITORIA DA CONQUISTA,arabica,VITORIA DA CONQUISTA,20,E4_full,usd_brl_vol_5,3_Financial_Macro,0.01770432565466603,0.046547054840893706,0.03749573603272438,0.02678708517618116,0.03391570550942804
arabica_VITORIA DA CONQUISTA,arabica,VITORIA DA CONQUISTA,20,E4_full,selic,3_Financial_Macro,0.2858852002656196,0.1254231550440081,0.15389372408390045,0.23570128396270443,0.18840069313117605
arabica_VITORIA DA CONQUISTA,arabica,VITORIA DA CONQUISTA,20,E4_full,vix,3_Financial_Macro,0.08229152576696612,0.08649289099526067,0.08366349339485168,0.08710367710916336,0.08414930338569282
arabica_VITORIA DA CONQUISTA,arabica,VITORIA DA CONQUISTA,20,E4_full,vix_change,3_Financial_Macro,0.0011315581247940466,0.01117129316181449,0.009364433586597443,0.0022292499925678196,0.007222428291068659
arabica_VITORIA DA CONQUISTA,arabica,VITORIA DA CONQUISTA,20,E4_full,brent_return,3_Financial_Macro,0.0003880619143901557,0.013710223425863236,0.005334804300218821,0.008092405694707839,0.00647769654682407
arabica_VITORIA DA CONQUISTA,arabica,VITORIA DA CONQUISTA,20,E4_full,dollar_index_return,3_Financial_Macro,0.002169527634385412,0.011679079214624239,0.006045889109373093,0.002912348651094513,0.006631498652794248
arabica_VITORIA DA CONQUISTA,arabica,VITORIA DA CONQUISTA,20,E4_full,sp500_return,3_Financial_Macro,0.0016207000206126588,0.013202437373053487,0.01966363750398159,0.006459423178920501,0.011495591632549243
arabica_VITORIA DA CONQUISTA,arabica,VITORIA DA CONQUISTA,20,E4_full,ibovespa_return,3_Financial_Macro,0.0006082480834037775,0.016756939742721733,0.009838045574724674,0.00943893402975204,0.009067744466950063
arabica_VITORIA DA CONQUISTA,arabica,VITORIA DA CONQUISTA,20,E4_full,us_treasury_10y,3_Financial_Macro,0.08420480734059951,0.09021665538253217,0.0933963805437088,0.07395404343914308,0.08927261442228017
arabica_VITORIA DA CONQUISTA,arabica,VITORIA DA CONQUISTA,20,E4_full,fed_funds,3_Financial_Macro,0.14100166515012053,0.08733920108327692,0.10574427247047424,0.2427115246626508,0.11136171290129056
conilon_EUNAPOLIS,conilon,EUNAPOLIS,1,E2_cross_commodity,return_1d,1_Own_History,0.06698372059982982,0.0468050468050468,0.03531857579946518,0.04179813702942539,0.0497024477347806
conilon_EUNAPOLIS,conilon,EUNAPOLIS,1,E2_cross_commodity,return_lag1,1_Own_History,0.056170503278548924,0.03256003256003256,0.023130984976887703,0.02109220713734891,0.0372871736051564
conilon_EUNAPOLIS,conilon,EUNAPOLIS,1,E2_cross_commodity,return_lag2,1_Own_History,0.003328370900902957,0.019536019536019536,0.019887475296854973,0.012394813278405284,0.014250621911259156
conilon_EUNAPOLIS,conilon,EUNAPOLIS,1,E2_cross_commodity,return_lag3,1_Own_History,0.0035353987336116076,0.02197802197802198,0.035146087408065796,0.016189945749410118,0.020219836039899793
conilon_EUNAPOLIS,conilon,EUNAPOLIS,1,E2_cross_commodity,return_lag4,1_Own_History,0.1755660760651985,0.1514041514041514,0.08590710908174515,0.09072952136104515,0.137625778850365
conilon_EUNAPOLIS,conilon,EUNAPOLIS,1,E2_cross_commodity,return_lag5,1_Own_History,0.007586777158404604,0.01628001628001628,0.02817421220242977,0.0075152534839839635,0.01734700188028355
conilon_EUNAPOLIS,conilon,EUNAPOLIS,1,E2_cross_commodity,hist_vol_5,1_Own_History,0.07901567868408148,0.10175010175010175,0.08260560780763626,0.1316496239105928,0.08779046274727316
conilon_EUNAPOLIS,conilon,EUNAPOLIS,1,E2_cross_commodity,hist_vol_10,1_Own_History,0.024168746648855443,0.12128612128612129,0.028547784313559532,0.04376648256257319,0.05800088408284542
conilon_EUNAPOLIS,conilon,EUNAPOLIS,1,E2_cross_commodity,hist_vol_20,1_Own_History,0.0570753237897823,0.07163207163207164,0.03125358000397682,0.08311219157785275,0.05332032514194359
conilon_EUNAPOLIS,conilon,EUNAPOLIS,1,E2_cross_commodity,other_variety_return,2_Cross_Commodity,0.004636192259703087,0.030118030118030117,0.15841054916381836,0.032850222478630224,0.06438825718051719
conilon_EUNAPOLIS,conilon,EUNAPOLIS,1,E2_cross_commodity,other_variety_vol_5,2_Cross_Commodity,0.04967797836610584,0.04314204314204314,0.053281933069229126,0.0658709502557469,0.0487006515257927
conilon_EUNAPOLIS,conilon,EUNAPOLIS,1,E2_cross_commodity,soy_return,2_Cross_Commodity,0.05367508854974583,0.04192104192104192,0.053602881729602814,0.04494587245554159,0.04973300406679685
conilon_EUNAPOLIS,conilon,EUNAPOLIS,1,E2_cross_commodity,soy_vol_5,2_Cross_Commodity,0.03783406041629458,0.0468050468050468,0.02715710550546646,0.04409705739403369,0.03726540424226928
conilon_EUNAPOLIS,conilon,EUNAPOLIS,1,E2_cross_commodity,cotton_return,2_Cross_Commodity,0.021204122386841277,0.03093203093203093,0.01680341735482216,0.028405156704702172,0.022979856891231457
conilon_EUNAPOLIS,conilon,EUNAPOLIS,1,E2_cross_commodity,cotton_vol_5,2_Cross_Commodity,0.021481280829314747,0.04924704924704925,0.051940031349658966,0.05216981037888799,0.04088945380867432
conilon_EUNAPOLIS,conilon,EUNAPOLIS,1,E2_cross_commodity,cocoa_return,2_Cross_Commodity,0.023917093432185635,0.050061050061050064,0.027665777131915092,0.0614748150448084,0.03388130687505026
conilon_EUNAPOLIS,conilon,EUNAPOLIS,1,E2_cross_commodity,cocoa_vol_5,2_Cross_Commodity,0.058190385662134816,0.050061050061050064,0.10979203879833221,0.04890796450911291,0.07268115817383904
conilon_EUNAPOLIS,conilon,EUNAPOLIS,1,E2_cross_commodity,ice_coffee_c_return,2_Cross_Commodity,0.029229435271531233,0.02971102971102971,0.06766469031572342,0.05845980493922512,0.04220171843276146
conilon_EUNAPOLIS,conilon,EUNAPOLIS,1,E2_cross_commodity,cepea_return,2_Cross_Commodity,0.22672376696692725,0.04477004477004477,0.06371009349822998,0.11457016974867353,0.11173463507840066
conilon_EUNAPOLIS,conilon,EUNAPOLIS,1,E4_full,return_1d,1_Own_History,0.04370266907161815,0.026961770623742453,0.01588316820561886,0.0306557926308851,0.02884920263365982
conilon_EUNAPOLIS,conilon,EUNAPOLIS,1,E4_full,return_lag1,1_Own_History,0.05025583912489991,0.02414486921529175,0.015900377184152603,0.015919853217668187,0.030100361841448087
conilon_EUNAPOLIS,conilon,EUNAPOLIS,1,E4_full,return_lag2,1_Own_History,0.002234294970925078,0.010462776659959759,0.0091019868850708,0.006470164136071903,0.007266352838651878
conilon_EUNAPOLIS,conilon,EUNAPOLIS,1,E4_full,return_lag3,1_Own_History,0.0017615038399745907,0.018108651911468814,0.012667611241340637,0.011211904953792819,0.010845922330928015
conilon_EUNAPOLIS,conilon,EUNAPOLIS,1,E4_full,return_lag4,1_Own_History,0.1477787967181176,0.1392354124748491,0.047872237861156464,0.060788369744521176,0.11162881568470773
conilon_EUNAPOLIS,conilon,EUNAPOLIS,1,E4_full,return_lag5,1_Own_History,0.005433930945096036,0.008450704225352112,0.019477728754281998,0.004512540835769483,0.011120787974910049
conilon_EUNAPOLIS,conilon,EUNAPOLIS,1,E4_full,hist_vol_5,1_Own_History,0.06562633224636148,0.07847082494969819,0.05288020893931389,0.1046668329932261,0.06565912204512452
conilon_EUNAPOLIS,conilon,EUNAPOLIS,1,E4_full,hist_vol_10,1_Own_History,0.013817509976505642,0.1199195171026157,0.03454406186938286,0.02863876097266943,0.05609369631616806
conilon_EUNAPOLIS,conilon,EUNAPOLIS,1,E4_full,hist_vol_20,1_Own_History,0.042125073325775295,0.05030181086519115,0.019706331193447113,0.052804711896946264,0.03737773846147119
conilon_EUNAPOLIS,conilon,EUNAPOLIS,1,E4_full,other_variety_return,2_Cross_Commodity,0.001063271623277985,0.015694164989939637,0.13811111450195312,0.01970758407676875,0.05162285037172359
conilon_EUNAPOLIS,conilon,EUNAPOLIS,1,E4_full,other_variety_vol_5,2_Cross_Commodity,0.02861404206048011,0.03742454728370221,0.025338420644402504,0.04550296220493662,0.030459003329528275
conilon_EUNAPOLIS,conilon,EUNAPOLIS,1,E4_full,soy_return,2_Cross_Commodity,0.039680727706518065,0.02374245472837022,0.032343458384275436,0.027251781711603237,0.03192221360638791
conilon_EUNAPOLIS,conilon,EUNAPOLIS,1,E4_full,soy_vol_5,2_Cross_Commodity,0.011537355975559455,0.02012072434607646,0.02386646158993244,0.019747274362621837,0.018508180637189453
conilon_EUNAPOLIS,conilon,EUNAPOLIS,1,E4_full,cotton_return,2_Cross_Commodity,0.011730668609378245,0.018913480885311872,0.016432948410511017,0.01942145208449769,0.015692365968400377
conilon_EUNAPOLIS,conilon,EUNAPOLIS,1,E4_full,cotton_vol_5,2_Cross_Commodity,0.03417892262378735,0.022132796780684104,0.028064677491784096,0.033869863101305034,0.02812546563208518
conilon_EUNAPOLIS,conilon,EUNAPOLIS,1,E4_full,cocoa_return,2_Cross_Commodity,0.01546655556652849,0.020925553319919517,0.03858861327171326,0.031086067753071475,0.02499357405272042
conilon_EUNAPOLIS,conilon,EUNAPOLIS,1,E4_full,cocoa_vol_5,2_Cross_Commodity,0.04555092109970496,0.02535211267605634,0.06704387813806534,0.026941911379246692,0.04598230397127554
conilon_EUNAPOLIS,conilon,EUNAPOLIS,1,E4_full,ice_coffee_c_return,2_Cross_Commodity,0.015295293866761312,0.017706237424547282,0.035330623388290405,0.04097494253897248,0.022777384893199665
conilon_EUNAPOLIS,conilon,EUNAPOLIS,1,E4_full,cepea_return,2_Cross_Commodity,0.19944668630658532,0.04627766599597585,0.04260289669036865,0.1055159275071049,0.09610908299764327
conilon_EUNAPOLIS,conilon,EUNAPOLIS,1,E4_full,usd_brl_return,3_Financial_Macro,0.030101271252651784,0.04386317907444668,0.056384723633527756,0.024997232435595377,0.04344972465354208
conilon_EUNAPOLIS,conilon,EUNAPOLIS,1,E4_full,usd_brl_vol_5,3_Financial_Macro,0.017070542814489335,0.02937625754527163,0.09151867032051086,0.028073775056778293,0.04598849022675727
conilon_EUNAPOLIS,conilon,EUNAPOLIS,1,E4_full,selic,3_Financial_Macro,0.018236034001800377,0.02012072434607646,0.021786773577332497,0.05692364982524594,0.020047843975069778
conilon_EUNAPOLIS,conilon,EUNAPOLIS,1,E4_full,vix,3_Financial_Macro,0.01764550862137583,0.016901408450704224,0.02297450229525566,0.017080730644131785,0.019173806455778573
conilon_EUNAPOLIS,conilon,EUNAPOLIS,1,E4_full,vix_change,3_Financial_Macro,0.03509441084641368,0.017706237424547282,0.026366999372839928,0.010883634637641412,0.026389215881266966
conilon_EUNAPOLIS,conilon,EUNAPOLIS,1,E4_full,brent_return,3_Financial_Macro,0.015011754124058798,0.022132796780684104,0.016789311543107033,0.01626029754713519,0.017977954149283312
conilon_EUNAPOLIS,conilon,EUNAPOLIS,1,E4_full,dollar_index_return,3_Financial_Macro,0.02906901971080584,0.023340040241448694,0.018578296527266502,0.03151806503682964,0.023662452159840346
conilon_EUNAPOLIS,conilon,EUNAPOLIS,1,E4_full,sp500_return,3_Financial_Macro,0.015519744172518895,0.0289738430583501,0.010475721210241318,0.041527617116661045,0.01832310281370344
conilon_EUNAPOLIS,conilon,EUNAPOLIS,1,E4_full,ibovespa_return,3_Financial_Macro,0.012293359508157868,0.018108651911468814,0.01785367727279663,0.012618768868328707,0.016085229564141105
conilon_EUNAPOLIS,conilon,EUNAPOLIS,1,E4_full,us_treasury_10y,3_Financial_Macro,0.01974329393401321,0.03340040241448692,0.016626201570034027,0.04411310651409229,0.023256632639511388
conilon_EUNAPOLIS,conilon,EUNAPOLIS,1,E4_full,fed_funds,3_Financial_Macro,0.014914665355859365,0.021730382293762576,0.02488824538886547,0.030314424215881264,0.020511097679495802
conilon_EUNAPOLIS,conilon,EUNAPOLIS,5,E2_cross_commodity,return_1d,1_Own_History,0.0067613484479380394,0.01798225128444652,0.015721015632152557,0.01785475065514036,0.013488205121512373
conilon_EUNAPOLIS,conilon,EUNAPOLIS,5,E2_cross_commodity,return_lag1,1_Own_History,0.002539388110239649,0.015413358243811303,0.009276853874325752,0.009302148228913102,0.009076533409458902
conilon_EUNAPOLIS,conilon,EUNAPOLIS,5,E2_cross_commodity,return_lag2,1_Own_History,0.004930310730541004,0.010976179355441382,0.021712210029363632,0.006737069192763685,0.012539566705115338
conilon_EUNAPOLIS,conilon,EUNAPOLIS,5,E2_cross_commodity,return_lag3,1_Own_History,0.0058667521979614,0.014712751050910789,0.05511970445513725,0.02757147090629631,0.02523306923466981
conilon_EUNAPOLIS,conilon,EUNAPOLIS,5,E2_cross_commodity,return_lag4,1_Own_History,0.018226516984553395,0.024287716020551145,0.03658730536699295,0.03724379365742487,0.02636717945736583
conilon_EUNAPOLIS,conilon,EUNAPOLIS,5,E2_cross_commodity,return_lag5,1_Own_History,0.02889034824765362,0.02008407286314806,0.05523182824254036,0.020100637500263568,0.03473541645111401
conilon_EUNAPOLIS,conilon,EUNAPOLIS,5,E2_cross_commodity,hist_vol_5,1_Own_History,0.29663658148561695,0.08687529191966371,0.12499632686376572,0.11215587266510822,0.16950273342301547
conilon_EUNAPOLIS,conilon,EUNAPOLIS,5,E2_cross_commodity,hist_vol_10,1_Own_History,0.03582619536729486,0.11676786548341897,0.08670305460691452,0.08540473235869211,0.07976570515254279
conilon_EUNAPOLIS,conilon,EUNAPOLIS,5,E2_cross_commodity,hist_vol_20,1_Own_History,0.17939841578898477,0.1503970107426436,0.08805231750011444,0.19672335177579003,0.13928258134391427
conilon_EUNAPOLIS,conilon,EUNAPOLIS,5,E2_cross_commodity,other_variety_return,2_Cross_Commodity,0.007324020116437572,0.015179822512844466,0.050264716148376465,0.013131069963645362,0.024256186259219503
conilon_EUNAPOLIS,conilon,EUNAPOLIS,5,E2_cross_commodity,other_variety_vol_5,2_Cross_Commodity,0.1123914522362923,0.07683325548808968,0.1196424663066864,0.08839206545296854,0.1029557246770228
conilon_EUNAPOLIS,conilon,EUNAPOLIS,5,E2_cross_commodity,soy_return,2_Cross_Commodity,0.02863659756928876,0.05044371788883699,0.05405569076538086,0.03366735467520239,0.044378668741168865
conilon_EUNAPOLIS,conilon,EUNAPOLIS,5,E2_cross_commodity,soy_vol_5,2_Cross_Commodity,0.04296142474138253,0.08150397010742644,0.0647386834025383,0.06092043663825325,0.06306802608378242
conilon_EUNAPOLIS,conilon,EUNAPOLIS,5,E2_cross_commodity,cotton_return,2_Cross_Commodity,0.025318288353049282,0.03619803829985988,0.03395232930779457,0.037143086697957406,0.03182288532023458
conilon_EUNAPOLIS,conilon,EUNAPOLIS,5,E2_cross_commodity,cotton_vol_5,2_Cross_Commodity,0.01392385892077054,0.07099486221391874,0.025373123586177826,0.0506687267381678,0.036763948240289036
conilon_EUNAPOLIS,conilon,EUNAPOLIS,5,E2_cross_commodity,cocoa_return,2_Cross_Commodity,0.010619285012627731,0.04040168145726296,0.027228955179452896,0.026351763350267118,0.02608330721644786
conilon_EUNAPOLIS,conilon,EUNAPOLIS,5,E2_cross_commodity,cocoa_vol_5,2_Cross_Commodity,0.07319583003973937,0.07659971975712283,0.048568300902843475,0.06627817163134081,0.06612128356656856
conilon_EUNAPOLIS,conilon,EUNAPOLIS,5,E2_cross_commodity,ice_coffee_c_return,2_Cross_Commodity,0.012213224253177253,0.037832788416627745,0.024224013090133667,0.021948977745841494,0.024756675253312887
conilon_EUNAPOLIS,conilon,EUNAPOLIS,5,E2_cross_commodity,cepea_return,2_Cross_Commodity,0.09434016139645104,0.05651564689397478,0.058551207184791565,0.08840452016596363,0.06980233849173913
conilon_EUNAPOLIS,conilon,EUNAPOLIS,5,E4_full,return_1d,1_Own_History,0.004040143363216485,0.012195121951219513,0.010755646042525768,0.009876319408156652,0.008996970452320589
conilon_EUNAPOLIS,conilon,EUNAPOLIS,5,E4_full,return_lag1,1_Own_History,0.0014667332589632523,0.004516711833785004,0.004495664965361357,0.002884441775969024,0.003493036686036538
conilon_EUNAPOLIS,conilon,EUNAPOLIS,5,E4_full,return_lag2,1_Own_History,0.0028466199463724794,0.0033875338753387536,0.008694999851286411,0.0022133754676064233,0.004976384557665882
conilon_EUNAPOLIS,conilon,EUNAPOLIS,5,E4_full,return_lag3,1_Own_History,0.004468700022598312,0.0076784101174345075,0.042260512709617615,0.020370512427497857,0.01813587428321681
conilon_EUNAPOLIS,conilon,EUNAPOLIS,5,E4_full,return_lag4,1_Own_History,0.014024734446652875,0.01061427280939476,0.03097742609679699,0.012847991145354246,0.018538811117614875
conilon_EUNAPOLIS,conilon,EUNAPOLIS,5,E4_full,return_lag5,1_Own_History,0.02535468975578452,0.009033423667570008,0.03560703247785568,0.0078705172706526,0.023331715300403403
conilon_EUNAPOLIS,conilon,EUNAPOLIS,5,E4_full,hist_vol_5,1_Own_History,0.27191115360619256,0.06097560975609756,0.09490528702735901,0.09268651059969606,0.14259735012988303
conilon_EUNAPOLIS,conilon,EUNAPOLIS,5,E4_full,hist_vol_10,1_Own_History,0.028948726528774373,0.08626919602529359,0.04132512956857681,0.053067877965213194,0.052181017374214926
conilon_EUNAPOLIS,conilon,EUNAPOLIS,5,E4_full,hist_vol_20,1_Own_History,0.142985936816112,0.0989159891598916,0.05380581319332123,0.09615021385530918,0.09856924638977493
conilon_EUNAPOLIS,conilon,EUNAPOLIS,5,E4_full,other_variety_return,2_Cross_Commodity,0.006958427306470122,0.005420054200542005,0.014044159092009068,0.005482530679623652,0.008807546866340398
conilon_EUNAPOLIS,conilon,EUNAPOLIS,5,E4_full,other_variety_vol_5,2_Cross_Commodity,0.07295535302971438,0.03726287262872629,0.13749368488788605,0.04845295132324145,0.08257063684877557
conilon_EUNAPOLIS,conilon,EUNAPOLIS,5,E4_full,soy_return,2_Cross_Commodity,0.015137410122363668,0.01942186088527552,0.022498374804854393,0.01460151766269685,0.019019215270831193
conilon_EUNAPOLIS,conilon,EUNAPOLIS,5,E4_full,soy_vol_5,2_Cross_Commodity,0.029686761263539013,0.046747967479674794,0.03482121229171753,0.02966224497725357,0.037085313678310444
conilon_EUNAPOLIS,conilon,EUNAPOLIS,5,E4_full,cotton_return,2_Cross_Commodity,0.009188475134566875,0.02009936766034327,0.01879153586924076,0.016024118037317348,0.01602645955471697
conilon_EUNAPOLIS,conilon,EUNAPOLIS,5,E4_full,cotton_vol_5,2_Cross_Commodity,0.009189555423063213,0.054426377597109304,0.02514513209462166,0.03682761216549614,0.029587021704931393
conilon_EUNAPOLIS,conilon,EUNAPOLIS,5,E4_full,cocoa_return,2_Cross_Commodity,0.0045671028097919565,0.023261065943992774,0.01565752550959587,0.01202795235843278,0.014495231421126867
conilon_EUNAPOLIS,conilon,EUNAPOLIS,5,E4_full,cocoa_vol_5,2_Cross_Commodity,0.05443893777372518,0.0535230352303523,0.0360538586974144,0.03687266564377374,0.04800527723383063
conilon_EUNAPOLIS,conilon,EUNAPOLIS,5,E4_full,ice_coffee_c_return,2_Cross_Commodity,0.005889168708619433,0.02100271002710027,0.016332773491740227,0.014139245990725139,0.01440821740915331
conilon_EUNAPOLIS,conilon,EUNAPOLIS,5,E4_full,cepea_return,2_Cross_Commodity,0.07399365836388375,0.036585365853658534,0.03602010756731033,0.06863780399635165,0.04886637726161754
conilon_EUNAPOLIS,conilon,EUNAPOLIS,5,E4_full,usd_brl_return,3_Financial_Macro,0.021937704491505196,0.03003613369467028,0.021426090970635414,0.02520764241987706,0.024466643052270295
conilon_EUNAPOLIS,conilon,EUNAPOLIS,5,E4_full,usd_brl_vol_5,3_Financial_Macro,0.015494981595420069,0.04923215898825655,0.06501953303813934,0.03793781337163717,0.04324889120727199
conilon_EUNAPOLIS,conilon,EUNAPOLIS,5,E4_full,selic,3_Financial_Macro,0.06442877148808249,0.07520325203252033,0.039245013147592545,0.1343215531355753,0.05962567888939846
conilon_EUNAPOLIS,conilon,EUNAPOLIS,5,E4_full,vix,3_Financial_Macro,0.057850196022767725,0.04539295392953929,0.06514328718185425,0.03254188432582414,0.056128812378053755
conilon_EUNAPOLIS,conilon,EUNAPOLIS,5,E4_full,vix_change,3_Financial_Macro,0.003987386355134136,0.016711833785004515,0.01423722505569458,0.008605836623976642,0.011645481731944412
conilon_EUNAPOLIS,conilon,EUNAPOLIS,5,E4_full,brent_return,3_Financial_Macro,0.003628719814759442,0.02055103884372177,0.011098814196884632,0.015165642018984923,0.011759524285121947
conilon_EUNAPOLIS,conilon,EUNAPOLIS,5,E4_full,dollar_index_return,3_Financial_Macro,0.0044842729686016105,0.011517615176151762,0.011722256429493427,0.007091412981645142,0.009241381524748933
conilon_EUNAPOLIS,conilon,EUNAPOLIS,5,E4_full,sp500_return,3_Financial_Macro,0.0040910369003355675,0.013775971093044263,0.009693644009530544,0.0070399020183567525,0.009186884000970124
conilon_EUNAPOLIS,conilon,EUNAPOLIS,5,E4_full,ibovespa_return,3_Financial_Macro,0.004139703393857592,0.018292682926829267,0.010489578358829021,0.009158851348693327,0.010973988226505292
conilon_EUNAPOLIS,conilon,EUNAPOLIS,5,E4_full,us_treasury_10y,3_Financial_Macro,0.02520615791100573,0.06052393857271906,0.02439323626458645,0.06195932299976779,0.03670777758277041
conilon_EUNAPOLIS,conilon,EUNAPOLIS,5,E4_full,fed_funds,3_Financial_Macro,0.016698781378126117,0.04742547425474255,0.04784549027681351,0.080273736005294,0.037323248636560724
conilon_EUNAPOLIS,conilon,EUNAPOLIS,20,E2_cross_commodity,return_1d,1_Own_History,0.006003749558644604,0.017879161528976572,0.019925158470869064,0.008166758527136416,0.01460268985283008
conilon_EUNAPOLIS,conilon,EUNAPOLIS,20,E2_cross_commodity,return_lag1,1_Own_History,0.007189375137441018,0.012535963830661735,0.014954712241888046,0.008457662930855384,0.011560017069996932
conilon_EUNAPOLIS,conilon,EUNAPOLIS,20,E2_cross_commodity,return_lag2,1_Own_History,0.010326612074423301,0.010686395396629675,0.026435986161231995,0.007965790924549085,0.015816331210761658
conilon_EUNAPOLIS,conilon,EUNAPOLIS,20,E2_cross_commodity,return_lag3,1_Own_History,0.005797468845208817,0.01829017673653925,0.02771005593240261,0.013404124760332602,0.017265900504716894
conilon_EUNAPOLIS,conilon,EUNAPOLIS,20,E2_cross_commodity,return_lag4,1_Own_History,0.0070787587181432325,0.017879161528976572,0.02043226733803749,0.017608039071597095,0.015130062528385765
conilon_EUNAPOLIS,conilon,EUNAPOLIS,20,E2_cross_commodity,return_lag5,1_Own_History,0.01129675893016603,0.01952322235922729,0.04727383330464363,0.018327223253960866,0.026031271531345646
conilon_EUNAPOLIS,conilon,EUNAPOLIS,20,E2_cross_commodity,hist_vol_5,1_Own_History,0.09274923501332034,0.08816276202219482,0.11462067067623138,0.10936719004748166,0.09851088923724886
conilon_EUNAPOLIS,conilon,EUNAPOLIS,20,E2_cross_commodity,hist_vol_10,1_Own_History,0.16127273398270525,0.12104397862720921,0.16484378278255463,0.15007996066224935,0.14905349846415636
conilon_EUNAPOLIS,conilon,EUNAPOLIS,20,E2_cross_commodity,hist_vol_20,1_Own_History,0.260021368327763,0.16810521989313604,0.1327681541442871,0.21139938479351958,0.18696491412172875
conilon_EUNAPOLIS,conilon,EUNAPOLIS,20,E2_cross_commodity,other_variety_return,2_Cross_Commodity,0.008119682018177199,0.012124948623099055,0.013828971423208714,0.009659027305467154,0.011357867354828322
conilon_EUNAPOLIS,conilon,EUNAPOLIS,20,E2_cross_commodity,other_variety_vol_5,2_Cross_Commodity,0.07421897154934412,0.07706535141800247,0.07585182040929794,0.07458591066548584,0.07571204779221484
conilon_EUNAPOLIS,conilon,EUNAPOLIS,20,E2_cross_commodity,soy_return,2_Cross_Commodity,0.03063108756076407,0.0396629675297986,0.03444422036409378,0.018369059282806605,0.03491275848488548
conilon_EUNAPOLIS,conilon,EUNAPOLIS,20,E2_cross_commodity,soy_vol_5,2_Cross_Commodity,0.05652822213855942,0.08816276202219482,0.05815356224775314,0.07886634945083627,0.06761484880283579
conilon_EUNAPOLIS,conilon,EUNAPOLIS,20,E2_cross_commodity,cotton_return,2_Cross_Commodity,0.012510374318327662,0.029798602548294285,0.01814989373087883,0.017185787922776564,0.020152956865833592
conilon_EUNAPOLIS,conilon,EUNAPOLIS,20,E2_cross_commodity,cotton_vol_5,2_Cross_Commodity,0.03866428101162278,0.07583230579531443,0.04715447500348091,0.043357762780983536,0.05388368727013937
conilon_EUNAPOLIS,conilon,EUNAPOLIS,20,E2_cross_commodity,cocoa_return,2_Cross_Commodity,0.011561133359682459,0.02424989724619811,0.022286443039774895,0.00919723257399175,0.019365824548551822
conilon_EUNAPOLIS,conilon,EUNAPOLIS,20,E2_cross_commodity,cocoa_vol_5,2_Cross_Commodity,0.14623621863682684,0.09699958898479244,0.08848510682582855,0.13168651530204084,0.11057363814914928
conilon_EUNAPOLIS,conilon,EUNAPOLIS,20,E2_cross_commodity,ice_coffee_c_return,2_Cross_Commodity,0.010373234850144797,0.03329223181257707,0.0250749122351408,0.017136624694117163,0.022913459632620887
conilon_EUNAPOLIS,conilon,EUNAPOLIS,20,E2_cross_commodity,cepea_return,2_Cross_Commodity,0.049420733968735184,0.04870530209617756,0.04760606214404106,0.05517959504981222,0.04857736606965127
conilon_EUNAPOLIS,conilon,EUNAPOLIS,20,E4_full,return_1d,1_Own_History,0.001589649883709279,0.004904632152588556,0.0060963560827076435,0.003814733022134782,0.004196879373001826
conilon_EUNAPOLIS,conilon,EUNAPOLIS,20,E4_full,return_lag1,1_Own_History,0.0016162004950913795,0.005449591280653951,0.004789744503796101,0.002746160607778956,0.00395184542651381
conilon_EUNAPOLIS,conilon,EUNAPOLIS,20,E4_full,return_lag2,1_Own_History,0.0034646920095772493,0.004359673024523161,0.015071649104356766,0.0019039527330533385,0.0076320047128190585
conilon_EUNAPOLIS,conilon,EUNAPOLIS,20,E4_full,return_lag3,1_Own_History,0.0021798248483750567,0.004722979109900091,0.010999939404428005,0.003920856320651026,0.00596758112090105
conilon_EUNAPOLIS,conilon,EUNAPOLIS,20,E4_full,return_lag4,1_Own_History,0.00130678307697375,0.005267938237965486,0.006785016972571611,0.002858543804575819,0.00445324609583695
conilon_EUNAPOLIS,conilon,EUNAPOLIS,20,E4_full,return_lag5,1_Own_History,0.0022536656992940413,0.008719346049046322,0.026361441239714622,0.00506781827095958,0.012444817662684996
conilon_EUNAPOLIS,conilon,EUNAPOLIS,20,E4_full,hist_vol_5,1_Own_History,0.054926241111891524,0.06139872842870118,0.06403875350952148,0.04832781011663544,0.060121241016704734
conilon_EUNAPOLIS,conilon,EUNAPOLIS,20,E4_full,hist_vol_10,1_Own_History,0.07172393225581924,0.08446866485013624,0.03729503974318504,0.05192837991429097,0.06449587894971351
conilon_EUNAPOLIS,conilon,EUNAPOLIS,20,E4_full,hist_vol_20,1_Own_History,0.20281459396368645,0.12334241598546776,0.1015699952840805,0.10645059335582409,0.14257566841107824
conilon_EUNAPOLIS,conilon,EUNAPOLIS,20,E4_full,other_variety_return,2_Cross_Commodity,0.001782935708484854,0.0029064486830154405,0.003354032291099429,0.0021096300042958006,0.002681138894199908
conilon_EUNAPOLIS,conilon,EUNAPOLIS,20,E4_full,other_variety_vol_5,2_Cross_Commodity,0.02345403777470796,0.03505903723887375,0.038766033947467804,0.016387462687928327,0.032426369653683174
conilon_EUNAPOLIS,conilon,EUNAPOLIS,20,E4_full,soy_return,2_Cross_Commodity,0.0031658925476977244,0.011807447774750226,0.007447717245668173,0.0036809028757163356,0.0074736858560387085
conilon_EUNAPOLIS,conilon,EUNAPOLIS,20,E4_full,soy_vol_5,2_Cross_Commodity,0.019481363852641462,0.03978201634877384,0.08201912045478821,0.02612253990804928,0.04709416688540117
conilon_EUNAPOLIS,conilon,EUNAPOLIS,20,E4_full,cotton_return,2_Cross_Commodity,0.004309966152668467,0.010172570390554041,0.005474889185279608,0.005112085227577946,0.006652475242834039
conilon_EUNAPOLIS,conilon,EUNAPOLIS,20,E4_full,cotton_vol_5,2_Cross_Commodity,0.025828389995825502,0.03832879200726612,0.030372874811291695,0.021745988555143345,0.03151001893812777
conilon_EUNAPOLIS,conilon,EUNAPOLIS,20,E4_full,cocoa_return,2_Cross_Commodity,0.001500295541398452,0.008719346049046322,0.00980938971042633,0.002417698383875041,0.006676343766957035
conilon_EUNAPOLIS,conilon,EUNAPOLIS,20,E4_full,cocoa_vol_5,2_Cross_Commodity,0.053522782973005584,0.03451407811080836,0.06116644665598869,0.04226978471572237,0.049734435913267545
conilon_EUNAPOLIS,conilon,EUNAPOLIS,20,E4_full,ice_coffee_c_return,2_Cross_Commodity,0.002966905044383359,0.007447774750227066,0.010442896746098995,0.00400999907402983,0.006952525513569807
conilon_EUNAPOLIS,conilon,EUNAPOLIS,20,E4_full,cepea_return,2_Cross_Commodity,0.019232815346575942,0.022888283378746595,0.041918009519577026,0.05606970542836169,0.028013036081633188
conilon_EUNAPOLIS,conilon,EUNAPOLIS,20,E4_full,usd_brl_return,3_Financial_Macro,0.0026205626212337787,0.007084468664850136,0.006924881599843502,0.0017319725387337315,0.00554330429530914
conilon_EUNAPOLIS,conilon,EUNAPOLIS,20,E4_full,usd_brl_vol_5,3_Financial_Macro,0.016254245195205515,0.035603996366939145,0.03589953854680061,0.025002964895062575,0.029252593369648427
conilon_EUNAPOLIS,conilon,EUNAPOLIS,20,E4_full,selic,3_Financial_Macro,0.2484711938230317,0.15349682107175294,0.11521794646978378,0.25146240619683446,0.17239532045485614
conilon_EUNAPOLIS,conilon,EUNAPOLIS,20,E4_full,vix,3_Financial_Macro,0.0407910272735768,0.06030881017257039,0.036512590944767,0.05489325866839237,0.045870809463638064
conilon_EUNAPOLIS,conilon,EUNAPOLIS,20,E4_full,vix_change,3_Financial_Macro,0.0032612705474248174,0.007084468664850136,0.006699156016111374,0.0033656482675665576,0.005681631742795443
conilon_EUNAPOLIS,conilon,EUNAPOLIS,20,E4_full,brent_return,3_Financial_Macro,0.0016711192689913886,0.008174386920980926,0.009153762832283974,0.0021559028984958284,0.006333089674085429
conilon_EUNAPOLIS,conilon,EUNAPOLIS,20,E4_full,dollar_index_return,3_Financial_Macro,0.002129187664799515,0.009627611262488647,0.035873085260391235,0.0031693767187743684,0.015876628062559798
conilon_EUNAPOLIS,conilon,EUNAPOLIS,20,E4_full,sp500_return,3_Financial_Macro,0.0013315706296446682,0.006357856494096276,0.027262723073363304,0.0026561196205537618,0.011650716732368083
conilon_EUNAPOLIS,conilon,EUNAPOLIS,20,E4_full,ibovespa_return,3_Financial_Macro,0.004792021852073902,0.011625794732061762,0.004748069681227207,0.0034796940150214335,0.007055295421787624
conilon_EUNAPOLIS,conilon,EUNAPOLIS,20,E4_full,us_treasury_10y,3_Financial_Macro,0.12475512260138084,0.10299727520435967,0.07962843030691147,0.09454040891940123,0.10246027603755066
conilon_EUNAPOLIS,conilon,EUNAPOLIS,20,E4_full,fed_funds,3_Financial_Macro,0.05680171024082985,0.08337874659400545,0.07830047607421875,0.1505976022545597,0.07282697763635135
