source,dataset,status,rows,start_date,end_date,file,source_url,note
SEAGRI-BA,Algodão,PARTIAL,12441,2001-11-23,2026-01-21,G:\My Drive\UNEB\PPGMSB\MarcosProducaoCientifica\2026\specialIssues\Machine Learning in Finance\dados_commodities_bahia\seagri_ba\seagri_ba_algodao.csv,https://www.ba.gov.br/seagri/cotacao,2009: page 7: Response ended prematurely
SEAGRI-BA,Cacau (até 15:30h),PARTIAL,12706,2001-12-12,2026-12-01,G:\My Drive\UNEB\PPGMSB\MarcosProducaoCientifica\2026\specialIssues\Machine Learning in Finance\dados_commodities_bahia\seagri_ba\seagri_ba_cacau_ate_15_30h.csv,https://www.ba.gov.br/seagri/cotacao,2016: page 7: Response ended prematurely
SEAGRI-BA,Café Arábica,PARTIAL,28851,2001-03-12,2026-12-01,G:\My Drive\UNEB\PPGMSB\MarcosProducaoCientifica\2026\specialIssues\Machine Learning in Finance\dados_commodities_bahia\seagri_ba\seagri_ba_cafe_arabica.csv,https://www.ba.gov.br/seagri/cotacao,2004: page 3: Response ended prematurely | 2008: page 31: Response ended prematurely | 2011: page 19: Response ended prematurely | 2015: page 9: Response ended prematurely | 2024: page 14: Response ended prematurely
SEAGRI-BA,Café Conillon,PARTIAL,10695,2001-12-14,2026-01-21,G:\My Drive\UNEB\PPGMSB\MarcosProducaoCientifica\2026\specialIssues\Machine Learning in Finance\dados_commodities_bahia\seagri_ba\seagri_ba_cafe_conillon.csv,https://www.ba.gov.br/seagri/cotacao,2019: page 3: Response ended prematurely
SEAGRI-BA,Soja,OK,12185,2001-12-12,2026-12-01,G:\My Drive\UNEB\PPGMSB\MarcosProducaoCientifica\2026\specialIssues\Machine Learning in Finance\dados_commodities_bahia\seagri_ba\seagri_ba_soja.csv,https://www.ba.gov.br/seagri/cotacao,
U.S. EIA,brent_daily,OK,9963,1987-05-20,2026-08-25,G:\My Drive\UNEB\PPGMSB\MarcosProducaoCientifica\2026\specialIssues\Machine Learning in Finance\dados_commodities_bahia\eia\eia_brent_daily.csv,https://www.eia.gov/dnav/pet/hist_xls/RBRTEd.xls,
Yahoo Finance (unofficial API),soybean_futures,OK,6526,2000-09-15,2026-08-27,G:\My Drive\UNEB\PPGMSB\MarcosProducaoCientifica\2026\specialIssues\Machine Learning in Finance\dados_commodities_bahia\yahoo_finance\yahoo_soybean_futures_zs_f.csv,https://finance.yahoo.com/quote/ZS=F,Continuous/nearby market series as provided by Yahoo; verify rollover conventions before publication.
Yahoo Finance (unofficial API),cocoa_futures,OK,6684,2000-01-02,2026-12-08,G:\My Drive\UNEB\PPGMSB\MarcosProducaoCientifica\2026\specialIssues\Machine Learning in Finance\dados_commodities_bahia\yahoo_finance\yahoo_cocoa_futures_cc_f.csv,https://finance.yahoo.com/quote/CC=F,Continuous/nearby market series as provided by Yahoo; verify rollover conventions before publication.
Yahoo Finance (unofficial API),coffee_futures,OK,6682,2000-01-02,2026-12-08,G:\My Drive\UNEB\PPGMSB\MarcosProducaoCientifica\2026\specialIssues\Machine Learning in Finance\dados_commodities_bahia\yahoo_finance\yahoo_coffee_futures_kc_f.csv,https://finance.yahoo.com/quote/KC=F,Continuous/nearby market series as provided by Yahoo; verify rollover conventions before publication.
Yahoo Finance (unofficial API),cotton_futures,OK,6684,2000-01-02,2026-12-08,G:\My Drive\UNEB\PPGMSB\MarcosProducaoCientifica\2026\specialIssues\Machine Learning in Finance\dados_commodities_bahia\yahoo_finance\yahoo_cotton_futures_ct_f.csv,https://finance.yahoo.com/quote/CT=F,Continuous/nearby market series as provided by Yahoo; verify rollover conventions before publication.
Yahoo Finance (unofficial API),corn_futures,OK,6534,2000-07-17,2026-08-27,G:\My Drive\UNEB\PPGMSB\MarcosProducaoCientifica\2026\specialIssues\Machine Learning in Finance\dados_commodities_bahia\yahoo_finance\yahoo_corn_futures_zc_f.csv,https://finance.yahoo.com/quote/ZC=F,Continuous/nearby market series as provided by Yahoo; verify rollover conventions before publication.
Yahoo Finance (unofficial API),sugar_11_futures,OK,6645,2000-01-03,2026-12-08,G:\My Drive\UNEB\PPGMSB\MarcosProducaoCientifica\2026\specialIssues\Machine Learning in Finance\dados_commodities_bahia\yahoo_finance\yahoo_sugar_11_futures_sb_f.csv,https://finance.yahoo.com/quote/SB=F,Continuous/nearby market series as provided by Yahoo; verify rollover conventions before publication.
Yahoo Finance (unofficial API),brent_futures,OK,4749,2007-07-30,2026-08-27,G:\My Drive\UNEB\PPGMSB\MarcosProducaoCientifica\2026\specialIssues\Machine Learning in Finance\dados_commodities_bahia\yahoo_finance\yahoo_brent_futures_bz_f.csv,https://finance.yahoo.com/quote/BZ=F,Continuous/nearby market series as provided by Yahoo; verify rollover conventions before publication.
Yahoo Finance (unofficial API),wti_futures,OK,6531,2000-08-23,2026-08-27,G:\My Drive\UNEB\PPGMSB\MarcosProducaoCientifica\2026\specialIssues\Machine Learning in Finance\dados_commodities_bahia\yahoo_finance\yahoo_wti_futures_cl_f.csv,https://finance.yahoo.com/quote/CL=F,Continuous/nearby market series as provided by Yahoo; verify rollover conventions before publication.
Yahoo Finance (unofficial API),gold_futures,OK,6522,2000-08-30,2026-08-27,G:\My Drive\UNEB\PPGMSB\MarcosProducaoCientifica\2026\specialIssues\Machine Learning in Finance\dados_commodities_bahia\yahoo_finance\yahoo_gold_futures_gc_f.csv,https://finance.yahoo.com/quote/GC=F,Continuous/nearby market series as provided by Yahoo; verify rollover conventions before publication.
Yahoo Finance (unofficial API),vix,OK,9233,1990-01-02,2026-12-08,G:\My Drive\UNEB\PPGMSB\MarcosProducaoCientifica\2026\specialIssues\Machine Learning in Finance\dados_commodities_bahia\yahoo_finance\yahoo_vix_vix.csv,https://finance.yahoo.com/quote/^VIX,Continuous/nearby market series as provided by Yahoo; verify rollover conventions before publication.
Yahoo Finance (unofficial API),sp500,OK,9232,1990-01-02,2026-12-08,G:\My Drive\UNEB\PPGMSB\MarcosProducaoCientifica\2026\specialIssues\Machine Learning in Finance\dados_commodities_bahia\yahoo_finance\yahoo_sp500_gspc.csv,https://finance.yahoo.com/quote/^GSPC,Continuous/nearby market series as provided by Yahoo; verify rollover conventions before publication.
Yahoo Finance (unofficial API),ibovespa,OK,8259,1993-04-27,2026-08-28,G:\My Drive\UNEB\PPGMSB\MarcosProducaoCientifica\2026\specialIssues\Machine Learning in Finance\dados_commodities_bahia\yahoo_finance\yahoo_ibovespa_bvsp.csv,https://finance.yahoo.com/quote/^BVSP,Continuous/nearby market series as provided by Yahoo; verify rollover conventions before publication.
Yahoo Finance (unofficial API),usd_brl,OK,5484,2003-01-12,2026-12-08,G:\My Drive\UNEB\PPGMSB\MarcosProducaoCientifica\2026\specialIssues\Machine Learning in Finance\dados_commodities_bahia\yahoo_finance\yahoo_usd_brl_brl_x.csv,https://finance.yahoo.com/quote/BRL=X,Continuous/nearby market series as provided by Yahoo; verify rollover conventions before publication.
Yahoo Finance (unofficial API),us_dollar_index,OK,9341,1990-01-01,2026-12-08,G:\My Drive\UNEB\PPGMSB\MarcosProducaoCientifica\2026\specialIssues\Machine Learning in Finance\dados_commodities_bahia\yahoo_finance\yahoo_us_dollar_index_dx_y_nyb.csv,https://finance.yahoo.com/quote/DX-Y.NYB,Continuous/nearby market series as provided by Yahoo; verify rollover conventions before publication.
